id;rawId;name;city;categoryName;subcategoryName;deleted;STATE;ID_RECOMMENDED_BUSINESS_STATE;tab_url;main_url;gallery_urls
757;la_croquetta;  La Croquetta;Madrid;Restaurantes;Tradicionales, Español;0;4;4;18092;18093;18094
426;_11th_principe_by_splendom;11th Príncipe by Splendom;Madrid;Alojamiento;Apartamentos, Wifi;1;4;4;16537;16538;16540,16541,16542,16543,16544
4831;_apartamentos_casa_alta; Apartamentos Casa Alta;Ronda;Alojamiento;Apartamentos;1;3;3;44061;44059;44058,44060
4833;_casa_la_marabulla; Casa La Marabulla;Ronda;Alojamiento;Camping y Casa rural;0;3;3;44112;44113;44111
5608;_el_higueron; El Higuerón;Málaga;Restaurantes;Tradicionales, Español, Restaurantes;0;4;4;49054;49055;49053,49056,49057
1745;_segway_tour_sightseeing_3_horas);Segway Tour Sightseeing (3 HORAS);Madrid;Ocio y eventos;Experiencias y actividades, Naturaleza, Cultura, Ocio;0;4;3;18756;18751;18750,18752,18753,18754,18755
676;_trekking; Trekking;Madrid;Ocio y eventos;Experiencias y actividades;0;4;4;15764;15765;15766,15768,15769
5475;#ingoya;#InGoya;Madrid;Ocio y eventos;Exposiciones;0;3;3;;;
17662;ia_3491;& Other Stories;Madrid;Compras;Ropa y accesorios, Colecciones de moda, accesorios, fragancias;0;3;3;;;
18655;1_hora_madrid_bienvenida_y_tour_historico_-_madrid;1 Hora Madrid Bienvenida y Tour Histórico - Madrid;Madrid;Experiencias Unicas;Tour guiado (general);0;1;1;;;
18659;ia_4881;10 - Visita guiada de un día Marruecos y Andalucía desde Madrid - Madrid;Madrid;Experiencias Unicas;Excursión de día (Day trip);0;1;1;;;
3865;101_kms_la_legion;101 kms La Legión;Ronda;Ocio y eventos;Eventos;0;4;4;31939;31940;25584
18660;ia_4883;11 días Castilla, Galicia, Portugal, Andalucía y Toledo desde Madrid - Madrid;Madrid;Experiencias Unicas;Tour de 11 días;0;1;1;;;
14530;ia_110;11 Nudos Terraza Nordes;Madrid;Restaurantes;Mediterránea, Española, Cócteles, Tapas Modernas, Cocina Mediterránea;0;3;3;74587;74583;74584,74585,74586
18661;ia_4884;14 días Galicia Portugal y Andalucía desde Madrid - Madrid;Madrid;Experiencias Unicas;Experiencia gastronómica (general);0;1;1;;;
4280;1862_dry_bar;1862 Dry Bar;Madrid;Fiesta;Bares de copas;0;4;4;36536;36535;36534,36537,36538,36539,36540,36541,36542,36543
18662;ia_4885;2 días Cáceres y Sevilla desde Madrid - Madrid;Madrid;Experiencias Unicas;Cata/Maridaje de vino / Bodega;0;1;1;;;
17688;ia_3517;2 en 1 Madrid Art Tour Museos del Prado y Reina Sofía;Madrid;Arte y Cultura;Museo de arte moderno / contemporáneo, Las Meninas, El Bosco, Guernica;0;3;3;;;
14959;ia_543;2 Tierras Madrid;Madrid;Restaurantes;Mediterranea, Comida Fusión;0;3;3;;;
17689;ia_3518;2-Horas Paseo a Pie sobre la Historia del Madrid Medieval islámico: los orígenes;Madrid;Arte y Cultura;Barrio de Austrias (ruta a pie), Plaza Mayor, Palacio Real;0;3;3;;;
1023;2060_the_newton_hostel;2060 The Newton Hostel;Madrid;Alojamiento;Low cost;0;4;4;14262;14263;
17244;ia_3064;222 Tattoo Madrid;Madrid;Compras;"Tatuajes y piercings, Estudio internacional; Tatuajes artísticos; Atención cercana";0;3;3;;;
17215;ia_3035;27 Barber Shop;Madrid;Compras;"Peluquerías y barberías, Barbería moderna; Estilo urbano; Atención personalizada";0;3;3;;;
3510;27_charcos_de_damajagua;27 Charcos de Damajagua;Santo Domingo;Ocio y eventos;Experiencias y actividades;0;4;4;22684;22685;22686,22687,22688,22689,22690,22691,22692,22693
18663;ia_4887;3 horas en bicicleta desde el centro de la ciudad hasta el Santiago Bernabéu y su museo - Madrid;Madrid;Experiencias Unicas;Tour/experiencia (general);0;1;1;;;
17049;ia_2869;3-Events Diseño y Comunicación SL;Madrid;Eventos;Agencia de comunicación y eventos;0;3;3;;;
18664;ia_4888;30 Minutos de Aventura en Moto de Agua en la Costa de Murcia - Madrid;Madrid;Experiencias Unicas;Actividad de aventura;0;1;1;;;
3140;3345_sound_restaurant_malaga;3345 Sound Restaurant Málaga;Málaga;Restaurantes;Top;0;1;3;20664;20663;20665,20666,20667,20668,20669,20670,20671,20672
16402;ia_2039;4 Bares originales Madrid (vídeo múltiple);Madrid;Restaurantes;Internacional, Coctelería;0;3;3;;;
18665;ia_4890;4 días en Valencia y Barcelona desde Madrid - Madrid;Madrid;Experiencias Unicas;Cata/Maridaje de vino / Bodega;0;1;1;;;
17690;ia_3519;4 horas totalmente personalizable historia y las leyendas de Madrid a pie;Madrid;Arte y Cultura;Arquitectura / edificio emblemático, Según elección del visitante;0;3;3;;;
14945;ia_529;44 SUSHI BAR;Madrid;Restaurantes;Japonesa, Sushi, Sashimi;0;3;3;;;
1556;4elementos;4Elementos;Madrid;Compras;Tiendas, Para ti, Moda, Otro;0;4;3;18335;18333;
115;4every1_festival_;4every1 Festival;Madrid;Fiesta;Festivales, Exposiciones;1;4;4;12392;12391;12389,12390
14559;ia_62;5 Senses by Hielo y Carbón;Madrid;Restaurantes;Internacional, Cocina Internacional, Cócteles;0;3;3;;;
1396;50_project_skatepark;50 project skatepark;Madrid;Ocio y eventos;Experiencias y actividades;0;3;3;16713;16714;16715,16718,16719,16720
19201;ia_5565;511 Events;Madrid;Experiencias Unicas;Clase/Taller (general);0;1;1;;;
5852;528;528;Ibiza;Restaurantes;Trendy, Mediterranea, Restaurantes;0;3;3;49603;;49604
18666;ia_4892;6 días Extremadura Clásica sin conductor desde Madrid - Madrid;Madrid;Experiencias Unicas;Tour de 6 días;0;1;1;;;
5316;6_reales_aranjuez;6 Reales Aranjuez;Aranjuez;Restaurantes;Trendy, Español, Restaurantes;0;3;3;;;47931,47932,47933,47934,47935,47936,47937,47938,47939,47940
15936;ia_1553;68 Yong Tai;Madrid;Restaurantes;"China, Tallarines; Dim Sum; Pato";0;3;3;;;
18667;ia_4895;7 días de Madrid a Andalucía Autoconducción desde Madrid - Madrid;Madrid;Experiencias Unicas;Clase/Taller (general);0;1;1;;;
1260;71_gramercy_;71 Gramercy;Filipinas;Fiesta;Discotecas;0;1;3;16781;16782;16783,16784,16785
5037;71_oyster_bar_;71 Oyster Bar;Barcelona;Restaurantes;Top;0;3;3;45300;45302;45060,45061,45062,45063,45064,45066,45067,45068,45069,45299,45301
5624;7ª_y_8ª_pruebas_del_xx_circuito_provincia_orientacion_diputacion_de_malaga_;7ª y 8ª Pruebas del XX Circuito Provincia Orientación Diputación de Málaga;Ronda;Ocio y eventos;Eventos;0;3;3;49131;49129;
14639;ia_182;8020 Restaurante Vinos Bar;Madrid;Restaurantes;Española / Moderna, Vinos, Tapas modernas, Cocina de mercado;0;3;3;;;
15963;ia_1580;809 Madrid Bar Restaurante;Madrid;Restaurantes;"Caribeña, Mofongo; Sancocho; Plátanos";0;3;3;;;
18668;ia_4898;9 Días Corazón de España Autoconducción desde Madrid - Madrid;Madrid;Experiencias Unicas;Tour de 9 días;0;1;1;;;
18318;ia_4366;95 ART GALLERY;Madrid;Arte y Cultura;Museo de arte contemporáneo, arte contemporáneo emergente, arte emergente, inauguraciones colectivas, Pintura, fotografía, instalación de artistas emergentes;0;1;1;73453;73452;
585;99_sushi_bar;99 Sushi Bar;Madrid;Restaurantes;Top, Japonés, Restaurantes, Restaurant & Club;0;4;4;15819;15820;15821,15822,15824
14911;ia_490;99 Sushi Bar Hermosilla;Madrid;Restaurantes;Japonesa, Sushi de autor, Sashimi;0;3;3;;;
15870;ia_1464;99 Sushi Bar Padre Damián;Madrid;Restaurantes;Japonesa, Sushi, Cocina japonesa;0;3;3;;;
6138;9cca51ca-bfd8-4517-885d-48d06d4dcf29;9cca51ca-bfd8-4517-885d-48d06d4dcf29;Madrid;Fiesta;Discotecas, Festivales;0;1;3;;;
16873;ia_2642;<b>Apartamentos Blume Conde Aranda</b>: elegancia en el barrio Salamanca;Madrid;Alojamiento;"Apartamentos turísticos, Cocina equipada; Atención personalizada";0;3;3;;;
16843;ia_2606;<b>Bastardo Hostel</b> Malasaña: arte, terraza y diseño;Madrid;Alojamiento;"hostel, Bar terraza; Eventos culturales";0;3;3;;;
16861;ia_2630;<b>Blacky Madrid</b>: hotel urbano moderno en Latina;Madrid;Alojamiento;"Hotel Urbano, Bar; WiFi alta velocidad";0;3;3;;;
16868;ia_2637;<b>Bob W Madrid Chueca</b>: apartamentos boutique en el corazón de Madrid;Madrid;Alojamiento;"Apartamentos de diseño, Cocina equipada; Check-in digital";0;3;3;;;
16883;ia_2652;<b>Casa du Soleil</b>: hostal boutique con encanto en el centro de Madrid;Madrid;Alojamiento;"Hostal boutique de diseño, Desayuno; WiFi";0;3;3;;;
16870;ia_2639;<b>Con Alquiler</b>: villas y apartamentos de lujo en Madrid;Madrid;Alojamiento;"Gestor de apartamentos y villas, Concierge; Villas premium";0;3;3;;;
16863;ia_2632;<b>El Punto Guay</b>: hostal moderno con rooftop en Madrid;Madrid;Alojamiento;"Hostal Boutique, Rooftop; Gastrobar";0;3;3;;;
16862;ia_2631;<b>Eurostars Monte Real</b>: hotel con spa y jardines en Madrid;Madrid;Alojamiento;"Hotel 4★ Spa, Spa; Jardines";0;3;3;;;
16867;ia_2636;<b>Exquisite Villa With Parking</b>: lujo y tranquilidad en Madrid;Madrid;Alojamiento;"Villa privada, Parking; Jardín";0;3;3;;;
16851;<b>four_seasons_hotel_madrid</b>:_lujo_historico_y_rooftop;<b>Four Seasons Hotel Madrid</b>: lujo histórico y rooftop;Madrid;Alojamiento;Hoteles, Hotel 5★ Lujo;0;3;3;;;74093
16845;ia_2608;<b>Generator Madrid</b>: hostel premium con rooftop;Madrid;Alojamiento;"hostel, Rooftop bar; Restaurante propio";0;3;3;;;
16876;ia_2645;<b>Gran View Apartments</b>: lujo y vistas únicas en Gran Vía;Madrid;Alojamiento;"Apartamentos de lujo / Serviced apartments, Piscina; Rooftop";0;3;3;;;
16878;ia_2647;<b>Homeclub Apartments</b>: lujo y diseño en Madrid;Madrid;Alojamiento;"Apartamentos de lujo, Concierge; Limpieza diaria";0;3;3;;;
16889;ia_2658;<b>Hostal Aresol</b>: tradición y ubicación junto a Sol;Madrid;Alojamiento;"Hostal tradicional 2★, WiFi; Ubicación central";0;3;3;;;
16888;ia_2657;<b>Hostal Falfes</b>: comodidad y precio en Tetuán;Madrid;Alojamiento;"Hostal económico 1★, WiFi; Aire acondicionado";0;3;3;;;
16880;ia_2649;<b>Hostal Granado</b>: confort y hospitalidad en Madrid Sur;Madrid;Alojamiento;"Restaurante; Parking, Hostal urbano moderno";0;3;3;;;
16881;ia_2650;<b>Hostal María Ronda</b>: confort y trato familiar en Madrid Sur;Madrid;Alojamiento;"Hostal urbano 3★, WiFi; Parking";0;3;3;;;
16853;ia_2617;<b>Hostelfly</b> Madrid: hostel práctico junto al aeropuerto;Madrid;Alojamiento;"Hostel económico, Transfer gratuito; Recepción 24h";0;3;3;;;
16866;ia_2635;<b>Hotel Aravaca Village</b>: confort y elegancia en Madrid;Madrid;Alojamiento;"Hotel 4★, Gimnasio; Restaurante";0;3;3;;;
16875;ia_2644;<b>Hotel Concordy</b>: confort y buena conexión en Madrid;Madrid;Alojamiento;"Hotel 2★, Restaurante; Parking";0;3;3;;;
16865;ia_2634;<b>Hotel Exe Zarzuela Park</b>: descanso y naturaleza en Madrid;Madrid;Alojamiento;"Hotel 3★, Piscina; Restaurante";0;3;3;;;
16893;ia_2662;<b>Hotel ILUNION Atrium</b>: diseño y piscina en Ciudad Lineal;Madrid;Alojamiento;"Hotel 4★ moderno de negocios, Piscina exterior; Gimnasio";0;3;3;;;
16895;ia_2664;<b>Hotel Montera Madrid</b>: lujo Hilton con rooftop y piscina;Madrid;Alojamiento;"Hotel 5★ lifestyle, Piscina rooftop; Skybar 360°";0;3;3;;;
16894;ia_2663;<b>Hotel Ópera</b>: elegancia y vistas junto al Teatro Real;Madrid;Alojamiento;"Hotel 4★ clásico urbano, Habitaciones con jacuzzi; Terraza panorámica";0;3;3;;;
16896;ia_2665;<b>Hotel Praga</b>: confort 4★ junto a Madrid Río;Madrid;Alojamiento;"Hotel 4★ urbano, Restaurante; Parking privado";0;3;3;;;
16854;ia_2618;<b>Hotel Villa Real</b> Madrid: arte y lujo clásico;Madrid;Alojamiento;"Hotel 5★ Clásico, Restaurante East 47; Galería de arte";0;3;3;;;
16849;ia_2612;<b>ibis Madrid Aeropuerto Barajas</b>: funcional y cómodo;Madrid;Alojamiento;"hotel economico, Shuttle gratuito; Desayuno buffet";0;3;3;;;
16885;ia_2654;<b>ICON Madrid</b>: hotel boutique moderno en el corazón de Madrid;Madrid;Alojamiento;"Hotel boutique 4★ contemporáneo, Restaurante; Bar";0;3;3;;;
16847;ia_2610;<b>Ikos Resorts</b> Madrid: lujo todo incluido;Madrid;Alojamiento;"Resort, Spa Anne Semonin; Infinite Lifestyle";0;3;3;;;
16890;ia_2659;<b>Ivory Escapes</b>: apartamentos de lujo con concierge en Salamanca;Madrid;Alojamiento;"Apartamentos de lujo / Serviced apartments, Concierge; Limpieza";0;3;3;;;
16846;ia_2609;<b>L&H Callao Selection</b> Madrid: suites urbanas;Madrid;Alojamiento;"Apartamentos turísticos, Cocina equipada; Recepción 24h";0;3;3;;;
16882;ia_2651;<b>Livensa Living Aravaca</b>: residencia estudiantil con estilo en Madrid;Madrid;Alojamiento;"Residencia de estudiantes moderna, Piscina; Coworking";0;3;3;;;
16859;ia_2623;<b>Living Cohousing</b> Madrid: comunidad sostenible y moderna;Madrid;Alojamiento;"Coliving / Vivienda compartida, Talleres; Cocina compartida";0;3;3;;;
16879;ia_2648;<b>Madrid Plaza Apartments</b>: diseño y confort junto a Plaza España;Madrid;Alojamiento;"Apartamentos turísticos, Cocina; Terraza";0;3;3;;;
16874;ia_2643;<b>MadridEasy</b>: coliving y apartamentos para estudiantes en Madrid;Madrid;Alojamiento;"Residencia/Apartamentos para estudiantes, Limpieza; Atención 24h";0;3;3;;;
16892;ia_2661;<b>Mandarin Oriental Ritz Madrid</b>: lujo 5★ frente al Retiro;Madrid;Alojamiento;"Hotel 5★ lujo histórico, Spa; Restaurante Michelin";0;3;3;;;
16852;ia_2616;<b>Mola! Hostel</b> Madrid: joven, moderno y social;Madrid;Alojamiento;"hostel, Desayuno buffet; Actividades sociales";0;3;3;;;
16872;ia_2641;<b>Plaza España Skyline</b>: apartamentos con vistas y piscina en Madrid;Madrid;Alojamiento;"Apartamentos de lujo, Piscina; Gimnasio";0;3;3;;;
16850;ia_2614;<b>Restaurante Santo Mauro</b>: alta cocina y elegancia;Madrid;Alojamiento;"Restaurante de hotel, Menú degustación; Coctelería";0;3;3;;;
16869;ia_2638;<b>Rightplace San Mateo</b>: apartamentos modernos en el centro de Madrid;Madrid;Alojamiento;"Apartamentos turísticos, Cocina; Limpieza";0;3;3;;;
16877;ia_2646;<b>Roisa Centro</b>: apartamentos turísticos en Chamberí;Madrid;Alojamiento;"Apartamentos turísticos, Cocina; Limpieza";0;3;3;;;
16887;ia_2656;<b>Room Mate Mario</b>: diseño pop junto al Teatro Real;Madrid;Alojamiento;"Hotel contemporáneo 2★, Desayuno hasta las 12; WiFi";0;3;3;;;
16842;ia_2605;<b>room00 Gran Vía Hostel</b> en Madrid centro;Madrid;Alojamiento;"hostel, Coworking; Desayuno continental";0;3;3;;;
16844;ia_2607;<b>Room007 Ventura Hostel</b> Madrid: joven y urbano;Madrid;Alojamiento;"hostel, Restaurante propio; Recepción 24h";0;3;3;;;
16891;ia_2660;<b>Rural Rentals SL</b>: alquiler rural y turístico en España;Madrid;Alojamiento;"Portal de alojamientos rurales (multi-propiedad), Atención personalizada; Motor de reservas";0;3;3;;;
16848;ia_2611;<b>Santo Mauro</b> Luxury Collection Hotel Madrid;Madrid;Alojamiento;"Hotel 5★, Restaurante gourmet; Jardines privados";0;3;3;;;
16871;ia_2640;<b>Sonder Malasaña</b>: apartamentos de diseño en el centro de Madrid;Madrid;Alojamiento;"Apartamentos turísticos, Cocina equipada; Check-in digital";0;3;3;;;
16864;ia_2633;<b>The Oliver Apartamentos</b> Aravaca: confort y diseño en Madrid;Madrid;Alojamiento;"Apartamentos turísticos, Parking; Cocina equipada";0;3;3;;;
16884;ia_2653;<b>TimesRoom Madrid</b>: diseño y privacidad en alojamiento flexible;Madrid;Alojamiento;"Hotel por horas / Short-stay hotel, Check-in digital; WiFi";0;3;3;;;
16886;ia_2655;<b>UMusic Hotel Madrid</b>: hotel 5★ con rooftop y piscina;Madrid;Alojamiento;"Hotel 5★ temático, Piscina rooftop; Teatro Albéniz";0;3;3;;;
16858;ia_2622;<b>Unique Houses</b> Madrid: diseño, privacidad y exclusividad;Madrid;Alojamiento;"Viviendas singulares, Concierge; Rooftop";0;3;3;;;
16856;ia_2620;<b>Urban Campus Atocha</b>: coliving con coworking en Madrid;Madrid;Alojamiento;"Coworking; Gimnasio, Coliving";0;3;3;74629;74628;74627,74630,74631
16860;ia_2624;<b>Urban Campus Malasaña</b>: coliving creativo en el centro de Madrid;Madrid;Alojamiento;"Coliving, Coworking; Rooftop";0;4;4;74632;74633;74634,74635,74636
16855;ia_2619;<b>Urban Campus</b> Avenida América: coliving moderno en Madrid;Madrid;Alojamiento;"Coliving / Residencia, Coworking; Gimnasio";0;3;3;;;
16857;ia_2621;<b>Villas del Encinar</b>: exclusividad y confort en Madrid Norte;Madrid;Alojamiento;"Apartamentos / Villas, Piscina; Seguridad 24h";0;3;3;;;
5252;a_barra_;A barra ;Madrid;Restaurantes;Top, Español, Vegetariano, Restaurantes;0;4;4;47455;47454;47453,47456,47457,47458,47459,47460,47461,47462
5865;a_mi_manera;A mi Manera;Ibiza;Restaurantes;Top, Tradicionales, Mediterranea, Restaurantes;0;3;3;49655;;
17257;ia_3077;A mi que fruta;Madrid;Compras;"Fruterías y verdulerías, Frutería moderna; Frutas selectas; Servicio personalizado";0;3;3;;;
15445;ia_1030;A ñora;Madrid;Restaurantes;Mediterránea, Local Cuisine, Platos mediterráneos, Tapas creativas;0;3;3;;;
15991;ia_1608;A Ñora;Madrid;Restaurantes;"Mediterranea, Arroces; Tapas; Carnes";0;3;3;;;
15761;ia_1355;A Pulpeira;Madrid;Restaurantes;Gallega, Mariscos, Cocina gallega;0;3;3;;;
16474;ia_2156;A Ri Rang;Madrid;Restaurantes;Coreana / Asiática, Cocina tradicional coreana;0;3;3;;;
114;a_summer_story_;A Summer Story ;Madrid;Fiesta;Festivales, Electrónica, Comercial, Otro;0;4;4;15788;15789;
16444;ia_2112;A Toda Mesa — ATM Burger (Leganés);Madrid;Restaurantes;Americana / Hamburguesas, Hamburgueserías / Food truck;0;3;3;;;
3591;a_tu_bola_;A TU BOLA ;Barcelona;Restaurantes;Low cost, Fusión, Restaurantes;0;4;4;23258;23264;23259,23260,23261,23262,23263,23265,23266,23267
14876;ia_452;A vÁnvera;Madrid;Restaurantes;Internacional, Platos internacionales;0;3;3;;;
1017;ayb_hostel_principe_pio;A&B Hostel Principe Pio;Madrid;Alojamiento;Low cost;0;4;4;16967;16968;16969,16970
14539;a'barra;A'Barra;Madrid;Restaurantes;Degustación, Comida Fusión;0;4;4;;;74463,74464,74465,74466
15801;ia_1395;A'Cañada;Madrid;Restaurantes;Española, Tapas, Cocina tradicional;0;3;3;;;
15796;ia_1390;A'Kangas by Urrechu;Madrid;Restaurantes;Española, Carnes, Parrilla;0;3;3;;;
17047;ia_2867;AAVV La Vecinal del Barrio Bilbao y Pueblo Nuevo;Madrid;Eventos;Asociación vecinal;0;3;3;;;
455;abc_serrano;ABC Serrano;Madrid;Compras;Centros comerciales;0;4;4;16457;16458;16459,16460
15364;ia_949;Ablanedo;Madrid;Restaurantes;Española, Arroces, Carnes, Pescados;0;3;3;;;
15400;ia_985;AbonaVida;Madrid;Restaurantes;Española, Ensaladas, Bowls, Brunch;0;3;3;;;
163;ac_hotel_aitana_by_marriott_4;AC Hotel Aitana by Marriott 4*;Madrid;Alojamiento;Hoteles;0;4;4;18163;18164;18165,18166,18167,18168
164;ac_hotel_madrid_feria_by_marriott_4;AC Hotel Madrid Feria by Marriott 4*;Madrid;Alojamiento;Hoteles;0;4;4;17630;17631;17632,17633,17634,17635
3217;ac_hotel_malaga_palacio;AC Hotel Málaga Palacio;Málaga;Alojamiento;Hoteles;0;1;3;21086;21084;21083,21085,21087,21088,21089,21090,21091,21092
165;ac_hotel_recoletos_by_marriott;AC Hotel Recoletos by Marriott;Madrid;Alojamiento;Hoteles;0;4;4;16878;16879;16880,16881,16882,16883
81;ac_palacio_del_retiro_5;AC Palacio del Retiro 5*;Madrid;Alojamiento;Hoteles;1;4;4;;;16266,16267,16268
171;ac_santo_mauro_5;AC Santo Mauro 5*;Madrid;Alojamiento;Hoteles, Restaurante, Spa, Concierge, Traslados;0;4;4;15690;15691;15692,15693
17676;ia_3505;AceitePaTuCoche.com;Madrid;Compras;Accesorios y recambios de automóvil, Venta de aceites, aditivos, productos para motor;0;3;3;;;
3184;acinipo;Acinipo;Málaga;Qué ver;Plazas y monumentos, Arquitectura;0;4;4;20897;20900;20896,20898,20899,20901,20902,20903,20904,20905
5370;acinipo__ronda_la_vieja_;Acinipo, Ronda la Vieja ;Málaga;Qué ver;Arquitectura: plazas y monumentos;0;3;3;;48302;
17600;ia_3429;Acoser Máquinas de Coser, S.L.;Madrid;Compras;Hogar y Decoración, Reparación, repuestos, formación básica;0;3;3;;;
19211;ia_5575;Action Live;Madrid;Experiencias Unicas;Paintball;0;1;1;73783;73781;73782
16911;ia_2681;Actuación flamenca íntima;Madrid;Eventos;Espectáculo flamenco en tablao;0;3;3;;;
4805;ad_hoc_;Ad Hoc ;Madrid;Compras;Tiendas, Marcas y Productos Locales;0;3;3;;;
15654;ia_1248;Adaly;Madrid;Restaurantes;Mediterránea / Creativa, Arroces / Pescados / Carnes;0;3;3;;;
15403;ia_988;Aderezo 37;Madrid;Restaurantes;Española, Carnes, Guisos, Tapas;0;3;3;;;
17544;ia_3365;Adler Watches;Madrid;Compras;"Joyería y relojería de lujo, Joyas suizas; Relojes exclusivos; Diseño creativo";0;3;3;;;
5855;adlib_fashion_boutiques;Adlib fashion boutiques;Ibiza;Compras;Zonas de compras;0;4;3;49622;49621;49623,49624,49625,49626
17330;ia_3151;Adolfo Domínguez;Madrid;Compras;"Ropa y accesorios, Moda sostenible; Diseño atemporal; Prendas de autor";0;3;3;;;
15123;ia_707;Adrak Indian Cuisine;Madrid;Restaurantes;Internacional, Currys | Tandoori | Biryani | Naan;0;3;3;;;
14741;ia_293;Adrede;Madrid;Restaurantes;Mediterránea, Española, Tapas gourmet, Carnes;0;3;3;;;
3837;adrian_tropical_lincoln;Adrian Tropical Lincoln;Santo Domingo;Restaurantes;Tradicionales;0;4;4;25385;25382;25381,25383,25384,25386,25387,25388,25389,25390
15529;ia_1116;Aduana - Hotel Fénix Gran Meliá;Madrid;Restaurantes;Mediterranea, Alta cocina;0;3;3;;;
5155;adults_only__hollywood;Adults Only, Hollywood;Filipinas;Fiesta;Discotecas;0;4;4;46306;46314;46307,46308,46309,46310,46311,46312,46313,46315
5404;aerodifusion_;AERODIFUSIÓN ;Madrid;Ocio y eventos;Experiencias y actividades, Ocio, Otro;0;3;3;48425;48427;48423,48424,48428
1756;aerosmith;AEROSMITH;Madrid;Ocio y eventos;Conciertos, Rock, Musical;1;4;3;18817;18818;18815,18816
17479;ia_3300;Aerowatch;Madrid;Compras;"Joyería y relojería de lujo, Relojes clásicos; Producción familiar; Tradición artesanal";0;3;3;;;
4043;africa_centro_de_estetica;Africa Centro de Estética;Ronda;Experiencias y Actividades;Experiencias y Actividades, Comercios, productos locales y artesanía;0;1;1;41834;31391;31386,31387,31388,31389,31390
5708;after_brunch_;After Brunch ;Madrid;Ocio y eventos;Espectáculos, Musical;1;3;3;;;
14843;ia_417;Agarimo;Madrid;Restaurantes;Gallega, Mariscos, Carnes;0;3;3;;;
3946;àgora_3_galeria_de_arte;ÀGORA 3 Galería de arte;Barcelona;Compras;Galerías de arte;0;4;4;28574;28561;28557,28558,28560,28562,28563,28564,28565,28566
17068;ia_2889;AGORA BIKES;Madrid;Compras;Bicicletas y accesorios, Venta y reparación de bicicletas, Accesorios y customización, Servicios de asesoramiento ciclista;0;3;3;;;
17078;ia_2899;AGORA BIKES;Madrid;Compras;"Bicicletas y accesorios, Venta de bicicletas urbanas; Taller de reparación y personalización; Asesoría de accesorios";0;3;3;;;
3281;agora_mall;Agora Mall;Santo Domingo;Restaurantes, Compras, Ocio y eventos;Ferias, Centros comerciales, Tiendas, Experiencias y actividades, Exposiciones y Espectaculos, Cines y Teatros y Salas de concierto;0;4;4;21471;21470;21472,21473,21474,21475,21476,21477,21478,21479
1390;agrado_cabaret;Agrado Cabaret;Madrid;Fiesta;Bares de copas, Salas de concierto;0;4;3;15626;15627;15628,15629,15632,15633,15635,15640,15641,15642,15643
5968;agroturismo_atzaro_ibiza;Agroturismo ATZARO ibiza;Ibiza;Alojamiento;Hoteles;0;4;3;49975;49976;49977,49978
5964;aguamar_water_park;Aguamar Water Park;Ibiza;Qué ver;Cool Places;0;4;3;49939;49938;49940,49941,49942
4116;aguas_de_ronda;Aguas de Ronda;Ronda;Experiencias y Actividades;Experiencias y Actividades;0;4;4;34326;34329;34327,34328,34334,34335
5293;aguatinta;Aguatinta;Aranjuez;Restaurantes;Top;0;3;3;;;47777,47778,47779,47780,47781,47782,47783,47784,47785,47786
17281;ia_3101;Aiana Larocca Moda Infantil;Madrid;Compras;"Moda infantil y bebés, Moda infantil; Estilo elegante; Prendas exclusivas";0;3;3;;;
17311;ia_3132;Ailanto;Madrid;Compras;"Ropa y accesorios, Moda de autor; Ediciones limitadas; Diseño exclusivo";0;3;3;;;
14885;ia_462;Ainhoa;Madrid;Restaurantes;Vasca, Bacalao, Chuletón, Pintxos;0;3;3;;;
1056;aio_;Aió ;Madrid;Restaurantes;Low cost, Italiano, Restaurantes;1;4;4;15875;15876;15877
14724;ia_274;Ají & Sillao;Madrid;Restaurantes;Peruana, Japonesa, Ceviches, Sushi;0;3;3;;;
16822;ia_2575;Akeah Hotel;Madrid;Alojamiento;Hoteles, Terraza oculta con cócteles;0;3;3;;;
16758;ia_2513;Akeah Hotel Gran Vía;Madrid;Alojamiento;Design Hotel, Diseño moderno, bar;0;3;3;;;
18538;ia_5731;Akenay;Madrid;Wellness;Centro de estética;0;1;1;;;
17220;ia_3040;Akios Barber;Madrid;Compras;"Peluquerías y barberías, Barbería internacional; Estilo contemporáneo; Cortes exclusivos";0;3;3;;;
14763;ia_323;Aklla - Tapas Peruanas;Madrid;Restaurantes;Peruana, Ceviches, Tapas;0;3;3;;;
14666;ia_211;Al Alma;Madrid;Restaurantes;Mediterránea / Saludable, Ensaladas, Platos mediterráneos, Brunch;0;3;3;;;
15067;ia_651;Al Fuego;Madrid;Restaurantes;Tradicionales, Parrilla;0;3;3;;;
6000;al_nafoorah;Al Nafoorah;Dubai;;;0;4;3;50098;50099;50097,50100,50101
15448;ia_1033;Al Paseo;Madrid;Restaurantes;Arroces, Carnes, Pescados, Española, Tradicional, Mediterránea;0;3;3;;;
14855;ia_430;Al Punto;Madrid;Restaurantes;Mediterránea, Española, Carnes, Arroces;0;3;3;;;
14882;ia_459;Al Punto y Brasa;Madrid;Restaurantes;Española, Argentina, Carnes a la brasa, Tapas;0;3;3;;;
16058;ia_1677;Al Sahara;Madrid;Restaurantes;"Marroquí, Couscous; Tajine";0;3;3;;;
14635;ia_178;Al solito posto;Madrid;Restaurantes;Italiana, Mediterránea, Pasta, Risotto, Postres italianos;0;3;3;;;
14551;ia_41;Al Son de Cuba;Madrid;Restaurantes;Cubana, Cocina Cubana, Coctelería;0;3;3;;;
15550;ia_1137;Aladino;Madrid;Restaurantes;Mezze, Shawarma, Libanesa, Árabe;0;3;3;;;
3193;alameda_del_tajo;Alameda del Tajo;Ronda;Qué ver, Experiencias y Actividades;Arquitectura: plazas y monumentos, Naturaleza y parques, Monumentos Propios;0;4;4;20970;25800;20971,25798,25799,25801
3531;albacara;Albacara;Ronda;Restaurantes;Trendy, Español, Restaurantes;0;4;4;22807;22806;22804,22805
17307;ia_3128;Albanos Mayoristas;Madrid;Compras;"Ropa y accesorios, Moda al por mayor; Variedad de prendas; Precios competitivos";0;3;3;;;
17639;ia_3468;Albanos Mayoristas;Madrid;Compras;Ropa y accesorios, Venta al por mayor, asesoramiento profesional;0;3;3;;;
582;alberto_cerdan_;Alberto Cerdán ;Madrid;Compras;Para ti, Peluqueria;0;4;4;16228;16229;16230
1795;alboroto_experience;Alboroto Experience;Madrid;Restaurantes;Trendy, Español, Italiano, Restaurantes;0;4;4;31867;19038;19025,19026,19027,19028,19029,19030,19031,19032,19033,19034,19035,19036,19037,31868
14661;ia_206;Alborz;Madrid;Restaurantes;Iraní / Persa, Kebabs, Arroces, Cocina persa;0;3;3;;;
44;alcala_de_henares;Alcalá de Henares;Madrid;Qué ver;Escapadas;0;4;4;16331;16332;16333,16334
5790;alcaravea;Alcaravea;Madrid;Restaurantes;Top, Trendy, Especial Delivery;0;4;3;49538;49544;49539,49540,49541,49542,49543
1895;alcazaba_premium_hostel;Alcazaba Premium Hostel;Málaga;Alojamiento;Low cost, Terraza, Wifi, Estética, Restaurante, Bar;0;1;3;19717;19716;19713,19714,19715,19718,19719
3294;alcazar_de_colon;Alcazar de Colón;Santo Domingo;Qué ver;Museos, Cool Places;0;4;4;21500;21505;21501,21502,21503,21504,21506,21507,21508,21509
15427;ia_1012;Alconada;Madrid;Restaurantes;Española, Tapas, Carnes, Guisos;0;3;3;;;
14517;ia_78;Alegrias;Madrid;Restaurantes;Española, Tapas Españolas, Cocina Tradicional;0;3;3;;;
5674;alejandro_sanz;Alejandro Sanz;Málaga;Ocio y eventos;Conciertos;0;4;3;;;
19207;ia_5571;Alfa sports. Multiaventuras, Esqui, Buceo y más;Madrid;Experiencias Unicas;Clase/Taller (general);0;1;1;73785;73784;73786
3119;alfajar;Alfajar;Málaga;Compras;Tiendas;0;4;4;20383;20385;20384,20386
14556;ia_56;Alfanus;Madrid;Restaurantes;Mediterranea, Cocina Mediterránea, Pescados, Carnes;0;3;3;;;
17649;ia_3478;Alfaro Arquitectura;Madrid;Compras;Estudios de arquitectura e interiorismo, Diseño arquitectónico, reformas, interiorismo;0;3;3;;;
4477;alfredo_carrasco;Alfredo Carrasco;Ronda;Experiencias y Actividades;Experiencias y Actividades;0;4;3;;40938;
408;alfredo´s_barbacoa;Alfredo´s Barbacoa;Madrid;Restaurantes;Tradicionales, Hamburguesa, Restaurantes, Celiacos ;0;4;4;17580;17581;17582,17583,17584
3455;algaba_de_ronda;Algaba de Ronda;Ronda;Alojamiento;Camping y Casa rural;0;4;4;44450;44448;44449,44451,44452,44453,44454,44455
18312;ia_4360;Alhambra (Madrid, Latina);Madrid;Arte y Cultura;Barrio de En Madrid C (ruta a pie), cultura comunitaria, talleres comunitarios, conciertos locales, Eventos vecinales, exposiciones locales;0;1;1;73740;73744;73736,73743
17691;ia_3521;Alhambra Granada y Mezquita Cordoba -Grupo reducido recogida hotel desde Madrid;Madrid;Arte y Cultura;Excursión de un día a Granada, Alhambra, Mezquita-Catedral;0;3;3;;;
5099;aliens4sale;aliens4sale;Barcelona;Compras;Tiendas;0;3;3;45875;45876;45874,45877,45878,45879
5097;aliens4sale_barcelona_;Aliens4sale Barcelona;Barcelona;Compras;Tiendas, Decoración;1;3;3;;;
17173;ia_2993;Alimentación Lualko Gourmet y más;Madrid;Compras;"Tiendas gourmet, Tienda gourmet; Productos selectos; Atención personalizada";0;3;3;;;
17169;ia_2989;Alimentación Risueño;Madrid;Compras;"Supermercados y tiendas de conveniencia, Tienda de alimentación; Productos frescos; Servicio personalizado";0;3;3;;;
17174;ia_2994;Alimentari MARCO Tienda Gourmet Delicatessen en Madrid;Madrid;Compras;"Tiendas gourmet, Tienda gourmet italiana; Delicatessen; Selección exclusiva";0;3;3;;;
17210;ia_3030;All Yours - Cosmética Natural y Perfumería Nicho;Madrid;Compras;"Perfumerías y cosmética, Cosmética natural; Perfumería nicho; Productos únicos";0;3;3;74233;74236;74232,74234
891;alma_cheli;Alma Cheli;Madrid;Restaurantes;Tradicionales;0;4;4;15162;15163;15167,15168,15169
14742;ia_294;Alma Nómada;Madrid;Restaurantes;Comida Fusión, Internacional, Platos globales;0;3;3;;;
17633;ia_3462;Almacén de Piensos El Andaluz;Madrid;Compras;Tiendas de mascotas y piensos, Venta especializada, asesoramiento;0;3;3;;;
3758;almacen_del_indiano;Almacén del Indiano;Málaga;Compras;Tiendas, Gatronomía;0;4;4;24450;24458;24455,24456,24457,24459
17089;ia_2910;Almacenes Linda Textil Hogar;Madrid;Compras;"Shopping de hogar y decoración, Textiles para hogar; Confección personalizada; Cortinas y ropa de cama";0;3;3;;;
5278;almazara-museo_la_organic_;Almazara-Museo LA Organic ;Ronda;Restaurantes, Experiencias y Actividades;Tradicionales, Naturaleza y Turismo Activo, Actividades Ronda;0;4;4;50294;50296;50293,50295,50297,50298,50299,50300,50301,50302,50303
6109;almazara-museo_la_organic;Almazara-Museo LA Organic;Ronda;Qué ver;Museos;0;3;3;;;
3363;almocabar;Almocábar;Ronda;Restaurantes;Top, Español, Restaurantes;0;4;4;21835;21838;21834,21837
14830;ia_404;Aloha - Guzman el Bueno;Madrid;Restaurantes;Hawaiana, Comida Fusión, Pokes, Bowls;0;3;3;;;
15229;ia_814;Aloha - Libertad;Madrid;Restaurantes;Española, Poke bowls, Sushi, Cócteles;0;3;3;;;
14598;ia_134;Aloha - Malasaña;Madrid;Restaurantes;Hawaiana, Poké Bowls, Cocina Saludable;0;3;3;;;
18498;aloha_day_spa_aravaca;Aloha Day Spa Aravaca;Madrid;Wellness;Spa;0;4;4;;;74015,74016,74017,74018,74019,74020,74021,74022
15394;ia_979;Aloha María de Molina;Madrid;Restaurantes;Española, Sushi, Platos fusión, Cócteles;0;3;3;;;
1053;aloha_poke;Aloha Poké;Madrid;Restaurantes;Low cost, Restaurantes;1;4;4;30161;18249;18243,18246,18247,18248,18250,18251
17069;ia_2890;Alphaville Vintage Shop Tienda Vintage Malasaña;Madrid;Compras;Tiendas Vintage, Vintage urbano, Estilo Malasaña, Piezas retro seleccionadas;0;3;3;;;
17079;ia_2900;Alphaville Vintage Shop Tienda Vintage Malasaña;Madrid;Compras;Tiendas Vintage, No disponible;0;3;3;;;
17064;ia_2885;Alphaville Vintage shop ️;Madrid;Compras;Tiendas Vintage, Moda vintage selecta, Estilo urbano curado, Piezas con historia;0;3;3;;;
17074;ia_2895;Alphaville Vintage shop ️;Madrid;Compras;"Tiendas Vintage, Moda retro de los 60s-90s; Accesoría personalizada; Ambiente indie";0;3;3;;;
17070;ia_2891;Alphaville Vintage Sport;Madrid;Compras;Tiendas Vintage, Moda vintage deportiva, Ropa retro sport, Curaduría única de piezas;0;3;3;;;
17080;ia_2901;Alphaville Vintage Sport;Madrid;Compras;"Tiendas Vintage, Moda deportiva retro; Curaduría de colecciones; Búsqueda por encargo";0;3;3;;;
17476;ia_3297;Alpina;Madrid;Compras;"Joyería y relojería de lujo, Relojes deportivos; Innovación técnica; Tradición suiza";0;3;3;;;
18669;ia_4901;Alquila una bici eléctrica en Madrid - soporte para móvil y tour auto guiado gratis - Madrid;Madrid;Experiencias Unicas;Tour en bici / e-bike / segway;0;1;1;73788;73789;73787
4476;alquiler_de_bicicletas_cycleronda;Alquiler de bicicletas Cycleronda;Ronda;Experiencias y Actividades;Naturaleza y Turismo Activo, Experiencias y Actividades, Actividades Deportivas;0;4;4;40675;40945;40946,40947,40948
18670;ia_4904;Alquiler de bicicletas eléctricas las 24 horas - Madrid;Madrid;Experiencias Unicas;Visita guiada a museo/monumento;0;1;1;73792;73791;73790
4827;alquiler_padel_surf_aranjuez;alquiler padel surf aranjuez;Aranjuez;Ocio y eventos;Experiencias y actividades;0;3;3;;;44018,44019,44020,44021,44022,44023,44024,44025,44026,44027
5574;alquimia_barcelona;ALQUIMIA Barcelona;Barcelona;Restaurantes;Top, Trendy;0;4;4;48863;48867;48862,48864,48865,48866,48868
4256;alright_madrid;Alright Madrid;Madrid;Restaurantes;Trendy, Americano, Restaurantes;0;4;4;36444;36443;36445,36446,36447,36448,36449,36450,36451,36452
816;altafit;AltaFit;Madrid;Compras;Para ti;0;4;4;16497;16498;16499,16500
18620;ia_5823;AltaFit Vista Alegre (antes VivaGym);Madrid;Deportes;Fitness;0;1;1;73449;73450;
1030;alterhome_atocha_vii_;Alterhome Atocha VII ;Madrid;Alojamiento;Apartamentos, Wifi;1;4;4;16773;16774;16775,16776,16777,16778
4217;alterrem;Alterrem;Madrid;Ocio y eventos;Experiencias y actividades, Indoor, Ocio;0;4;4;35860;35859;35861,35862,35863,35864,35865,35866,35867,35868
15817;ia_1411;Alto Bardero;Madrid;Restaurantes;Internacional, Cocina internacional, Platos creativos;0;3;3;;;
18398;alto_del_mojon;Alto del Mojón;Madrid;Naturaleza;Excursión a Moncloa Alto Del Mojón España, Colina urbana, Fotografía, paseo urbano;0;4;4;;;
15714;ia_1308;Alusse's Restaurante;Madrid;Restaurantes;Mediterranea, Cocina mediterránea, Platos caseros;0;3;3;;;
17276;ia_3096;älva for kids;Madrid;Compras;"Moda infantil y bebés, Moda infantil sostenible; Estilo nórdico; Filosofía eco";0;3;3;;;
18514;ia_5707;Ama Lo Que Haces STUDIO TATTOO;Madrid;Wellness;Estudio de tatuajes;0;1;1;;;
19193;ia_5557;Amadablam Aventura;Madrid;Experiencias Unicas;Excursión de día (Day trip);0;1;1;73795;73794;73793
1498;amanecer_bailando;Amanecer bailando;Madrid;Fiesta;Festivales, Electrónica, Comercial;1;4;3;;;
16958;ia_2736;Amano Rooftop;Madrid;Eventos;Rooftops & Coctelería;0;3;3;;;
5837;amante_ibiza;Amante Ibiza;Ibiza;Restaurantes;Top, Trendy, Con terraza, Mediterranea, Especialista en mariscos, Restaurantes;0;4;4;50012;50015;50009,50010,50011,50013,50014,50016,50017,50018
4461;amantis_madrid;Amantis Madrid;Madrid;Compras, Ocio y eventos;Tiendas, Otro, Accesorios;0;4;4;40493;40499;40492,40494,40495,40496,40497,40498,40500,40501
19262;amaranta_hotel_boutique;Amaranta Hotel Boutique;Ronda;Alojamiento;Hoteles;0;4;4;73206;73215;73216
17611;ia_3440;Amarcord Retro Concept Store;Madrid;Compras;Concept Stores, Curaduría vintage, regalos;0;3;3;74240;74242;74239,74241
5969;amare_beach_hotel_;Amare beach hotel ;Ibiza;Alojamiento;Hoteles;0;4;3;49982;49979;49980,49981,49983
16484;ia_2167;Amazonia Wok;Madrid;Restaurantes;Restaurante de fusión, Fusión / Asiática;0;3;3;;;
885;amazonico;Amazónico;Madrid;Restaurantes;Top, Tailandes, Mediterranea, Restaurantes, Restaurant & Club;0;4;4;17200;17201;17202,17203
16291;ia_1910;American Burgers;Madrid;Restaurantes;"Americana, Hamburguesas; Costillas";0;3;3;;;
16176;ia_1795;American Corner;Madrid;Restaurantes;"Americana, Hamburguesas; Costillas BBQ";0;3;3;;;
16146;ia_1765;American Diner;Madrid;Restaurantes;"Americana, Hamburguesas; Pancakes";0;3;3;;;
15244;ia_829;Amets Gastroteka;Madrid;Restaurantes;Española, Cocina creativa;0;3;3;;;
14890;ia_467;Amicis;Madrid;Restaurantes;Italiana, Pizzas, Pastas;0;3;3;;;
5889;amnesia_ibiza;Amnesia Ibiza;Ibiza;Fiesta;Discotecas, Festivales, Zonas de fiesta;0;4;4;49859;49757;49755,49756,49758,49759,49760
14952;ia_536;Amo by Assunta;Madrid;Restaurantes;Mediterranea, Mariscos | Ostras | Pasta | Tartar;0;3;3;;;
15405;ia_990;Amodiño Taperia Gallega;Madrid;Restaurantes;Gallega, Pulpo, Empanadas, Tapas;0;3;3;;;
15346;ia_931;Amós by Jesús Sánchez;Madrid;Restaurantes;restaurante, Española;0;3;3;;;
15836;ia_1430;Ampudia;Madrid;Restaurantes;Internacional, Platos creativos, Tapas;0;3;3;;;
16725;ia_2480;Amura Alcobendas;Madrid;Alojamiento;Business Hotel, Spa, piscina, restaurante, gimnasio;0;3;3;;;
328;ana_la_santa;Ana la Santa;Madrid;Restaurantes;Trendy, Restaurantes, Restaurant & Club;0;4;4;15517;15518;15519,15520,15521,15522,15523
947;anastasia;Anastasia;Madrid;Ocio y eventos;Espectáculos, Musical, Cultura;0;3;3;17037;;11782,11783,11784,11786,17039
16051;ia_1670;Anauco Cañaveral;Madrid;Restaurantes;"Española, Hamburguesas; Comida Casera";0;3;3;;;
4750;anclademar_;Anclademar ;Madrid;Compras;Galerías de arte, Tiendas, Para ti, Moda;0;3;3;;;
4769;anclademar1;Anclademar1;Madrid;Compras;Tiendas;0;1;3;;;43690,43691,43692,43693,43694,43695,43696,43697,43698,43699
15179;ia_763;Anda Jaleo;Madrid;Restaurantes;Mediterranea, Tapas | Paellas & Arroces;0;3;3;;;
15845;ia_1439;Andallego Getafe;Madrid;Restaurantes;Internacional, Cocina internacional, Platos andaluces;0;3;3;;;
18671;ia_4908;Andalucía y Toledo - Excursión de 5 días - Madrid;Madrid;Experiencias Unicas;Tour de 5 días;0;1;1;73796;73798;73797
18672;ia_4911;Andalucía y Toledo desde Madrid - Tour de 5 días - Madrid;Madrid;Experiencias Unicas;Clase/Taller (general);1;1;1;;;
17461;ia_3282;Andersen Genève;Madrid;Compras;"Joyería y relojería de lujo, Alta relojería independiente; Complicaciones creativas; Producción artesanal";0;3;3;;;
15043;ia_627;Andes;Madrid;Restaurantes;Italiana;0;3;3;;;
17434;ia_3255;Andreas Strehler;Madrid;Compras;"Joyería y relojería de lujo, Relojería independiente; Complicaciones exclusivas; Tradición suiza";0;3;3;;;
14972;ia_556;Andrés Torrejón - Escuela de Hosteleria Simone Ortega;Madrid;Restaurantes;Mediterranea;0;3;3;;;
3306;anfiteatro_altos_de_chavon;Anfiteatro Altos de Chavón;Punta Cana;Fiesta, Qué ver, Ocio y eventos;Escapadas, Cool Places, Experiencias y actividades, Exposiciones y Espectaculos;0;4;4;21564;21556;21557,21558,21559,21560,21561,21562,21563,21565
3788;anfiteatro_de_puerto_plata;Anfiteatro De Puerto Plata;Santo Domingo;Qué ver;Parques;0;4;4;24766;24765;24767,24768,24769,24770,24771,24772,24773,24774
17118;ia_2938;Ángel mercados de carne;Madrid;Compras;"Carnicerías y charcuterías, Carnicería de barrio; Productos frescos; Atención personalizada";0;3;3;;;
17326;ia_3147;Angel Schlesser;Madrid;Compras;"Ropa y accesorios, Moda de autor; Colecciones exclusivas; Diseño minimalista";0;3;3;;;
17421;ia_3242;Angelus;Madrid;Compras;"Joyería y relojería de lujo, Alta relojería suiza; Complicaciones innovadoras; Diseño técnico";0;3;3;;;
17456;ia_3277;Angelus;Madrid;Compras;"Joyería y relojería de lujo, Alta relojería suiza; Innovación técnica; Relojes exclusivos";0;3;3;;;
17430;ia_3251;Angelus U40;Madrid;Compras;"Joyería y relojería de lujo, Alta relojería técnica; Estilo deportivo; Innovación suiza";0;3;3;;;
17314;ia_3135;Angry Souls;Madrid;Compras;"Ropa y accesorios, Moda urbana; Ediciones limitadas; Colaboraciones exclusivas";0;3;3;;;
18238;ia_4311;ÁNGULO - Vive Madrid con un fotógrafo local;Madrid;Arte y Cultura;Museo de historia, Museo del Arte Latinoamericano, pintura, escultura;0;3;3;;;
18252;ia_4332;ÁNGULO - Vive Madrid con un fotógrafo local;Madrid;Arte y Cultura;Museo de historia, Museo del Agua Urbana, hidráulica, sostenibilidad;0;3;3;;;
15954;ia_1571;Angus Diner;Madrid;Restaurantes;"Americana, Hamburguesas; BBQ; Batidos";0;3;3;;;
3525;ani_villas_dominican_republic;Ani Villas Dominican Republic;Santo Domingo;Alojamiento;Villas;0;3;3;;;22782,22783,22784,22785,22786,22787,22788,22789,22790,22791
15772;ia_1366;Anica Waksman;Madrid;Restaurantes;Internacional, Vegano, Platos saludables;0;3;3;;;
18420;anillo_verde_ciclista;Anillo Verde Ciclista;Madrid;Naturaleza;Zona de río / ribera, Parques, caminos, riberas, Ciclismo, running, fotografía;0;1;1;;;
4741;animal_baby_;Animal baby ;Madrid;Compras;Tiendas, Moda;0;4;4;43603;43594;43595,43596,43597,43598,43599,43600,43601,43602
15450;ia_1035;Anjana;Madrid;Restaurantes;Española, Tradicional, Platos caseros, Guisos, Vinos;0;3;3;;;
15184;ia_769;Anna Bella;Madrid;Restaurantes;Española, Pastas | Pizza;0;3;3;;;
4279;anna-eva_bergman_en_el_palacio_de_velazquez;Anna-Eva Bergman en el Palacio de Velázquez;Madrid;Ocio y eventos;Exposiciones, Pintura;1;3;3;36533;36531;36505,36506,36507,36508,36509,36510,36511,36512,36513,36514
15385;ia_970;Annapurna Tandoori;Madrid;Restaurantes;India, Curries, Arroces, Tandoori;0;3;3;;;
1242;ano_nuevo_chino;Año nuevo chino;Madrid;Ocio y eventos;Experiencias y actividades;0;4;3;17623;17624;
14488;ia_9;Anonymo;Madrid;Restaurantes;Gourmet, Comida Fusión;0;3;3;;;
15707;ia_1301;Ante laDuda;Madrid;Restaurantes;Española, Tapas, Cocina tradicional;0;3;3;;;
3139;antequera;Antequera;Málaga;Qué ver;Escapadas;0;4;4;20662;20655;20653,20654,20656,20657,20658,20659,20660,20661
1299;anthony_hernandez;Anthony Hernández;Madrid;Ocio y eventos;Exposiciones;0;3;3;18179;18180;
6104;antigua_bodega_la_sangre_;ANTIGUA BODEGA LA SANGRE ;Ronda;Ocio y eventos, Experiencias y Actividades;Cines y Teatros y Salas de concierto, Actividades Ronda;0;4;4;50194;50195;
1014;antigua_casa_crespo;Antigua Casa Crespo;Madrid;Compras;Marcas y Productos Locales;0;4;4;15853;15854;15855,15856
15698;ia_1292;Antigua Embajada - Hotel Palacio San Martín;Madrid;Restaurantes;Española, Cocina mediterránea, Platos tradicionales;0;3;3;;;
18408;ia_4518;Antiguo Campo de Bustillo o Campo Hispano-Americano;Madrid;Naturaleza;Excursión a Salamanca Antiguo Campo De Bus, Pradera urbana, Historia local, paseo urbano;1;1;1;;;
17463;ia_3284;Antoine Preziuso;Madrid;Compras;"Joyería y relojería de lujo, Diseños artísticos; Alta relojería; Complicaciones exclusivas";0;3;3;;;
17185;ia_3005;ANTOÑITOS PANADERIA;Madrid;Compras;"Panaderías y pastelerías, Panadería de barrio; Pan tradicional; Atención familiar";0;3;3;;;
14851;ia_425;Antuanet;Madrid;Restaurantes;Peruana, Ceviches, Tiraditos;0;3;3;;;
3523;apartamento_bonita_village;Apartamento Bonita Village;Punta Cana;Alojamiento;Apartamentos;0;4;4;22772;22776;22773,22774,22775,22777,22779,22780,22781
4797;apartamento_casa_del_guardes_del_molino;Apartamento Casa del Guardés del Molino;Ronda;Alojamiento;Apartamentos;0;3;3;;;
4796;apartamento_casa_del_guarnes_del_tajo;Apartamento Casa del Guarnés del Tajo;Ronda;Alojamiento;Apartamentos, Terraza, Wifi;1;3;3;;;
4822;apartamento_del_camping_el_sur;Apartamento del Camping el Sur;Ronda;Alojamiento;Apartamentos;1;3;3;43994;43995;43993
4835;apartamento_dona_concha;Apartamento Doña Concha;Ronda;Alojamiento;Apartamentos;0;3;3;44131;44132;44130
3190;apartamento_jardines_de_cuenca;Apartamento Jardines de Cuenca;Ronda;Alojamiento;Apartamentos, Terraza, Wifi;1;4;4;21311;21314;21312,21313,21315,21316,21317,21318,21319,21320,21321,21322
4859;apartamento_la_galeria;Apartamento La Galería;Ronda;Alojamiento;Apartamentos;0;3;3;;;
3766;apartamentos_;Apartamentos ;Málaga;Alojamiento;Apartamentos;0;4;3;;;
4490;apartamentos_avanel;Apartamentos Avanel;Ronda;Alojamiento;Apartamentos;1;4;4;41942;41940;41939,41941,41943
4771;apartamentos_coronel;Apartamentos Coronel;Ronda;Alojamiento;Apartamentos;1;3;3;43851;43852;43854,43855
3493;apartamentos_espinel;Apartamentos Espinel;Ronda;Alojamiento;Apartamentos, Terraza, Wifi;0;4;4;22563;22564;22562,22565,22566,22567,22568,22569,22570,22571
4281;apartamentos_garman;Apartamentos Garman;Ronda;Alojamiento;Apartamentos;1;3;3;44108;44110;44109
4685;apartamentos_gav;Apartamentos Gav;Ronda;Alojamiento;Apartamentos;1;4;4;42489;42483;42481,42484,42485,42486,42488,42490
4857;apartamentos_jessil;Apartamentos Jessil;Ronda;Alojamiento;Apartamentos;1;3;3;;;
3430;apartamentos_la_colegiata;Apartamentos La Colegiata;Ronda;Alojamiento;Apartamentos;1;4;4;26955;26950;26079,26951,26952,26953,26954
4795;apartamentos_la_ermita;Apartamentos La Ermita;Ronda;Alojamiento;Apartamentos;1;3;3;;;43915,43916,43917,43918,43919,43920
4940;apartamentos_la_galeria;Apartamentos La Galería;Ronda;Alojamiento;Hoteles;0;3;3;44338;44337;44339
1902;apartamentos_picasso_suites_malaga;Apartamentos Picasso Suites Málaga;Málaga;Alojamiento;Apartamentos;0;1;3;19760;19758;19759,19761
1900;apartamentos_pinar_;Apartamentos Pinar ;Málaga;Alojamiento;Apartamentos, Terraza, Wifi, Estética;0;1;3;19752;19749;19750,19751
16783;ia_2538;Apartamentos Recoletos;Madrid;Alojamiento;Aparthotel, Cocina equipada, Wi‑Fi;0;3;3;;;
4776;apartamentos_ronda_centro_;Apartamentos Ronda Centro ;Ronda;Alojamiento;Apartamentos;1;3;3;43829;43830;43827
4826;apartamentos_ronda_luz;Apartamentos Ronda Luz;Ronda;Alojamiento;Apartamentos;0;3;3;44016;44015;44017
4724;apartamentos_soho_boutique_central_;Apartamentos Soho Boutique Central ;Ronda;;;0;3;3;43050;43049;43048
4725;apartamentos_soho_boutique_espinel__;Apartamentos Soho Boutique Espinel  ;Ronda;;;0;3;3;;;
1901;apartamentos_soho_boutique_la_merced;Apartamentos SOHO Boutique La Merced;Málaga;Alojamiento;Apartamentos;0;1;3;19755;19757;19753,19754,19756
3764;apartamentos_tandem_soho;Apartamentos Tandem Soho;Málaga;Alojamiento;Apartamentos, Gimnasio, Wifi;0;4;4;24476;24473;24471,24472,24474,24475,24477,24478,24479,24480
1028;aparthotel_tribunal;Aparthotel Tribunal;Madrid;Alojamiento;Apartamentos, Wifi;1;4;4;15933;15934;15935,15936
3341;api_beach_bar;Api Beach Bar;Punta Cana;Fiesta, Qué ver;Cool Places, Beachclubs;0;4;4;21758;21752;21750,21751,21753,21754,21755,21756,21757,21759
17313;ia_3134;Aplauso;Madrid;Compras;"Perfumerías y cosmética, Calzado de fiesta; Diseños exclusivos; Atención personalizada";0;3;3;;;
976;apocalipsis__circo_de_los_horrores;Apocalipsis, Circo de los Horrores;Madrid;Ocio y eventos;Espectáculos;1;4;4;14386;14387;
14607;ia_146;Apostasia Bar;Madrid;Restaurantes;Internacional / Moderna, Cócteles, Tapas Creativas;0;3;3;;;
1312;applebee's_;Applebee's ;Punta Cana;Restaurantes;Tradicionales, Americano, Hamburguesa;0;4;4;17781;17782;17783,17784,17785,17786,17787
18673;ia_4913;Aprende y cocina la auténtica comida española en Puerta del Sol! - Madrid;Madrid;Experiencias Unicas;Visita guiada a museo/monumento;0;1;1;73799;73800;
1238;aquapark;AquaPark;Punta Cana;Ocio y eventos;Parques Temáticos;0;4;4;15342;15343;15344,15345,15346,15347,15348,15349,15350,15351,15352,15353,15354,15355,15356,15357,15358,15359
3558;aqui_te_quiero_ver;Aquí te quiero ver;Málaga;Restaurantes;Chiringuitos;0;4;4;23061;23056;23057,23058,23059,23060,23062,23063,23064,23065
301;aquopolis_san_fernando_de_henares_madrid);Aquópolis San Fernando de Henares (Madrid);Madrid;Ocio y eventos;Parques Temáticos, Naturaleza, Ocio;0;4;4;16297;16298;16299,16300
300;aquopolis_villanueva_de_la_canada_madrid)_;Aquópolis Villanueva de la Cañada (Madrid) ;Madrid;Ocio y eventos;Parques Temáticos, Naturaleza, Ocio;0;4;4;15272;15273;15274,15275,15276
16912;ia_2682;Aquopolis Villanueva: Entrada sin colas;Madrid;Eventos;Parque acuático;0;3;3;;;
15256;ia_841;Aranda Madrid;Madrid;Restaurantes;Española, Platos caseros, Menús;0;3;3;;;
5471;aranjuez_misterios_y_leyendas;Aranjuez Misterios y Leyendas;Aranjuez;Ocio y eventos;Experiencias y actividades, Cultura, Ocio;0;4;4;48705;48715;48706,48707,48708,48709,48711,48712,48713,48716
15644;ia_1238;Aranjuez Steak House;Madrid;Restaurantes;Española / Creativa, Tapas / Carnes / Mariscos;0;3;3;;;
15511;ia_1098;Aranzazu;Madrid;Restaurantes;Alta cocina, Vasca;0;3;3;;;
17692;ia_3522;Architour Gran Vía desde sus mejores azoteas con un arquitecto;Madrid;Arte y Cultura;Museo de arte clásico / pinacoteca, Las Meninas, La Maja Desnuda, El Bosco;0;3;3;;;
17693;ia_3523;Architour por Lavapiés y Rastro con un arquitecto;Madrid;Arte y Cultura;Museo de arte moderno / contemporáneo, Guernica, Dalí, Miró;0;3;3;;;
1590;arco_del_triunfo;Arco del Triunfo;Barcelona;Qué ver;Plazas y monumentos;0;4;4;28328;28327;18385,28326
240;arco_madrid;ARCO Madrid;Madrid;Ocio y eventos;Ferias;0;4;4;17196;17197;17199
5276;arcomadrid;ARCOmadrid;Madrid;Ocio y eventos;Ferias;1;4;4;47649;47644;47645,47646,47647,47648,47650,47651,47652,47653
581;ardemadrid;Ardemadrid;Madrid;Compras;Tiendas, Música;0;4;4;17649;17650;17651
6001;area_de_autocaravanas_ciudad_de_ronda;Área de Autocaravanas ciudad de Ronda;Ronda;Alojamiento;Camping y Casa rural;0;4;4;72823;72818;72819,72820,72821,72822,72824
15339;ia_924;Aredna;Madrid;Restaurantes;Española, Platos internacionales, Cócteles;0;3;3;;;
191;areia_chillout;Areia Chillout;Madrid;Fiesta;Bares de copas;0;4;4;15967;15968;15969,15970,15971
16595;ia_2317;Areia Club;Madrid;Nightlife;Club / Rooftop híbrido;0;3;3;;;
172;arenal_suites_luxury_apartments;Arenal Suites Luxury Apartments;Madrid;Alojamiento;Apartamentos, Wifi;1;4;4;17882;17883;17884,17886,17887
3674;aribau_barcelona;Aribau Barcelona;Barcelona;Ocio y eventos;Cines y Teatros, Conciertos;0;4;4;23732;23734;23730,23731,23733,23735
17356;ia_3177;Aristocrazy;Madrid;Compras;"Joyerías y relojerías, Joyería de lujo; Diseños exclusivos; Servicio de personalización";0;3;3;;;
14783;ia_352;Arkose - Madrid Cuatro Caminos;Madrid;Restaurantes;Comida Fusión, Internacional, Bowls, Hamburguesas;0;3;3;;;
18609;ia_5812;Arkose Madrid Carabanchel;Madrid;Deportes;Escalada;0;1;1;;;
18610;ia_5813;Arkose Madrid Cuatro Caminos;Madrid;Deportes;Escalada;0;1;1;73446;73445;
17514;ia_3335;Armani Exchange Watches;Madrid;Compras;"Joyerías y relojerías, Moda italiana; Diseños atrevidos; Accesibilidad global";0;3;3;;;
17419;ia_3240;Armin Strom;Madrid;Compras;"Joyería y relojería de lujo, Relojería suiza; Esqueletización artesanal; Innovación técnica";0;3;3;;;
17466;ia_3287;Armin Strom;Madrid;Compras;"Joyería y relojería de lujo, Alta relojería suiza; Skeleton watches; Innovación mecánica";0;3;3;;;
17436;ia_3257;Arnold & Son TB88;Madrid;Compras;"Joyería y relojería de lujo, Alta relojería; Diseño esqueleto; Inspiración histórica";0;3;3;;;
5275;arola;Arola;Barcelona;Restaurantes;Con terraza;0;4;4;47636;47634;47635,47637,47638,47639,47640,47641,47642,47643
14702;ia_248;Aroy Thai Comandante Zorita;Madrid;Restaurantes;Tailandesa / Asiática, Pad Thai, Massaman Curry, Sopas picantes;0;3;3;;;
14798;ia_368;Aroy Thai Fusión;Madrid;Restaurantes;Tailandesa, Internacional, Pad Thai, Currys, Fusión;0;3;3;;;
15037;ia_621;Aroy Thai Heron City;Madrid;Restaurantes;Española, Asados;0;3;3;;;
14713;ia_262;Arpit Indian;Madrid;Restaurantes;India, Curries, Tandoor;0;3;3;;;
15275;ia_860;ARRABAL Madrid;Madrid;Restaurantes;Española, Tapas, Arroces, Carnes;0;3;3;;;
17581;ia_3406;Arrebato Libros;Madrid;Compras;Libros y Papelería, Compra‑venta de libros usados, eventos literarios;0;3;3;;;
17637;ia_3466;Arreglos y Detallitos Madrid;Madrid;Compras;Arreglos y sastrería, Regalos personalizados, arreglos textiles;0;3;3;;;
15540;ia_1127;Arrocería Da Gusto;Madrid;Restaurantes;Mediterránea, Española, Arrocería;0;3;3;;;
14546;ia_27;Arrocería FERROZ;Madrid;Restaurantes;Mediterránea, Española, Arroces, Paellas, Cocina Valenciana;0;3;3;;;
14905;ia_483;Arrocería Formentera - Montecarmelo;Madrid;Restaurantes;Arroces, Paellas, Mediterránea, Valenciana;0;3;3;;;
14571;ia_89;Arroceria Imperial;Madrid;Restaurantes;Mediterránea, Española, Paellas, Arroces, Cocina Valenciana;0;3;3;;;
16007;ia_1624;Arrocería Imperial;Madrid;Restaurantes;"Mediterranea, Arroces; Paella; Mariscos";0;3;3;;;
15578;ia_1168;Arrocería La Crianza;Madrid;Restaurantes;Española, Arrocería / Cocina mediterránea;0;3;3;;;
14968;ia_552;Arrocería La Siembra;Madrid;Restaurantes;Mediterranea, Arroces;0;3;3;;;
15039;ia_623;Arroceria Puerta De Atocha;Madrid;Restaurantes;China, Pato Pekín;0;3;3;;;
15778;ia_1372;Arrocería Taberna del Olivo;Madrid;Restaurantes;Española, Arroces, Cocina mediterránea;0;3;3;;;
18322;ia_4370;Art Museum SOLO Independencia;Madrid;Arte y Cultura;Museo de arte contemporáneo, arte contemporáneo internacional, instalaciones inmersivas, cita previa, Marina Núñez, Miao Xiaochun, Ugo Rondinone;0;1;1;73735;73733;73734
1045;arte_al_cubo;Arte al cubo;Madrid;Qué ver;Cool Places;0;4;4;17697;17698;
17088;ia_2909;Arte Decoración Europa;Madrid;Compras;No disponible, Artículos de decoración;0;3;3;;;
3861;arte_san_ramon;Arte San Ramón;Santo Domingo;Compras;Galerías de arte;0;4;4;25515;25523;25514,25516,25517,25518,25519,25520,25521,25522
1406;artesiete_cine;Artesiete Cine;Madrid;Ocio y eventos;Cines y Teatros;0;4;3;17185;17186;17187,17188
187;arts_club_madrid;Arts Club Madrid;Madrid;Fiesta;Bares de copas;0;4;4;14654;14655;14656,14658
15458;ia_1043;Arturo Cantoblanco;Madrid;Restaurantes;Española, Tradicional, Carnes, Arroces, Guisos;0;3;3;;;
15857;ia_1451;Arturo Delfines;Madrid;Restaurantes;Española, Pescados y mariscos, Cocina tradicional;0;3;3;;;
3879;arturo_fuente_cigar_club;Arturo Fuente Cigar Club;Santo Domingo;Compras;Tiendas;0;4;4;26521;26526;26520,26522,26523,26524,26525,26527,26528
17591;ia_3420;Arturo Soria Plaza;Madrid;Compras;Centros comerciales, Parking amplio, ocio familiar;0;3;3;;;
16514;ia_2203;Arturo’s Méndez Álvaro;Madrid;Restaurantes;Grill & Brasa, Española / Asador;0;3;3;;;
18446;ia_5638;Aruksa Thai Relaxing Massage;Madrid;Wellness;Masaje;0;1;1;;;
620;arzábal;Arzábal;Madrid;;;0;4;4;;;
15900;ia_1516;Asador 7 de Julio;Madrid;Restaurantes;Vasca, Parrillada/BBQ;0;3;3;;;
15800;ia_1394;Asador del Norte;Madrid;Restaurantes;Española, Carnes, Cocina tradicional;0;3;3;;;
16077;ia_1696;Asador Donostiarra;Madrid;Restaurantes;"Vasca, Txuletón; Pescados a la Brasa";0;3;3;;;
14658;ia_203;Asador El Gaucho de Usera;Madrid;Restaurantes;Argentina / Sudamericana, Carnes a la brasa, Empanadas, Vino argentino;0;3;3;;;
15156;ia_740;Asador Errazki;Madrid;Restaurantes;Tradicionales, Carnes a la brasa | Bacalao al pil-pil | Chuletón;0;3;3;;;
16330;ia_1949;Asador Navarro;Madrid;Restaurantes;"Navarra, Cordero al chilindrón; Pochas";0;3;3;;;
15401;ia_986;Asador Nuevo Porche;Madrid;Restaurantes;Española, Carnes a la brasa, Asados;0;3;3;;;
14541;ia_16;Asador Real;Madrid;Restaurantes;Española, Carnes a la brasa, Cocina Castellana;0;3;3;;;
14994;ia_578;Asador Sagasti;Madrid;Restaurantes;Española, Asados;0;3;3;;;
15452;ia_1037;Asador Vasco En Busca del Tiempo;Madrid;Restaurantes;Vasca, Internacional, Carnes, Mariscos, Platos de asador;0;3;3;;;
15865;ia_1459;Asador Villaranda;Madrid;Restaurantes;Española, Cocina tradicional, Asador;0;3;3;;;
14621;ia_160;Asarmiento;Madrid;Restaurantes;Mediterránea, Española, Carnes a la brasa, Arroces, Cocina Mediterránea;0;3;3;;;
931;ascaso_;Ascaso ;Madrid;Restaurantes, Compras;Tradicionales, Pastelerias y Panaderias;0;4;4;17356;17357;17358,17359,17360
15689;ia_1283;Ascua Restaurante;Madrid;Restaurantes;Española, Parrilla, Carnes;0;3;3;;;
5175;ashford_castle__cong__ireland;Ashford Castle, Cong, Ireland;Filipinas;Alojamiento;Hoteles;0;4;4;46525;46524;46516,46517,46518,46519,46520,46521,46522,46523
14807;ia_377;Asia Gallery - Lagasca;Madrid;Restaurantes;China, Fusión, Platos asiáticos;0;3;3;;;
15250;ia_835;Asia Móstoles;Madrid;Restaurantes;Española, Sushi, Dim sum, Tallarines;0;3;3;;;
5861;asian_road;Asian Road;Ibiza;Restaurantes;Low cost, Con terraza, Japonés, Coreano, Fusión, Restaurantes;0;3;3;49641;;49642,49643
5401;askuabarra;Askuabarra;Madrid;Restaurantes;Top, Trendy, Tradicionales, Español, Restaurantes;0;3;3;;;48357,48358,48359,48360,48361,48362,48363,48364,48365,48366
18340;ia_4387;Asociación de Vecinos Barrio de las Águilas;Madrid;Arte y Cultura;Barrio de Las Águilas Asociación De (ruta a pie), cultura comunitaria y barrial, talleres de barrio, cultura intergeneracional, Talleres, charlas, actividades comunitarias;0;1;1;73732;73731;
17044;ia_2864;Asociación de Vecinos los Pinos de San Agustín;Madrid;Eventos;Asociación vecinal;0;3;3;;;
17045;ia_2865;Asociación Vecinal Barrio de Peñagrande;Madrid;Eventos;Asociación vecinal;0;3;3;;;
17046;ia_2866;Asociación Vecinal de San Pascual, Barrio Blanco y Entorno;Madrid;Eventos;Asociación vecinal;0;3;3;;;
18337;ia_4384;Asociación Vecinal Lucero;Madrid;Arte y Cultura;Barrio de Y A La Cultura Popular Ma (ruta a pie), cultura vecinal y comunitaria, talleres de barrio, cultura vecinal, Talleres, charlas, cultura comunitaria;0;1;1;;;73730
18339;ia_4386;Asociación Vecinos Carabanchel Alto;Madrid;Arte y Cultura;Barrio / zona histórica, cultura comunitaria y vecinal, talleres de barrio, charlas comunitarias, Talleres, cursos, cultura comunitaria;0;1;1;73728;73729;73727
17694;ia_3524;Aspectos destacados de Madrid - Tour a pie para grupos pequeños;Madrid;Arte y Cultura;Museo enciclopédico / colección privada, Caravaggio, Van Gogh, Hopper;0;3;3;;;
17695;ia_3525;Aspectos turísticos más destacados de Madrid en un tour privado de día completo con un local;Madrid;Arte y Cultura;Excursión / day trip, Cuadros mediterráneos, Estudio del pintor;0;3;3;;;
17696;ia_3526;Aspectos turísticos más destacados de Madrid en un tour privado de medio día con un local;Madrid;Arte y Cultura;Museo de historia, Dama de Elche, mosaicos romanos;0;3;3;;;
17113;ia_2933;Asteroidea - Restauración y diseño de muebles;Madrid;Compras;"Restauración de muebles, Restauración artesanal; Diseño de muebles; Piezas personalizadas";0;3;3;;;
4047;astroaficion:_tour_estelar;Astroafición: Tour estelar;Madrid;Ocio y eventos;Experiencias y actividades, Naturaleza, Ocio;0;4;3;31423;31424;31422,31425,31426
17603;ia_3432;Atelier Concept;Madrid;Compras;Concept Stores, Confección a medida, arreglos;0;3;3;;;
14965;ia_549;Atelier de Goceco;Madrid;Restaurantes;Mediterranea, Gourmet;0;3;3;;;
5989;atelier_m;Atelier M;Dubai;;;0;4;3;50072;50076;50073,50074,50075
14605;ia_144;Atípico;Madrid;Restaurantes;Mediterránea / Fusión, Tapas Creativas, Cocina Mediterránea;0;3;3;;;
15840;ia_1434;Atlantika;Madrid;Restaurantes;Española, Tapas, Cocina tradicional;0;3;3;;;
16913;ia_2683;Atlantis Aquarium Madrid: Entrada;Madrid;Eventos;Zoo/Acuario;0;3;3;;;
18614;ia_5817;Atleet Aluche;Madrid;Deportes;Fitness;0;1;1;;;
16914;ia_2684;Atlético de Madrid Tour Guiado por el estadio Cívitas Metropolitano;Madrid;Eventos;Museo / exposición permanente;0;3;3;;;
18486;ia_5679;Atma Yogui Estudio de Yoga;Madrid;Wellness;Centro de yoga;0;1;1;;;
16786;ia_2541;Atocha Hotel Madrid, Tapestry Collection By Hilton;Madrid;Alojamiento;Design Hotel, Terraza, restaurante, gimnasio;0;3;3;;;
15708;ia_1302;Atrapallada;Madrid;Restaurantes;Internacional, Cocina fusión, Tapas;0;3;3;;;
17094;ia_2915;ATRASLUZ Iluminación;Madrid;Compras;"Iluminación y lámparas, Diseño de iluminación decorativa; Lámparas exclusivas; Asesoría personalizada";0;3;3;;;
3515;atrium_santo_domingo;Atrium Santo Domingo;Santo Domingo;Compras;Para ti;1;1;3;;;
1672;atv_adventure;ATV Adventure;Punta Cana;;;1;3;3;;;
5850;atzaro_beach;Atzaro Beach;Ibiza;Restaurantes, Ocio y eventos;Trendy, Experiencias y actividades, Mediterranea, Especialista en mariscos, Restaurantes, Indoor, Ocio;0;4;4;49601;49928;49929,49930,49931,49932,49933,49934,49935,49936,49937
4305;aüakt;Aüakt;Madrid;Restaurantes;Top, Español, Fusión, Restaurantes;0;4;4;36812;36788;36789,36791,36792,36793,36794,36795,36796,36797,36811
17391;ia_3212;Audemars Piguet;Madrid;Compras;"Joyería y relojería de lujo, Alta relojería suiza; Innovación técnica; Diseños exclusivos";0;3;3;;;
17697;ia_3527;Audiotour Autoguiado - Fantasmas de Madrid: Historia y terror;Madrid;Arte y Cultura;Museo arqueológico, Máscaras precolombinas, códices mayas;0;3;3;;;
17698;ia_3528;Audiotour del Parque de El Retiro y entrada electrónica al Museo Arqueológico de Madrid;Madrid;Arte y Cultura;Museo de historia, Pinturas, armas, relojes;0;3;3;;;
17022;ia_2842;Auditorio al aire libre Parque Aluche;Madrid;Eventos;Auditorio al aire libre;0;3;3;;;
17014;ia_2834;Auditorio Nacional de Música;Madrid;Eventos;Auditorio;0;3;3;;;
18335;ia_4382;Auditorio Paco de Lucía;Madrid;Arte y Cultura;Barrio / zona histórica, música y artes escénicas, conciertos de flamenco, danza, Conciertos, danza, teatro;0;1;1;73725;73724;73726
1349;aula;Aula;Madrid;Ocio y eventos;Ferias;0;4;3;14737;14738;14739
14618;ia_157;Aurora;Madrid;Restaurantes;Mediterránea / Internacional, Cocina Mediterránea Creativa;0;3;3;;;
766;aurora_gomez_design;Aurora Gomez Design;Madrid;Compras;Marcas y Productos Locales, Decoración;0;4;4;14744;14745;
1274;ausan_beach_;Ausan Beach ;Filipinas;Alojamiento;Low cost;0;1;3;15081;15082;15083,15084
18674;ia_4916;Auténtica cocina española con la abuela local en Madrid - Madrid;Madrid;Experiencias Unicas;Visita guiada a museo/monumento;1;1;1;;;
16915;ia_2685;Auténtico Espectáculo de Flamenco y Tapas en el Corazón de Madrid;Madrid;Eventos;Cena con espectáculo flamenco (tablao);0;3;3;;;
16909;ia_2678;Auténtico Espectáculo Flamenco en Flamenco de Leones;Madrid;Eventos;Espectáculo flamenco en tablao;0;3;3;;;
661;autobus_turistico;Autobús turístico;Madrid;Ocio y eventos;Experiencias y actividades;0;4;4;17020;17021;
16998;ia_2817;Autocine Madrid RACE;Madrid;Eventos;Cine al aire libre / conciertos;0;3;3;;;
4051;autocine_madrid_race;Autocine Madrid Race;Madrid;Ocio y eventos;Cines y Teatros;1;4;4;31590;31596;31591,31592,31593,31594,31595,31597,31598,31599
16796;ia_2551;Avani Alonso Martinez Madrid Hotel;Madrid;Alojamiento;City Hotel, Desayuno buffet, coworking;0;3;3;;;
584;aveda_lifestyle_salon_y_spa;Aveda Lifestyle Salon & Spa;Madrid;Compras;Para ti;0;4;4;14269;14270;14271,14273,14275,14276
15436;ia_1021;Avenida Perú;Madrid;Restaurantes;Peruana, Ceviches, Tiraditos, Guisos;0;3;3;;;
18675;ia_4920;Aventura en Moto por Bardenas Reales - Madrid;Madrid;Experiencias Unicas;Actividad de aventura;0;1;1;73802;73803;73801
16984;ia_2803;Aventurico Ventas;Madrid;Eventos;Escape room;0;3;3;;;
16615;ia_2337;Axel Hotel Sky Bar — Skybar - Axel Hotel Madrid (Guest Only);Madrid;Nightlife;Hotel rooftop / LGTBIQ+;0;3;3;;;
16747;ia_2502;Axor Barajas;Madrid;Alojamiento;Airport Hotel, Spa, piscina, restaurante, shuttle aeropuerto;0;3;3;;;
173;axor_barajas_4;Axor Barajas 4*;Madrid;Alojamiento;Hoteles, Gimnasio;0;4;4;17717;17718;17719
16733;ia_2488;Axor Feria;Madrid;Alojamiento;Airport Hotel, Shuttle aeropuerto, restaurante, diseño;0;3;3;;;
15617;ia_1208;Ay Güey Mexican;Madrid;Restaurantes;Mexicana, Tacos / Nachos / Margaritas;0;3;3;;;
1050;ay_mi_madre!;Ay mi madre!;Madrid;Restaurantes;Low cost, Vegetariano, Pizza;1;4;4;14659;14660;14661
15188;ia_773;Aymuray;Madrid;Restaurantes;Peruana, Ceviche | Ají de gallina;0;3;3;;;
15029;ia_613;AYMURAY Cocina Peruana - La Moraleja;Madrid;Restaurantes;Japonesa;0;3;3;;;
176;azca;Azca;Madrid;Fiesta, Qué ver;Zonas de fiesta, Barrios;0;4;4;15090;15091;15092,15094,15095
16675;ia_2398;Azimuth Rooftop Bar;Madrid;Nightlife;Rooftop hotel, Lounge, Chill;0;3;3;;;
14768;ia_330;Azotea del Círculo;Madrid;Restaurantes;Mediterránea, Española, Cócteles, Tapas;0;3;3;;;
14778;ia_344;Azotea Forus Barceló;Madrid;Restaurantes;Mediterránea, Española, Tapas, Cócteles;0;3;3;;;
15030;ia_614;Aztlan;Madrid;Restaurantes;Mediterranea, Tacos;0;3;3;;;
15050;ia_634;A´Barra;Madrid;Restaurantes;Española, Parrillada/BBQ;0;3;3;;;
16579;ia_2300;A’Conchiña;Madrid;Restaurantes;Española / Tradicional, Bar de Tapas / Cervecería;0;3;3;;;
16706;ia_2461;B&B Hotel Madrid Aeropuerto T1 T2 T3;Madrid;Alojamiento;Airport Hotel, Wi‑Fi, desayuno buffet, parking;0;3;3;;;
16717;ia_2472;B&B Hotel Madrid Aeropuerto T4;Madrid;Alojamiento;Airport Hotel, Parking gratuito, desayuno buffet, Wi‑Fi;0;3;3;;;
16700;ia_2455;B&B Hotel Madrid Pinar de las Rozas;Madrid;Alojamiento;Business Hotel, Desayuno buffet, parking gratuito;0;3;3;;;
1792;b-bar;B-Bar;Barcelona;Fiesta;Bares de copas;0;4;4;18961;18963;18962,18964
5223;b12;B12;Madrid;Fiesta;Discotecas;0;4;4;47195;47196;47197,47198
6140;b2cfeaf3-b1f1-43ac-9028-40a25e1fa209;b2cfeaf3-b1f1-43ac-9028-40a25e1fa209;Madrid;Fiesta;Discotecas, Festivales;0;1;3;;;
14795;ia_365;Baan Pad Thai;Madrid;Restaurantes;Tailandesa, Pad Thai, Currys;0;3;3;;;
14592;ia_127;Babel;Madrid;Restaurantes;Internacional / Moderna, Cocina Fusión, Platos Internacionales;0;3;3;;;
1383;bachata_libre_;Bachata Libre ;Madrid;Ocio y eventos;Experiencias y actividades;1;4;3;16556;16557;16558,16560
5253;bacira;Bacira;Madrid;Restaurantes;Top, Mediterranea, Restaurantes;0;4;4;;;47463,47464,47465,47466,47467,47468,47469,47470,47471,47472
17048;ia_2868;Back In Black;Madrid;Eventos;Sala de conciertos;0;3;3;;;
1227;backstreet_boys;Backstreet Boys;Madrid;Ocio y eventos;Conciertos;1;4;3;17846;17847;17848
16627;ia_2349;Bad Company 1920;Madrid;Nightlife;Speakeasy bar;0;4;4;;;
4066;badman_wines;Badman Wines;Ronda;Experiencias y Actividades;Bodegas y Vinos de Ronda;0;4;4;33205;33206;33126,33127,33128,33204,33207
14552;ia_44;Badsha;Madrid;Restaurantes;Massaman Curry, Tandoor, Cocina India;0;3;3;;;
3888;bagua_spa;Bagua Spa;Santo Domingo;Compras;Para ti;1;1;3;;;26569
3889;bagua_spa_puerto_plata;Bagua Spa Puerto Plata;Santo Domingo;Compras;Para ti;0;4;4;26573;26572;26570,26571,26574,26575,26576,26577,26578,26579
1344;bahia_de_las_aguilas;Bahía de las Águilas;Punta Cana;Qué ver;Escapadas, Cool Places;0;4;4;14705;14706;14707,14708,14709,14710
3502;bahia_principe_fantasia_punta_cana;Bahia Principe Fantasia Punta Cana;Punta Cana;Alojamiento;Hoteles;0;4;4;22621;22614;22615,22616,22617,22618,22619,22620,22622,22623
19203;ia_5567;Bailaloloco Silent Disco Tours;Madrid;Experiencias Unicas;Tour guiado (general) · Grupo;0;1;1;73804;73805;73806
15218;ia_803;Baisakhi;Madrid;Restaurantes;Española, Curris, Biryani, Naan;0;3;3;;;
5232;bajo_el_volcan_;Bajo el volcán ;Madrid;Compras;Tiendas, Música, Libros;0;3;3;47286;;47279,47280,47282,47283,47284,47287,47288
14684;ia_229;BAKAN;Madrid;Restaurantes;Mexicana / Alta cocina, Tacos gourmet, Cochinita, Cócteles;0;3;3;;;
15681;ia_1275;Balear Valdebebas;Madrid;Restaurantes;Mediterranea, Mariscos, Pescados, Tapas;0;3;3;;;
1313;balicana_asian_cuisine_;Balicana Asian Cuisine ;Punta Cana;Restaurantes;Tradicionales, Tailandes;0;1;1;15489;15490;15491,15492,15493,15494,15495
121;ballantine´s_true_music_festival_;Ballantine´s True music Festival ;Madrid;Fiesta;Festivales;1;4;4;2639;7391;
17670;ia_3499;Ballin Barber Shop;Madrid;Compras;Peluquerías y barberías, Cortes modernos, barbería urbana, afeitado;0;3;3;;;
17496;ia_3317;Balmain;Madrid;Compras;"Joyerías y relojerías, Relojes de moda; Diseño elegante; Alta relojería suiza";0;3;3;;;
18441;ia_4553;Balneario Termas de Griñón;Madrid;Naturaleza;Termas / aguas termales (outdoor), Urbano-natural, jardines, spa, Hidroterapia, masajes, relax;0;1;1;;;
5592;bam_bam_;Bam Bam ;Madrid;Restaurantes;Trendy, Mexicano, Peruano, Argentino, Brasileño, Restaurantes;0;3;3;48903;48902;48900,48901,48904
5553;bam_bam_restaurante;Bam Bam Restaurante;Madrid;Restaurantes;Trendy;0;1;3;;;48803,48804,48805,48806,48807,48808,48809,48810,48811,48812
5875;bam_bu_ku_;Bam Bu Ku ;Ibiza;Fiesta, Restaurantes, Ocio y eventos;Bares de copas, Zonas de fiesta, Experiencias y actividades, Espectáculos, Ocio, Otro;0;4;4;49884;49883;49696,49697,49698,49699,49885,49886
17036;ia_2856;BAM Karaoke Box Recoletos;Madrid;Eventos;Karaoke premium;0;4;4;;;
3237;bambora;Bambora;Ronda;Fiesta;Bares de copas y Discotecas;1;1;3;;;
3699;bambu_beach_bar;Bambú Beach Bar;Barcelona;Restaurantes;Low cost, Español, Japonés, Americano, Restaurantes;0;4;4;23813;23814;23812,23815,23816,23817,23818,23819,23820,23821
5833;bambuddha_;Bambuddha ;Ibiza;Restaurantes;Top, Trendy, Mediterranea, Fusión, Restaurantes;0;4;4;49898;49901;49897,49899,49900,49902,49903
3514;bana__sala_de_belleza_y_estetica;Bana, Sala de Belleza y Estética;Punta Cana;Compras;Para ti;0;4;4;22738;22736;22737,22739,22740,22741
16445;ia_2113;Bandidos Smash Burger (Leganés);Madrid;Restaurantes;Americana / Hamburguesas, Hamburgueserías;0;3;3;;;
16545;ia_2252;Bandidos Smash Burgers;Madrid;Restaurantes;Americana / Contemporánea, Hamburguesería / Street Food;0;3;3;;;
4351;bang_cook;Bang Cook;Madrid;Restaurantes;Trendy, Tailandes, Restaurantes;0;4;4;38033;38030;37981,37982,37983,37984,37985,37986,37987,37988,37989,37990,38031,38032
5154;bank_bar_manila;Bank bar manila;Filipinas;Fiesta;Discotecas;0;4;4;46296;46301;46297,46298,46299,46300,46302,46303,46304,46305
1235;banksy:_genius_or_vandal;Banksy: Genius or Vandal;Madrid;Ocio y eventos;Exposiciones;0;4;3;16387;16388;16389,16390,16391,16392,16393
17666;ia_3495;BANNI · Elegant Interiors | Madrid;Madrid;Compras;Estudios de arquitectura e interiorismo, Interiorismo, mobiliario de diseño, proyectos personalizados;0;3;3;;;
18449;ia_5641;Baño Árabe Una Experiencia Regeneradora de 90 min;Madrid;Wellness;Hammam;0;1;1;;;
18450;ia_5642;Baño Árabe, Kessa tradicional y Masaje Relajante;Madrid;Wellness;Hammam;0;1;1;;;
18447;ia_5639;Baño kessa tradicional Midra45 y masaje de 30 min;Madrid;Wellness;Hammam;0;1;1;;;
18448;ia_5640;Baño y masaje relajante;Madrid;Wellness;Hammam;0;1;1;;;
3756;banos_arabes_hammam_malaga;Baños Árabes Hammam Malaga;Málaga;Ocio y eventos;Experiencias y actividades;0;4;4;24422;24439;24423,24424,24425,24426,24427,24428,24429,24430,24431
18451;ia_5643;Baños árabes y 15 min de masaje;Madrid;Wellness;Hammam;0;1;1;;;
18452;ia_5644;Baños árabes y 30 min de masaje;Madrid;Wellness;Hammam;0;1;1;;;
18453;ia_5645;Baños árabes y 60 min de masaje;Madrid;Wellness;Hammam;0;1;1;;;
16096;ia_1715;Bao Street;Madrid;Restaurantes;"Fusión Asiática, Baos; Noodles";0;3;3;;;
16446;ia_2114;Baool — Burger dulce‑salado (Leganés);Madrid;Restaurantes;Americana / Hamburguesas, Hamburgueserías / Creativa;0;3;3;;;
4320;bar__tape-art;Bar  Tape-Art;Ronda;Restaurantes;Tapas;0;3;3;37003;37002;37000,42735,42736
4298;bar_5_quinto_tramo;Bar 5 Quinto Tramo;Ronda;Restaurantes;Trendy, Restaurantes;1;1;3;;;
3133;bar_aguanta;Bar Aguanta;Málaga;Fiesta;Bares de copas;0;1;3;20605;20601;20598,20599,20600,20602,20603,20604,20606,20607
3534;bar_antonio;Bar Antonio;Ronda;Restaurantes;Low cost, Tapas, Español, Restaurantes, Bares y Pubs;0;4;4;27348;27350;27349,27351,27352,27353,27354,27355,27356,27357,27358
15798;ia_1392;Bar Bistró;Madrid;Restaurantes;Mediterranea, Tapas, Cocina mediterránea;0;3;3;;;
16395;ia_2029;Bar Cafetería – Tostas Creativas;Madrid;Restaurantes;Internacional;0;3;3;;;
6005;bar_cerveceria_la_cofradia;Bar Cervecería La Cofradía;Ronda;Restaurantes;Tradicionales, Español, Restaurantes;0;4;4;50124;50118;50119,50121,50122,50123
3436;bar_de_tapas_camelot;Bar de Tapas Camelot;Ronda;Restaurantes;Tapas;0;4;4;22209;;22210,22211,22212,22213,22214,22215,22216,22217,22218
3146;bar_del_mercado_del_carmen_malaga;Bar Del Mercado Del Carmen Málaga;Málaga;Restaurantes;Tradicionales, Experiencias y actividades;0;1;3;20724;20723;20725,20726,20727,20728,20729,20730,20731,20732
4299;bar_el_convento;Bar el Convento;Ronda;Restaurantes;Trendy, Español, Bares y Pubs, Restaurant & Shop;0;4;4;36886;;36887,36888,36889
15878;ia_1492;Bar Factory;Madrid;Restaurantes;Española / Internacional, Tapas, Platos creativos;0;3;3;;;
15914;ia_1530;Bar Fomento;Madrid;Restaurantes;Española;0;3;3;;;
205;bar_hawaiano_mauna_loa;Bar Hawaiano MAUNA LOA;Madrid;Fiesta;Bares de copas;1;4;4;7069;7070;
3388;bar_jerez;Bar Jerez;Ronda;Restaurantes;Tradicionales, Español, Restaurantes;0;4;4;25788;26471;26459,26460,26461,26462,26470
15337;ia_922;Bar La Andaluza - Al Sabor Catracho;Madrid;Restaurantes;Española, Baleadas, Pupusas, Carnes;0;3;3;;;
4449;bar_la_beata;Bar La Beata;Barcelona;Restaurantes;Top, Bares y Pubs;0;3;3;;;40309,40310,40312,40313,40314,40315,40316,40317,40318
4008;bar_la_vespa;Bar La Vespa;Aranjuez;Restaurantes;Trendy, Restaurantes, Bares y Pubs;0;3;3;30168;30173;
15945;ia_1562;Bar Lacaña de Lavapiés S.L;Madrid;Restaurantes;"Española, Tapas; Vinos; Quesos";0;3;3;;;
16466;ia_2141;Bar Macarena;Madrid;Restaurantes;Española / Tradicional, Cocina casera • Carnes exóticas;0;3;3;;;
16562;ia_2275;Bar Macarena;Madrid;Restaurantes;Española / Andaluza, Taberna / Tapas;0;3;3;;;
3373;bar_maestro;Bar Maestro;Ronda;Restaurantes;Low cost, Español, Restaurantes;1;4;4;26280;26284;42693,42694,42695,42696
16394;ia_2026;Bar Martín;Madrid;Restaurantes;Española, Gourmet;0;3;3;;;
16389;bar_melo’s;Bar Melo’s;Madrid;Restaurantes;Española;0;4;4;;;74438,74439,74440,74441,74443,74444
1759;bar_muy_buenas;BAR MUY BUENAS;Barcelona;Restaurantes;Español, Restaurantes;1;3;3;;;
15008;ia_592;Bar Restaurante 2022;Madrid;Restaurantes;Española;0;3;3;;;
14826;ia_400;Bar Restaurante Albariño;Madrid;Restaurantes;Gallega, Española, Tapas, Cocina gallega;0;3;3;;;
15980;ia_1597;Bar Restaurante Casa Pepe 1899;Madrid;Restaurantes;"Española, Tapas; Guisos; Menú Diario";0;3;3;;;
15951;ia_1568;Bar restaurante Dominguez;Madrid;Restaurantes;"Española, Comida Casera; Tapas; Menú Diario";0;3;3;;;
15616;ia_1207;Bar restaurante doña Marthita;Madrid;Restaurantes;Ecuatoriana / Latinoamericana, Casera / Platos tradicionales / Jugo natural;0;3;3;;;
15941;ia_1558;Bar Restaurante Donde José;Madrid;Restaurantes;"Española, Comida Casera; Tapas; Raciones";0;3;3;;;
15953;ia_1570;Bar restaurante El Despacho Clandestino;Madrid;Restaurantes;"Internacional, Tapas Gourmet; Cócteles";0;3;3;;;
14800;ia_370;Bar Restaurante El Roble;Madrid;Restaurantes;Española, Tapas, Guisos;0;3;3;;;
14671;ia_216;Bar Restaurante kausachun;Madrid;Restaurantes;Peruana / Tradicional, Ceviches, Lomo saltado, Ají de gallina;0;3;3;;;
15987;ia_1604;Bar Restaurante La Brasa;Madrid;Restaurantes;"Española, Carnes; Comida Casera; Menú Diario";0;3;3;;;
16019;ia_1636;Bar Restaurante La esquina del Calderón;Madrid;Restaurantes;"Española, Tapas; Raciones; Menú Diario";0;3;3;;;
15916;ia_1532;Bar Restaurante La Herradura;Madrid;Restaurantes;Española;0;3;3;;;
16576;ia_2296;Bar Santa Elena;Madrid;Restaurantes;Española / Tradicional, Bar de Tapas / Cervecería;0;3;3;;;
15923;ia_1540;Bar Sidrería Aviseo;Madrid;Restaurantes;"Asturiana, Cachopos; Fabada; Sidra";0;3;3;;;
4292;bar_tape-art;Bar Tape-Art;Ronda;Restaurantes;Tapas;1;3;3;;;
15065;ia_649;Bar Terraza El Madroño;Madrid;Restaurantes;Española, Tortilla de patata;0;3;3;;;
15152;ia_736;Bar Toboggan;Madrid;Restaurantes;Mediterranea, Tortilla de patatas | Torreznos | Montadito de calamares | Gyozas;0;3;3;;;
547;bar_tomate;Bar Tomate;Madrid;Restaurantes;Trendy, Español, Restaurantes, Restaurant & Club;0;4;4;16445;16446;16447,16448,16450,16451,16452
4635;bar_toro_tapa;Bar Toro Tapa;Ronda;Restaurantes;Trendy, Español, Restaurantes;0;3;3;41574;41576;41575,41577
3459;bar_trattoria_mamma_luisa;Bar Trattoria Mamma Luisa;Punta Cana;Restaurantes;Trendy;0;4;4;22440;22439;22436,22437,22438,22441,22442,22444
16580;ia_2301;Bar Villachica;Madrid;Restaurantes;Española / Tradicional, Bar de tapas;0;3;3;;;
3171;bar_volapie;Bar Volapié;Ronda;Fiesta;Bares de copas y Discotecas;0;4;4;26100;26101;25548
15675;ia_1269;BAR- CAFETERIA-MARISQUERIA SIDNEY;Madrid;Restaurantes;Mediterranea, Mariscos, Pescados;0;3;3;;;
16023;ia_1640;Bar-Restaurante Colores y Sabores Comida Senegalesa y Dominicana;Madrid;Restaurantes;"Africana, Mafé; Yassa; Zumos";0;3;3;;;
15073;ia_657;Baraat;Madrid;Restaurantes;Internacional, Curry;0;3;3;;;
1337;barahona;Barahona;Punta Cana;Qué ver;Barrios;0;4;4;15565;15566;15567,15568,15569,15570,15571,15572,15573,15574
15541;ia_1128;Baraka’s;Madrid;Restaurantes;restaurante, Mediterránea, Americana;0;3;3;;;
5792;barbara_ann;Barbara Ann;Madrid;Restaurantes;Trendy, Fusión, Restaurantes;0;3;3;49557;;
3263;barbatuke;Barbatuke;Málaga;Alojamiento;Low cost;0;1;3;21299;21297;21291,21293,21294,21295,21296,21298,21300
17671;ia_3500;Barber Shop GYCELOJ Aluche;Madrid;Compras;Peluquerías y barberías, Cortes clásicos, afeitado, cuidado de barba;0;3;3;;;
18512;ia_5705;Barber Shop — BARBAROS BARBER SHOP;Madrid;Wellness;Barbería;0;1;1;;;
17218;ia_3038;Barber's Peluqueros;Madrid;Compras;"Peluquerías y barberías, Barbería moderna; Cortes de tendencia; Atención personalizada";0;3;3;;;
18479;ia_5672;Barbería Bandi2;Madrid;Wellness;Barbería;0;1;1;;;
17224;ia_3044;Barbería Chester;Madrid;Compras;"Peluquerías y barberías, Barbería clásica; Estilo inglés; Atención personalizada";0;3;3;;;
17234;ia_3054;Barbería Chester;Madrid;Compras;"Peluquerías y barberías, Barbería clásica; Estilo inglés; Atención personalizada";0;3;3;;;
17217;ia_3037;Barbería Mirasierra;Madrid;Compras;"Peluquerías y barberías, Barbería de barrio; Servicios de afeitado; Cortes modernos";0;3;3;;;
17216;ia_3036;"Barberia Peluquería "" Asere Q' Bola """;Madrid;Compras;"Peluquerías y barberías, Barbería tradicional; Estilo clásico; Atención cercana";0;3;3;;;
15668;ia_1262;Barbillón Oyster;Madrid;Restaurantes;Mediterranea, Mariscos, Ostras;0;3;3;;;
17590;ia_3419;Barbour–Tenkey;Madrid;Compras;Ropa y accesorios, Asesoría de imagen, marcas internacionales;0;3;3;;;
3808;barbudo_restaurant;Barbudo Restaurant;Punta Cana;Restaurantes;Trendy, Fusión, Restaurantes;0;4;4;24888;24899;24889,24890,24891,24892,24893,24894,24895,24896,24897
3892;barcelo_bavaro_palace;Barceló Bávaro Palace;Punta Cana;Alojamiento;Hoteles;0;4;4;26596;26600;26597,26598,26599,26601,26602,26603,26604,26605
175;barcelo_emperatriz_5;Barceló Emperatriz 5*;Madrid;Alojamiento;Hoteles;0;4;4;15586;15587;15588,15589,15590,15591,15592,15593
1894;barcelo_malaga;Barceló Málaga;Málaga;Alojamiento;Hoteles, Gimnasio, Wifi, Estética, Bar;0;1;3;19712;19711;19707,19708,19709,19710
4344;barcelo_occidental_aranjuez;Barcelo Occidental Aranjuez;Aranjuez;Alojamiento;Hoteles, Spa;0;4;4;37477;37865;37474,37475,37476,37478,37479,37480,37481,37482,37483,37866,37867
16795;ia_2550;Barcelo Torre De Madrid;Madrid;Alojamiento;Design Hotel, Spa, piscina cubierta, restaurante, bar;0;3;3;;;
3737;barcelona_beach_festival;Barcelona Beach Festival;Barcelona;Fiesta;Festivales;0;4;4;24350;24346;24345,24347,24348,24349
3728;barcelona_urbany_hostel;Barcelona Urbany Hostel;Barcelona;Alojamiento;Low cost;0;4;4;24265;24266;24258,24259,24260,24261,24262,24263,24264,24267
18676;ia_4923;Barcelona: Excursión de un día desde Madrid - Madrid;Madrid;Experiencias Unicas;Excursión de día (Day trip);0;1;1;73809;73808;73807
3831;barceloneta;Barceloneta;Barcelona;Qué ver;Escapadas;0;4;4;27041;27039;27040,27042
15525;ia_1112;BarEltole;Madrid;Restaurantes;Mediterranea, Restaurante, Tapas;0;3;3;;;
15304;ia_889;BARETO ALCALÁ;Madrid;Restaurantes;Española, Tapas, Platos caseros;0;3;3;;;
14974;ia_558;Barmitón;Madrid;Restaurantes;Española;0;3;3;74289;74291;74290,74292,74293
15495;ia_1082;Barra Alta Madrid;Madrid;Restaurantes;Mediterranea, Restaurante de tapas;0;3;3;;;
14622;ia_161;Barra Amelia;Madrid;Restaurantes;Moderna / Española, Tapas Creativas, Cocina de Autor;0;3;3;;;
315;barra_de_pintxos;Barra de Pintxos;Madrid;Restaurantes;Tradicionales, Español;0;4;4;14603;14604;
15243;ia_828;Barra de Pintxos Montecarmelo;Madrid;Restaurantes;Española, Pintxos, Tapas, Raciones;0;3;3;;;
3835;barra_payan;Barra Payán;Santo Domingo;Restaurantes;Low cost;0;4;4;25361;25368;25362,25363,25364,25365,25366,25367,25370
18618;ia_5821;Barrabés (Montaña) — Barrabés Esquí y Montaña;Madrid;Deportes;Montañismo / Esquí / Escalada;0;1;1;73442;73444;
17620;ia_3449;Barrabés Ski and Mountain;Madrid;Compras;Deportes de montaña y esquí, Asesoría técnica, material profesional;0;3;3;;;
15627;ia_1221;BarraCruda SUSHI;Madrid;Restaurantes;Japonesa / Fusión, Sushi / Nigiri / Sashimi;0;3;3;;;
14572;ia_92;Barracuda Mx;Madrid;Restaurantes;Mexicana / Moderna, Mariscos, Tacos, Cocina Mexicana Creativa;0;3;3;;;
5303;barranquismo_;Barranquismo ;Ronda;Experiencias y Actividades;Experiencias y Actividades, Actividades Deportivas;0;4;4;47850;47856;47852,47855,47858
1831;barrio_de_lagunillas;Barrio de Lagunillas;Málaga;Qué ver;Barrios;0;1;3;19357;19354;19355,19356
17699;ia_3530;Barrio de las Letras Madrid: Visita guiada a pie;Madrid;Arte y Cultura;Museo de arte clásico / pinacoteca, Exposiciones temporales, jardín vertical;0;3;3;;;
18402;ia_4512;Barrio de Lavapiés;Madrid;Naturaleza;Excursión / day trip, Plazas arboladas urbanas, Ambiente multicultural, arte urbano;0;1;1;;;
4233;barrio_de_padre_jesus;Barrio de Padre Jesús;Ronda;Qué ver;Barrios;0;4;4;36209;36211;36147,36148,36155,36208,36210,36212
45;barrio_de_salamanca;Barrio de Salamanca;Madrid;Compras, Qué ver;Zonas de compras, Barrios;0;4;4;14393;14394;14395,14397
4235;barrio_de_san_francisco;Barrio de San Francisco;Ronda;Qué ver;Barrios, Arquitectura: plazas y monumentos;0;4;4;42821;42819;39168,39169,39170,39171
4109;barrio_la_montana_aranjuez;Barrio La Montaña Aranjuez;Aranjuez;Qué ver;Barrios;0;4;4;34007;34010;33973,33974
1860;barsovia;Barsovia;Málaga;Fiesta;Bares de copas, Comercial;0;3;3;19571;19572;19573
14821;ia_394;Basant;Madrid;Restaurantes;India, Curries, Naan, Tandoori;0;3;3;;;
14685;ia_230;Bascoat;Madrid;Restaurantes;Vasca / Creativa, Pintxos, Mariscos, Cocina de autor;0;3;3;;;
808;basic-fit_;Basic-Fit ;Madrid;Compras;Para ti;0;4;4;17692;17693;17694,17696
18617;ia_5820;Basic-Fit;Madrid;Deportes;Fitness;0;1;1;73440;73439;
16561;ia_2274;Basics by Goiko;Madrid;Restaurantes;Americana, Hamburguesería;0;3;3;;;
16602;ia_2324;Basik Sessions;Madrid;Nightlife;Fiesta underground / Club itinerante;0;3;3;;;
3628;basilica_catedral_nuestra_senora_de_la_altagracia;Basílica Catedral Nuestra Señora de La Altagracia;Punta Cana;Qué ver;Museos, Parques, Cool Places;0;4;4;23375;23374;23373,23376,23377,23378,23379,23380
1596;basilica_santa_maria_del_mar;Basilica Santa María Del mar;Barcelona;Qué ver;Plazas y monumentos, Arquitectura;0;4;4;18408;18406;18407,28350
14506;ia_55;BASMATI;Madrid;Restaurantes;Massaman Curry, Tandoor, Cocina India;0;3;3;;;
522;batavia_decoracion;Batavia ;Madrid;Compras;Tiendas, Decoración;0;4;4;17140;17141;17143
1884;batik;Batik;Málaga;Restaurantes;Trendy, Mediterranea, Restaurantes;0;1;3;19662;19664;19663,19665
18361;ia_4408;Bauhaus artes y oficios;Madrid;Arte y Cultura;Barrio / zona histórica, artes aplicadas, cursos de artes aplicadas, Cursos de arte y artes aplicadas;0;1;1;73717;73716;73719
1345;bayahibe;Bayahibe;Punta Cana;Compras, Ocio y eventos;Zonas de compras, Marcas y Productos Locales, Experiencias y actividades;0;4;4;18206;18207;18208,18209,18210,18211,18212,18213
14497;ia_28;Bayres Beef Argentina en Tapas;Madrid;Restaurantes;Argentino, Carne, Parrillada/BBQ, Tapas;0;3;3;;;
16281;ia_1900;BBQ Brothers;Madrid;Restaurantes;"Americana, Costillas BBQ; Hamburguesas";0;3;3;;;
16216;ia_1835;BBQ House;Madrid;Restaurantes;"Americana, Costillas; Brisket";0;3;3;;;
16161;ia_1780;BBQ Station;Madrid;Restaurantes;"Americana, Costillas; Hamburguesas";0;3;3;;;
16500;ia_2186;BDP Burger;Madrid;Restaurantes;Americana / Fusión, Hamburguesería gourmet;0;3;3;;;
14597;ia_133;BDP Burger Alberto Alcocer;Madrid;Restaurantes;Americana, Hamburguesas Gourmet, Patatas, Cocina Americana;0;3;3;;;
14619;ia_158;BDP Smash Chueca;Madrid;Restaurantes;Americana, Smash Burgers, Patatas Fritas, Cocina Americana;0;3;3;;;
926;be_boo;Be Boo;Madrid;Compras;Para ti, Peluqueria;0;4;4;15432;15433;15434,15435
5138;be_chocolat_barcelona;Be Chocolat barcelona;Barcelona;Compras;Tiendas;0;3;3;;46345;46081,46082,46083,46084,46085,46087,46088,46089,46090,46344
1291;beach_garden_;Beach Garden ;Punta Cana;Alojamiento;Apartamentos, Naturaleza, Terraza, Wifi;0;4;4;18042;18043;
16633;ia_2355;Bearbie Madrid;Madrid;Nightlife;Gay bar;0;3;3;;;
17462;ia_3283;Beat Haldimann;Madrid;Compras;"Joyería y relojería de lujo, Relojes mecánicos únicos; Alta relojería suiza; Producción limitada";0;3;3;;;
17286;ia_3106;Beauty Spa Color Y Uñas;Madrid;Compras;"Centros de estética, Centro de estética; Uñas y color; Tratamientos completos";0;3;3;;;
16681;ia_2436;Bed Madrid Hostel;Madrid;Alojamiento;hostel, Wi‑Fi, ambiente social;0;3;3;;;
14816;ia_388;Bee Beer Chueca;Madrid;Restaurantes;Española, Internacional, Cervezas artesanas, Tapas;0;3;3;;;
1401;beer_station;Beer Station;Madrid;Fiesta, Restaurantes;Salas de concierto, Trendy, Restaurantes, Restaurant & Club;0;4;3;14459;14460;14461,14464,14465,14466
16447;ia_2115;BEHER;Madrid;Restaurantes;Española / Ibéricos, Jamonería • Degustación;0;3;3;;;
14707;ia_256;Beiruti - Auténtica Cocina Libanesa;Madrid;Restaurantes;Libanesa, Mezze, Shawarma;0;3;3;;;
15340;ia_925;Beker 6;Madrid;Restaurantes;Mediterranea, Pescados, Carnes, Opciones vegetarianas;0;3;3;;;
4122;bel_mondo_madrid;Bel Mondo Madrid;Madrid;Restaurantes;Top, Trendy, Italiano, Restaurantes;0;4;4;35446;35440;35439,35441,35442,35443,35444,35445,35447,35448
15748;ia_1342;Believe Life & Food;Madrid;Restaurantes;Internacional, Platos saludables, Cocina internacional;0;3;3;;;
17402;ia_3223;Bell & Ross;Madrid;Compras;"Joyería y relojería de lujo, Relojes de aviación; Estilo militar; Alta relojería";0;3;3;;;
17287;ia_3107;Belleza Integral 10- Salón de Peluquería y Estética;Madrid;Compras;"Centros de estética, Salón de belleza; Estética integral; Servicios personalizados";0;3;3;;;
15122;ia_706;Bellini Food and Bar;Madrid;Restaurantes;Mediterranea, Croquetas | Ensaladilla | Tortilla Española | Bocatas & Sandwiches | Jamón y Ibéricos | Torreznos;0;3;3;;;
1886;beluga;Beluga;Málaga;Restaurantes;Top, Mediterranea, Restaurantes;0;1;3;19674;19673;19672
1215;bely_basarte_en_teatro_barcelo;Bely Basarte en Teatro Barceló;Madrid;Ocio y eventos;Conciertos;1;4;3;15775;15776;15777,15778,15779,15780,15781,15782
4480;benalauguia;Benalauguía;Ronda;Experiencias y Actividades;Experiencias y Actividades;0;4;3;;;
15476;ia_1063;Benares Madrid;Madrid;Restaurantes;"India, Currys; Tandoori; Naan";0;3;3;;;
18509;ia_5702;Bendita Piel;Madrid;Wellness;Centro de estética;1;1;1;;;
15717;ia_1311;Benjis Bar;Madrid;Restaurantes;Internacional, Tapas, Platos internacionales;0;3;3;;;
16457;ia_2128;Bennu Xio – Papamanía;Madrid;Restaurantes;Street food / Fusión, Food bar / Casual;0;3;3;;;
5661;beret_concierto;Beret Concierto;Madrid;Ocio y eventos;Conciertos;0;4;3;49380;49381;
5136;berimbao;Berimbao;Barcelona;Fiesta;Bares de copas;0;4;4;;;
5216;berimbau;Berimbau;Barcelona;Fiesta;Bares de copas;0;4;4;47059;47054;47052,47053,47055,47056,47057,47058,47060,47061
15750;berria_wine_bar;Berria Wine Bar;Madrid;Restaurantes;Española, Tapas, Vinos;0;4;4;;;74446,74447,74448,74449,74450
15024;ia_608;BEST PRINCESA;Madrid;Restaurantes;Española;0;3;3;;;
15650;ia_1244;Bestial By Rosi La Loca;Madrid;Restaurantes;Fusión / Internacional, Tapas / Carnes / Pescados;0;3;3;;;
15231;ia_816;Beytna;Madrid;Restaurantes;Libanesa, Mezzes, Carnes, Platos vegetarianos;0;3;3;;;
16564;ia_2277;Bibi Burger;Madrid;Restaurantes;Americana, Hamburguesería artesanal;0;3;3;;;
17158;ia_2978;Bibì e Bibò;Madrid;Compras;"Heladerías, Heladería artesanal; Sabores italianos; Productos frescos";0;3;3;;;
18278;ia_4436;Biblioteca Nacional de España;Madrid;Arte y Cultura;Iglesia / templo, Manuscritos, archivos, exposiciones;0;3;3;74404;74406;74405,74407,74408
1454;bibo_madrid;BIBO Madrid;Madrid;Restaurantes;Top, Español, Mediterranea, Restaurantes;1;4;4;36477;36476;11161,11163,11164,11166
14860;ia_436;BiBo Madrid by Dani García;Madrid;Restaurantes;Andaluza, Comida Fusión, Alta cocina, Platos de autor;0;3;3;;;
14606;bichopalo;Bichopalo;Madrid;Restaurantes;Creativa / Moderna, Cocina de Autor, Menú Degustación;0;4;4;74454;74451;74452,74453,74455,74456
17700;ia_3531;Bienvenido a Madrid: recorrido introductorio a pie privado de medio día;Madrid;Arte y Cultura;Puerta del Sol (plaza icónica), Exposiciones, teatro, cine;0;3;3;;;
17701;ia_3532;Bienvenido al recorrido a pie por Madrid;Madrid;Arte y Cultura;Museo de historia, Carta de Juan de la Cosa, maquetas navales;0;3;3;;;
3877;bifana_bar;Bifana Bar;Ronda;Restaurantes;Trendy, Español, Mediterranea, Fusión, Restaurantes;0;4;4;26033;26034;25986,25987,25991,25992,25993,25994,25995,26027
17702;ia_3533;Big Bus Madrid: Recorrido turístico Hop-on Hop-off;Madrid;Arte y Cultura;Excursión / day trip, Trajes históricos, alta costura;0;3;3;;;
17703;ia_3534;Big Bus Madrid: Visita panorámica en autobús descapotable;Madrid;Arte y Cultura;Museo de ciencia y tecnología, Dinosaurios, fósiles, minerales;0;3;3;;;
19202;ia_5566;Big Mama Swing;Madrid;Experiencias Unicas;Clase/Taller de baile;0;1;1;73812;73810;73811
812;bikram_yoga_spain;Bikram Yoga Spain;Madrid;Compras;Para ti;0;4;4;17843;17844;17845
1355;billy_elliot;Billy Elliot;Madrid;Ocio y eventos;Espectáculos;0;4;4;15411;15412;15413,15415,15417,15419,15420,15421,15422
17332;ia_3153;Bimba y Lola;Madrid;Compras;"Ropa y accesorios, Accesorios de moda; Diseños originales; Estilo contemporáneo";0;3;3;;;
17194;ia_3014;BIORETIRO * La Tienda Ecológica * *Tienda a Granel*;Madrid;Compras;"Productos ecológicos y naturales, Tienda ecológica; Venta a granel; Productos sostenibles";0;3;3;;;
15952;ia_1569;Bistro Bar Restaurante;Madrid;Restaurantes;"Mediterranea, Tapas Gourmet; Vinos; Ensaladas";0;3;3;;;
16089;ia_1708;Bistro París;Madrid;Restaurantes;"Francesa, Quiche; Ratatouille";0;3;3;;;
16256;ia_1875;Bistro Paris;Madrid;Restaurantes;"Francesa, Quiche; Soufflé";0;3;3;;;
15285;ia_870;Bistronomika;Madrid;Restaurantes;Española, Pescados, Mariscos;0;3;3;;;
5997;bistrot_bagatelle;Bistrot Bagatelle;Dubai;;;0;4;3;50096;50093;50092,50094,50095
5108;bistrot_levante_;Bistrot levante ;Barcelona;Restaurantes;Dog Friendly;0;4;4;45923;45922;45921,45924,45925,45926,45927,45928,45929,45930
15619;ia_1211;Bitute Fusion Food;Madrid;Restaurantes;Peruana / Nikkei, Street food / Arroz chaufa / Rolls;0;3;3;;;
15497;ia_1084;BIZZO! Bernabéu;Madrid;Restaurantes;Italiana, Pizzería;0;3;3;;;
17243;ia_3063;Black Deal Tattoo;Madrid;Compras;"Tatuajes y piercings, Estudio de tatuajes; Diseños personalizados; Arte alternativo";0;3;3;;;
721;black_is_black_;Black is black ;Madrid;Fiesta;Festivales, Otro;0;4;4;14999;15000;
1089;black_peaks_+_tusky_+_the_prestige;Black Peaks + Tusky + The Prestige;Madrid;Ocio y eventos;Conciertos;0;4;4;15287;15288;
567;black_pepper_san_vicente_ferrer;Black Pepper & Co;Madrid;Compras;Tiendas;0;4;4;18181;18182;18183,18185
17149;ia_2969;Black Pepper &Co;Madrid;Compras;"Tiendas a granel y especias, Tienda gourmet; Especias únicas; Atención personalizada";0;3;3;;;
1381;blackhaus_madrid;BlackHaus Madrid;Madrid;Fiesta;Discotecas, Salas de concierto, Electrónica, Comercial, Reggeaton;0;4;3;18144;18145;18146,18147,18149,18150,18151,18152
5152;blackwell_rum_bar_jamaica_;Blackwell Rum Bar Jamaica ;Filipinas;Fiesta;Bares de copas;0;4;4;46281;46276;46277,46278,46279,46280,46282,46283,46284,46285
17390;ia_3211;Blancpain;Madrid;Compras;"Joyería y relojería de lujo, Relojes de lujo; Innovación en buceo; Tradición suiza";0;3;3;;;
1351;bless_hotel;Bless Hotel;Madrid;Alojamiento;Hoteles, Terraza;1;4;3;17407;17408;17411,17412,17413,17414,17416,17417,17418,17419
5907;bless_hotel_;Bless Hotel ;Ibiza;Alojamiento;Hoteles, Gimnasio, Wifi, Restaurante, Bar, Concierge;0;3;3;49779;;49780,49781
16826;ia_2583;BLESS Hotel Madrid;Madrid;Alojamiento;Hoteles, Spa exclusivo y rooftop panorámico;0;3;3;;;
16835;ia_2598;Bless Hotel Madrid: glamour contemporáneo en Salamanca;Madrid;Alojamiento;Hoteles, Restaurante con estrella Michelin y rooftop;0;3;3;;;
3670;bless_this_mess_vintage;Bless This Mess Vintage;Málaga;Compras;Tiendas, Coleccionista;0;4;4;25131;23693;25132
843;blessed_art_;Blessed Art ;Madrid;Compras;Para ti;0;4;4;15236;15237;
1363;bling_bling_;Bling Bling ;Madrid;Fiesta;Discotecas, Comercial, Reggeaton;0;4;4;18892;18890;15537,18891,18893,18894,18895
18500;bliss_yogis;Bliss Yogis;Madrid;Wellness;Centro de yoga;0;4;4;;;74007,74008
1279;bluemall_punta_cana;BlueMall Punta cana;Punta Cana;Compras;Centros comerciales, Zonas de compras;0;4;4;17747;17748;17749,17750,17751,17752,17753,17754,17755,17756,17757,17758,17759
3860;bluemall_santo_domingo;BlueMall Santo Domingo;Santo Domingo;Compras;Centros comerciales;0;4;4;25513;25512;25501,25502,25503,25504,25505,25506,25507,25508,25509,25510
1794;boadas;Boadas;Barcelona;Fiesta;Bares de copas;0;4;4;18980;18981;18982
3150;boat_copas_malaga;Boat Copas Málaga;Málaga;Fiesta;Discotecas;0;1;3;20768;20763;20764,20765,20766,20767,20769,20770,20771,20772
16567;ia_2280;Bobby’s en The Champions Burger;Madrid;Restaurantes;Americana, Hamburguesería;0;3;3;;;
15046;ia_630;BOCADOS BURGER MIRASIERRA;Madrid;Restaurantes;India, Samosas;0;3;3;;;
16403;bodega_ardosa;Bodega Ardosa;Madrid;Restaurantes;Española;0;4;4;;;74198,74199,74200,74201,74202,74203,74204
3925;bodega_cortijo_los_aguilares_;Bodega Cortijo los Aguilares ;Ronda;Experiencias y Actividades;Bodegas y Vinos de Ronda;0;4;4;28335;28337;28336,28338,28339,28340,28341,28342,28343,28344
3931;bodega_cuesta_de_la_vina;Bodega Cuesta De La Viña;Ronda;Experiencias y Actividades;Bodegas y Vinos de Ronda;0;4;4;28411;28412;28413,28416
15997;bodega_de_los_secretos;Bodega de los Secretos;Madrid;Restaurantes;"Mediterranea, Pulpo; Mediterránea Creativa; Vinos";0;4;4;74130;74131;74132,74133,74134,74135
3926;bodega_descalzos_viejos_;Bodega Descalzos Viejos ;Ronda;Experiencias y Actividades;Experiencias y Actividades, Bodegas y Vinos de Ronda;0;3;3;28352;28353;28351,28354,28355,28356,28358
3927;bodega_dona_felisa;Bodega Doña Felisa;Ronda;Experiencias y Actividades;Bodegas y Vinos de Ronda;0;4;4;44706;28363;28364,28365,28366,28367,28368,28369,28370,28371,28372,44707,44708,44709,44710
3462;bodega_el_socorro;Bodega El Socorro;Ronda;Restaurantes;Tapas;0;4;4;22467;22468;22465,22466
3930;bodega_f.schatz;Bodega F.Schatz;Ronda;Experiencias y Actividades;Bodegas y Vinos de Ronda;0;4;4;28400;28403;28401,28404,28405,28406,28407,28408
4079;bodega_fernandez_bolet;Bodega Fernández Bolet;Ronda;Experiencias y Actividades;Bodegas y Vinos de Ronda;0;4;4;33475;33476;33477,33478
3898;bodega_gonzalo_beltran;Bodega Gonzalo Beltrán;Ronda;Experiencias y Actividades;Bodegas y Vinos de Ronda;0;4;4;26663;26656;26657,26658,26659,26660,26661,26662,26664,26665
3903;bodega_joaquin_fernandez;Bodega Joaquín Fernández;Ronda;Experiencias y Actividades;Bodegas y Vinos de Ronda;0;1;1;26763;26762;26764,26765,26766,26767,26768,26769,26770,26771
3901;bodega_kieninger;BODEGA KIENINGER;Ronda;Experiencias y Actividades;Bodegas y Vinos de Ronda;0;4;4;26695;26687;26686,26688,26689,26690,26692,26693
3905;bodega_la_melonera;Bodega La Melonera;Ronda;Experiencias y Actividades;Bodegas y Vinos de Ronda;0;4;4;26804;26803;26805,26807,26808,26809
3397;bodega_la_verdad;Bodega La Verdad;Ronda;Restaurantes;Tradicionales;0;4;4;26514;;26515,26516,26518,26519
18677;ia_4927;Bodega privada y experiencia de almuerzo a una hora de Madrid - Madrid;Madrid;Experiencias Unicas;Cata/Maridaje de vino / Bodega;0;1;1;73815;73813;73814
5297;bodega_real_cortijo_de_carlos_iii;Bodega Real Cortijo de Carlos III;Aranjuez;Alojamiento;Villas;0;1;3;;;47817,47818,47819,47820,47821,47822,47823,47824,47825,47826
3438;bodega_san_francisco;Bodega San Francisco;Ronda;Restaurantes;Tapas;0;3;3;22236;22231;22229,22230,22232,22233,22234,22235,22237,22238
17143;ia_2963;Bodega SANZ;Madrid;Compras;"Bodegas y tiendas de vino, Bodega tradicional; Vinos selectos; Atención personalizada";0;3;3;;;
3899;bodega_vetas;Bodega Vetas;Ronda;Experiencias y Actividades;Bodegas y Vinos de Ronda;0;4;4;26666;26667;26668,26669,26670,26671,26672,26673,26674,26675
19247;ia_5622;Bodegas Casas;Madrid;Experiencias Unicas;Degustación / experiencia gastronómica;0;1;1;73818;73816;73817
4068;bodegas_conrad;Bodegas Conrad;Ronda;Experiencias y Actividades;Bodegas y Vinos de Ronda;0;4;4;33303;;33302,33304
665;bodegas_de_madrid:_tour_y_degustaciones;Bodegas de Madrid: tour y degustaciones;Madrid;Ocio y eventos;Experiencias y actividades, Cultura, Gastronomía;0;4;4;16804;16805;
17188;ia_3008;Bodegas de Rioja;Madrid;Compras;"Bodegas y tiendas de vino, Bodega tradicional; Vinos de Rioja; Catas exclusivas";0;3;3;;;
5793;bodegas_el_mano;BODEGAS EL MAÑO;Madrid;Restaurantes;Tradicionales, Español, Restaurantes;0;4;4;74736;74738;49558,74734,74735,74737
3928;bodegas_excelencia_;Bodegas Excelencia ;Ronda;Experiencias y Actividades;Bodegas y Vinos de Ronda, Actividades Ronda;0;4;4;28389;28382;28383,28384,28385,28386,28387,28388
4077;bodegas_fernandez_bolet;Bodegas Fernández Bolet;Ronda;Experiencias y Actividades;Bodegas y Vinos de Ronda;0;4;4;38427;37394;38426
3929;bodegas_garcia_hidalgo;Bodegas Garcia Hidalgo;Ronda;Experiencias y Actividades;Bodegas y Vinos de Ronda;0;4;4;28391;28399;28390,28392,28393,28394,28395,28396,28398
3765;bodegas_la_sangre_;Bodegas La Sangre ;Málaga;Ocio y eventos;Experiencias y actividades, Ocio;0;4;4;24482;24485;24481,24483,24484,24486,24487,24488,24489
3902;bodegas_lunares;Bodegas Lunares;Ronda;Experiencias y Actividades;Bodegas y Vinos de Ronda;0;3;3;47143;47147;47144,47145,47146,47148
3900;bodegas_morosanto;Bodegas Morosanto;Ronda;Experiencias y Actividades;Bodegas y Vinos de Ronda;0;4;4;26676;26679;26677,26678,26680,26681,26682
17198;ia_3018;Bodegas Sanz Vinos y Licores;Madrid;Compras;"Bodegas y tiendas de vino, Bodega tradicional; Vinos y licores; Catas personalizadas";0;3;3;;;
5598;bodegas_y_vinedos_casa_del_valle;Bodegas y Viñedos Casa del Valle;Aranjuez;Ocio y eventos;Experiencias y actividades;0;4;4;49005;49000;49001,49002,49003,49004,49006,49007,49008,49009
4291;bodeguita__el_coto;Bodeguita  el Coto;Ronda;Restaurantes;Low cost, Español, Restaurantes;1;4;4;38436;38434;38435
3372;bodeguita_el_coto;Bodeguita El Coto;Ronda;Restaurantes;Low cost, Tapas, Español, Mediterranea, Bares y Pubs;0;4;4;21847;37469;21839,21840,21843,21844,21845
3544;bogatell;Bogatell;Barcelona;Qué ver;Escapadas;0;4;4;27113;27111;27110,27112
1438;bolero_meat;Bolero Meat;Madrid;Restaurantes;Low cost, Español, Restaurantes, Streetfood;1;4;3;;;
1055;bolero_meatballs;Bolero Meatballs;Madrid;Restaurantes;Low cost;1;4;4;15250;15245;15244,15246,15247,15248,15249
16916;ia_2686;Boleto de entrada al estadio Santiago Bernabéu;Madrid;Eventos;Museo / exposición permanente;0;3;3;;;
16532;ia_2229;Bolus Burger;Madrid;Restaurantes;Americana, Hamburguesería;0;3;3;;;
16544;ia_2251;Bolus Burger;Madrid;Restaurantes;Hamburguesería, Americana / Española contemporánea;0;3;3;;;
15261;ia_846;Bolus Burger - Gran Vía a Callao;Madrid;Restaurantes;Española, Hamburguesas, Tapas;0;3;3;;;
14868;ia_444;Bolus Burger - Tirso de Molina;Madrid;Restaurantes;Internacional, Americana, Hamburguesas;0;3;3;;;
14791;ia_361;Bombay Blue;Madrid;Restaurantes;India, Curries, Biryani, Naan;0;3;3;;;
16148;ia_1767;Bombay Curry;Madrid;Restaurantes;"India, Butter chicken; Curry vegetal";0;3;3;;;
16233;ia_1852;Bombay Curry;Madrid;Restaurantes;"India, Pollo tikka masala; Curry vegetal";0;3;3;;;
16303;ia_1922;Bombay Palace;Madrid;Restaurantes;"India, Pollo tikka masala; Curry vegetal";0;3;3;;;
16313;ia_1932;Bombay Spice;Madrid;Restaurantes;"India, Butter chicken; Curry vegetariano";0;3;3;;;
16283;ia_1902;Bombay Tandoor;Madrid;Restaurantes;"India, Pollo tandoori; Curry de lentejas";0;3;3;;;
15368;ia_953;Bomby Villa India;Madrid;Restaurantes;India, Curries, Arroces, Tandoori;0;3;3;;;
1501;bon_jovi;Bon Jovi;Madrid;Ocio y eventos;Conciertos, Rock, Ocio;1;4;1;12827;;12828,12829,12830,12831,12832
5229;bonamara_;Bonamara ;Madrid;Fiesta;Discotecas;0;4;4;47250;47249;47251,47252,47253,47254,47255,47256,47257,47258
5294;bonavia_aranjuez;Bonavía Aranjuez;Aranjuez;Restaurantes;Top, Con terraza, Mediterranea, Restaurantes;0;3;3;;;47787,47788,47789,47790,47791,47792,47793,47794,47795,47796
4430;bonavista_apartments;Bonavista Apartments;Barcelona;Alojamiento;Apartamentos;0;4;4;39613;39618;39610,39611,39612,39614,39615,39616,39617,39619
5916;bongs_bingo_;Bongs Bingo ;Ibiza;Fiesta;Discotecas;0;4;4;49825;49823;49824,49826,49827,49828
17184;ia_3004;Bonjour Panadería Pastelería;Madrid;Compras;"Panaderías y pastelerías, Panadería francesa; Bollería artesanal; Recetas clásicas";0;3;3;;;
5236;bono_premium;Bono Premium;Ronda;Qué ver, Experiencias y Actividades;Arquitectura: plazas y monumentos, Experiencias y Actividades, Monumentos Propios;0;4;4;50362;47616;47600,47601,47603,47614,47615,47617,47618,47619
5333;bono_premium_eliminado;Bono premium;Ronda;Qué ver;Arquitectura: plazas y monumentos;1;3;3;;49848;
5930;bono_turistico_premium;Bono Turístico Premium;Ronda;;;0;1;3;;;
3867;bono_turistico_ronda;Bono Turístico Ronda;Ronda;Qué ver, Ocio y eventos, Experiencias y Actividades;Arquitectura: plazas y monumentos, Experiencias y Actividades, prueba;0;4;4;50349;50348;25878,25984,26102,26103,43670
5235;bonos_turisticos_ronda;Bonos Turísticos Ronda;Ronda;Qué ver;Arquitectura: plazas y monumentos;0;1;1;;;
17144;ia_2964;Bonumy;Madrid;Compras;"Ropa y accesorios, Tienda gourmet; Productos exclusivos; Atención cercana";0;3;3;;;
1660;boogie_tours_;Boogie Tours ;Punta Cana;;;1;3;3;;;
1725;boogie_tours;Boogie Tours;Punta Cana;Ocio y eventos;Experiencias y actividades;0;4;4;42842;18624;42841,42843,42844,42845
18325;ia_4373;Booksellers;Madrid;Arte y Cultura;Librería / Bookstore, literatura en inglés, especialización en inglés, libreros expertos, Narrativa, ensayo, literatura infantil en inglés;0;1;1;73715;73714;73713
1515;boom_room;Boom Room;Madrid;;;0;3;3;;;
1519;boom_room_club;Boom Room Club;Madrid;Fiesta;Discotecas, Comercial, Reggeaton;1;4;1;;;
1521;boom_room_madrid;Boom Room Madrid;Madrid;Fiesta;Discotecas, Comercial, Reggeaton;0;1;1;13511;13510;13509,13512,13513
5869;bora_bora_ibiza;Bora Bora Ibiza;Ibiza;Restaurantes, Ocio y eventos;Trendy, Experiencias y actividades, Español, Restaurantes, Ocio;0;4;4;49669;49861;49860,49862,49863,49864,49865
17580;ia_3405;Boral Torcuato;Madrid;Compras;Otros (Gastronomía & Lifestyle), Terraza panorámica, menú degustación, reserva online;0;3;3;;;
15648;ia_1242;Borax;Madrid;Restaurantes;Tapas / Carnes / Mariscos, De autor / Creativa;0;3;3;;;
924;borgonesse;Borgonesse;Madrid;Restaurantes;Tradicionales, Heladerias;0;4;4;17999;18000;18001,18002
5650;borrar_diego;borrar diego;Barcelona;Alojamiento;Apartamentos;0;3;3;;;
1791;bosc_de_les_fades;BOSC DE LES FADES;Barcelona;Fiesta;Bares de copas;0;4;4;18952;18950;18949,18951
3547;bosc_des_fades;Bosc des Fades;Barcelona;Restaurantes;Top, Tradicionales, Español, Restaurantes, Bares y Pubs;0;1;1;22840;22838;22839,24923
467;bosco_de_lobos;Bosco de lobos;Madrid;Restaurantes;Trendy;0;4;4;18169;18170;18171,18172,18173,18174,18175,18176,18177,18178
4000;bosque_de_cobre;Bosque de Cobre;Ronda;Qué ver, Experiencias y Actividades;Naturaleza y parques, Actividades Deportivas;0;4;4;30155;30144;30142,30143,30145,30146,30147,30148,30149,30150,30151,30152,30153,30154,30156
4301;bosque_del_cobre;Bosque del Cobre;Ronda;Qué ver, Experiencias y Actividades;Escapadas, Naturaleza y Turismo Activo;1;3;3;;;
5838;botafoc_ibiza_;Botafoc Ibiza ;Ibiza;Compras;Centros comerciales, Tiendas, Para ti;1;4;3;49588;49589;49590,49591,49592,49593
15810;botania;Botania;Madrid;Restaurantes;Internacional, Platos internacionales, Cocina saludable;0;4;4;;;74163,74164,74165,74166,74167,74168,74169,74170
14610;ia_149;Botequim Madrid;Madrid;Restaurantes;Brasileña, Petiscos, Caipirinhas, Cocina Brasileña;0;3;3;;;
4333;botero_60_anos_de_pintura;Botero 60 años de pintura;Madrid;Ocio y eventos;Exposiciones, Pintura;1;4;4;37295;37294;37293,37296,37297
329;botin;Botín;Madrid;Restaurantes;Tradicionales, Español, Comida Regional, Especialista en carne, Restaurantes;0;4;4;17993;17994;17995,17996,17997,17998
15706;ia_1300;Botín;Madrid;Restaurantes;Española, Cocina tradicional, Carnes;0;3;3;;;
17141;ia_2961;Boucheron;Madrid;Compras;"Joyería y relojería de lujo, Alta joyería francesa; Piezas icónicas; Artesanía de lujo";0;3;3;;;
17379;ia_3200;Boucheron;Madrid;Compras;"Joyería y relojería de lujo, Alta joyería francesa; Piezas icónicas; Artesanía de lujo";0;3;3;;;
17533;ia_3354;Boucheron Watches;Madrid;Compras;"Joyería y relojería de lujo, Alta joyería parisina; Relojes de lujo; Tradición creativa";0;3;3;;;
18570;ia_5773;Boulder Madrid;Madrid;Deportes;Escalada (Boulder);0;1;1;73436;73438;
1224;boutique_y_artcafe;Boutique & Artcafé;Filipinas;Restaurantes, Compras;Tradicionales, Especialista en mariscos, Café y té, Restaurant & Shop;0;1;3;14759;14760;14761
16718;ia_2473;Boutique Urban Madrid Genova;Madrid;Alojamiento;Boutique Hotel, Decoración contemporánea, ubicación céntrica;0;3;3;;;
17441;ia_3262;Bovet;Madrid;Compras;"Joyería y relojería de lujo, Alta relojería artesanal; Diseño artístico; Producción limitada";0;3;3;;;
5221;bowi;Bowi;Madrid;Fiesta;Discotecas;0;3;3;47183;47181;47182,47184
178;box_art_la_torre;Box Art La Torre;Madrid;Alojamiento;Naturaleza;0;4;4;14468;14469;14470,14471,14472
17296;ia_3117;Boxroom15;Madrid;Compras;"Ropa y accesorios, Concept store; Moda independiente; Diseño creativo";0;3;3;;;
14508;brach_madrid;BRACH MADRID;Madrid;Restaurantes;Internacional / Fusión, Gastronomía Internacional, Platos de autor;0;4;4;74729;74726;74727,74728
15086;ia_670;Brasa & Pisco;Madrid;Restaurantes;Peruana;0;3;3;;;
16047;ia_1666;Brasa Tía Mariama;Madrid;Restaurantes;"Africana, Carnes; Parrilla Africana; Especias";0;3;3;;;
16117;ia_1736;Brasas del Sur;Madrid;Restaurantes;"Argentino, Asado; Chorizo criollo";0;3;3;;;
16137;ia_1756;Brasserie Parisienne;Madrid;Restaurantes;"Francesa, Entrecot; Crêpes";0;3;3;;;
4979;brava_fabrics;Brava Fabrics;Madrid;Compras;Marcas y Productos Locales;1;4;3;;;
4996;brava_fabrics_madrid;Brava Fabrics Madrid;Madrid;Compras;Marcas y Productos Locales, Moda;0;4;4;44473;44470;44467,44468,44469,44471,44472,44474,44475,44476
15738;ia_1332;Bravo Wine Bar;Madrid;Restaurantes;Española, Tapas, Vinos;0;3;3;;;
3917;breathless_punta_cana_resort_y_spa;Breathless Punta Cana Resort & Spa;Punta Cana;Alojamiento;Hoteles;0;4;4;28186;28185;28181,28182,28183,28184,28187,28188,28189,28190
17396;ia_3217;Breguet;Madrid;Compras;"Joyería y relojería de lujo, Alta relojería suiza; Complicaciones históricas; Diseños icónicos";0;3;3;;;
17384;ia_3205;Breitling;Madrid;Compras;"Joyería y relojería de lujo, Relojes de aviación; Innovación tecnológica; Estilo deportivo";0;3;3;;;
15837;ia_1431;Bresca Lavapiés;Madrid;Restaurantes;Española, Cocina moderna, Tapas;0;3;3;;;
15147;ia_731;BRIBON MADRID (X);Madrid;Restaurantes;Española, Ensaladilla rusa | Tortilla española | Chanquetes con huevos;0;3;3;;;
17002;ia_2821;Brindis Karaoke;Madrid;Eventos;Karaoke bar;0;3;3;;;
4495;brindis_por_la_india;BRINDIS POR LA INDIA;Ronda;;Eventos;1;3;3;40858;40859;40860
15291;ia_876;Brizna;Madrid;Restaurantes;Española, Platos internacionales, Tapas modernas;0;3;3;;;
3747;bro_barcelona;BRO Barcelona;Barcelona;Restaurantes;Trendy, Español, Restaurantes;0;4;4;24352;24351;24353,24354,24355,24356,24357,24358,24359
16226;ia_1845;Broadway Burger;Madrid;Restaurantes;"Americana, Hamburguesas; Costillas BBQ";0;3;3;;;
16366;ia_1985;Broadway Burger;Madrid;Restaurantes;"Americana, Hamburguesas; Costillas BBQ";0;3;3;;;
193;broker_pub_garden;Broker Pub Garden;Madrid;Fiesta;Bares de copas;0;4;4;18017;18018;18019,18020,18021,18022
559;bronze_y_mora;Bronze y Mora;Madrid;Compras;Tiendas;1;4;4;16911;16912;16913,16915,16916
14566;ia_77;Brotes Madrid;Madrid;Restaurantes;Moderna / Creativa, Cocina de Autor, Producto Vegetal;0;3;3;;;
17663;ia_3492;Brownie – Hermosilla;Madrid;Compras;Ropa y accesorios, Colecciones juveniles, moda sostenible;0;3;3;;;
1615;bryan_adams;Bryan Adams;Madrid;Ocio y eventos;Conciertos, Comercial, Rock, Otro, Musical;0;4;3;18460;18459;
5668;bryant_myers;Bryant Myers;Barcelona;Ocio y eventos;Conciertos;0;4;3;;;
17541;ia_3362;Buccellati Watches;Madrid;Compras;"Joyería y relojería de lujo, Alta joyería italiana; Relojes artísticos; Tradición artesanal";0;3;3;;;
18506;bucho_tattoo_art;Bucho Tattoo Art;Madrid;Wellness;Estudio de tatuajes;0;1;1;;;73691,73692
3636;buda_;Buda ;Barcelona;Restaurantes;Low cost, Italiano, Japonés, Chino, Francés, Tailandes, Mediterranea, Restaurantes;0;4;4;29505;29503;29501,29502
15937;ia_1554;Buenas y Santas;Madrid;Restaurantes;"Argentino, Carnes; Empanadas; Hamburguesas";0;3;3;;;
18395;ia_4505;Buenos para trails;Madrid;Naturaleza;Excursión a El Pardo Buenos Para Trails Es, Bosque mediterráneo, colinas, Trail running, ciclismo de montaña;0;1;1;;;
16261;ia_1880;Buffalo Burger;Madrid;Restaurantes;"Americana, Hamburguesa buffalo; Alitas picantes";0;3;3;;;
16524;ia_2215;Buffet doble cinta giratoria;Madrid;Restaurantes;Asiática / Japonesa, Buffet libre / Kaiten;0;3;3;;;
16452;ia_2120;Buffet Francesinhas – Gastrobar Lusitano;Madrid;Restaurantes;Portuguesa, Taberna portuguesa;0;3;3;;;
3475;buggies_en_ronda;Buggies en Ronda;Ronda;Experiencias y Actividades;Experiencias y Actividades;0;4;4;47743;42577;22494,47742
1727;buggy_de_carreras_bayahibe;Buggy de carreras Bayahibe;Punta Cana;Ocio y eventos;Experiencias y actividades;0;4;4;18630;18632;18631
5785;bule_bule_;Bule Bule ;Madrid;Fiesta, Restaurantes;Discotecas, Festivales, Trendy;0;4;4;49518;49516;49517,49519,49521,49522,49523
5016;bule_bule_madrid;Bule Bule Madrid;Madrid;Fiesta;Bares de copas;0;4;4;44832;;44833,44834,44835,44836,44837,44838,44839,44840,44841
17361;ia_3182;Bulgari;Madrid;Compras;"Joyería y relojería de lujo, Alta joyería; Relojes de lujo; Diseño italiano";0;3;3;;;
5704;bumpgreen_;BumpGreen ;Madrid;Restaurantes;Trendy, Español, Restaurantes;0;4;4;;49398;49401
551;bumpgreen;Bumpgreen;Madrid;Restaurantes;Trendy, Vegetariano, Restaurantes, Celiacos ;0;4;4;14914;14915;14916,14917,14918,14919,14920
19221;ia_5585;Bungalo Creative Studio;Madrid;Experiencias Unicas;Clase/Taller (general);0;1;1;73821;73819;73820
15880;ia_1494;Bunji - The Place - Chamartín;Madrid;Restaurantes;Japonesa, Sushi, Cocina japonesa;0;3;3;;;
15326;ia_911;Bunji - The Place - Chamberi;Madrid;Restaurantes;Española, Platos creativos, Fusión internacional;0;3;3;;;
15006;ia_590;Bunji The Place - Majadahonda;Madrid;Restaurantes;Mediterranea, Comida Fusión;0;3;3;;;
16632;ia_2354;Bunker Cocktail Bar;Madrid;Nightlife;Speakeasy bar;0;3;3;;;
5246;bunnys_deli;Bunnys deli;Madrid;Restaurantes;Veggie;0;4;4;47400;47404;47399,47401,47402,47403,47405,47406,47407,47408
4988;bunny´s_deli_;Bunny´s deli ;Madrid;Restaurantes;Veggie;0;4;4;44384;;44382,44383,44385,44386,44387,44388,44389,44390,44391
17515;ia_3336;Burberry Watches;Madrid;Compras;"Joyerías y relojerías, Moda británica; Estilo clásico; Alta relojería accesible";0;3;3;;;
16107;ia_1726;Burger Factory;Madrid;Restaurantes;"Americana, Hamburguesas; Alitas";0;3;3;;;
16206;ia_1825;Burger Factory;Madrid;Restaurantes;"Americana, Hamburguesas; Batidos";0;3;3;;;
16361;ia_1980;Burger Garage;Madrid;Restaurantes;"Americana, Hamburguesas; Costillas BBQ";0;3;3;;;
15556;ia_1144;Burger Grill by 351;Madrid;Restaurantes;Americana, Hamburguesas;0;3;3;;;
15502;ia_1089;Burger Kas - Moratalaz;Madrid;Restaurantes;Americana, Hamburguesas;0;3;3;;;
1597;burger_shack;Burger Shack;Madrid;Restaurantes;Low cost, Americano, Restaurantes, Bares y Pubs;1;4;3;18409;18410;18411,18412
16069;ia_1688;Burger Station;Madrid;Restaurantes;"Americana, Hamburguesas; Patatas Fritas";0;3;3;;;
16074;ia_1693;Burger Station;Madrid;Restaurantes;"Americana, Hamburguesas; Patatas Fritas";0;3;3;;;
16186;ia_1805;Burger Station;Madrid;Restaurantes;"Americana, Hamburguesas; Patatas Fritas";0;3;3;;;
16276;ia_1895;Burger Station;Madrid;Restaurantes;"Americana, Hamburguesas; Aros de cebolla";0;3;3;;;
16376;ia_1995;Burger Station;Madrid;Restaurantes;"Americana, Hamburguesas; Costillas BBQ";0;3;3;;;
16301;ia_1920;Burger Town;Madrid;Restaurantes;"Americana, Hamburguesas; Patatas Fritas";0;3;3;;;
16311;ia_1930;Burger Town;Madrid;Restaurantes;"Americana, Hamburguesas; Alitas de pollo";0;3;3;;;
16141;ia_1760;Burgers & Beer;Madrid;Restaurantes;"Americana, Hamburguesas; Costillas";0;3;3;;;
5167;burj_al_arab_jumeirah__dubai;Burj Al Arab Jumeirah, Dubai;Filipinas;Alojamiento;Hoteles;0;4;4;46443;46436;46437,46438,46439,46440,46441,46442,46444,46445
16041;ia_1659;Burmet Arganzuela;Madrid;Restaurantes;"Americana, Hamburguesas; Costillas; Batidos";0;3;3;;;
16048;ia_1667;Burmet Arganzuela;Madrid;Restaurantes;Hamburguesa, Americana;0;3;3;;;
17704;ia_3536;Bus turístico de Madrid + Tour y museo del Bernabéu;Madrid;Arte y Cultura;Excursión / day trip, Goya, El Bosco, Velázquez;0;3;3;;;
18678;ia_4930;Búsqueda del tesoro en Madrid y visita autoguiada a lo más destacado - Madrid;Madrid;Experiencias Unicas;Visita guiada a museo/monumento;0;1;1;73823;73822;
18680;ia_4940;Búsqueda del tesoro en Madrid y visita autoguiada a lo más destacado - Madrid;Madrid;Experiencias Unicas;Tour/experiencia (general);1;1;1;;;
17521;ia_3342;Bvlgari Watches;Madrid;Compras;"Joyería y relojería de lujo, Alta joyería y relojería; Diseño italiano; Exclusividad internacional";0;3;3;;;
758;c21_be_brave;C21 Be Brave;Madrid;Compras;Marcas y Productos Locales;0;4;4;15443;15444;
17597;ia_3426;Cábala;Madrid;Compras;Ropa y accesorios, Exposiciones, venta de diseño, eventos culturales;0;3;3;;;
15434;ia_1019;Cabaña Marconi;Madrid;Restaurantes;Argentino, Platos globales, Tapas modernas;0;3;3;;;
3553;cabana_the_sky_village;Cabaña The sky village;Santo Domingo;Alojamiento;Casa rural;0;3;3;;;22905,22906,22907,22908,22909,22910,22911,22912,22913,22914
5626;cabaret_en_ronda;Cabaret en Ronda;Ronda;Ocio y eventos, Experiencias y Actividades;Cines y Teatros y Salas de concierto, Eventos;0;4;4;49236;49223;
1314;cabarete;Cabarete;Punta Cana;Qué ver;Escapadas;0;4;4;15663;15664;15665,15666,15667
17426;ia_3247;Cabestan;Madrid;Compras;"Joyería y relojería de lujo, Alta relojería innovadora; Relojes con movimiento de cabrestante; Ediciones limitadas";0;3;3;;;
17452;ia_3273;Cabestan;Madrid;Compras;"Joyería y relojería de lujo, Relojes mecánicos extremos; Producción limitada; Alta relojería suiza";0;3;3;;;
18262;ia_4420;Cabeza Olmeca en Madrid;Madrid;Arte y Cultura;Lugar fotogénico / cool spot, Escultura monumental urbana;0;3;3;;;
15061;ia_645;Cabo Fisterra;Madrid;Restaurantes;Tradicionales, Pulpo;0;3;3;;;
5238;cacao_sampaka;Cacao sampaka;Madrid;Compras;Tiendas, Gatronomía;0;3;3;;;47319,47320,47321,47323,47324,47325,47326,47327,47328
14782;ia_351;Cachivache Taberna;Madrid;Restaurantes;Mediterránea, Española, Tapas creativas, Vinos;0;3;3;;;
15609;ia_1200;Cachopo & Go Francisco de Sales;Madrid;Restaurantes;Asturiana / Española, Cachopos / Fritos / Platos grandes;0;3;3;;;
15580;ia_1170;Cadaqués - Madrid;Madrid;Restaurantes;Mediterranea, Arrocería / Cocina de autor;0;3;3;;;
3957;cadaques_caribe_resort_y_villas;Cadaques Caribe Resort & Villas;Santo Domingo;Alojamiento;Apartamentos;0;4;4;28689;28693;28687,28688,28690,28691,28692,28694,28695,28696
5335;cafe_bar_paquito;Café Bar Paquito;Aranjuez;Restaurantes;Tradicionales, Español, Bares y Pubs;0;3;3;;;48081,48082,48083,48084,48085,48086,48087,48088,48089,48090
146;cafe_berlin;Cafe Berlín;Madrid;Fiesta;Salas de concierto, Electrónica, Rock, Otro;1;4;4;18065;18066;18067
14600;ia_137;Café con pan;Madrid;Restaurantes;Brunch, Postres, Cocina Saludable;0;3;3;;;
16037;ia_1655;Café DaMario;Madrid;Restaurantes;"Italiana, Pizza; Pasta; Tiramisú";0;3;3;;;
14601;ia_138;CAFE DE LA GALERIA;Madrid;Restaurantes;Española / Tradicional, Café, Tapas, Cocina Española;0;3;3;;;
14948;ia_532;Café de la Plata;Madrid;Restaurantes;Internacional;0;3;3;;;
14542;ia_19;Café de la Plaza;Madrid;Restaurantes;Española, Mediterránea, Café, Tapas, Bocadillos;0;3;3;;;
14602;ia_140;Café de Oriente - Restaurante Plaza de Oriente Madrid;Madrid;Restaurantes;Española, Mediterránea, Cocina Española, Tapas Gourmet;0;3;3;;;
14500;ia_36;Café de Oriente Museo del Traje;Madrid;Restaurantes;Mediterránea, Española, Café, Cocina Mediterránea, Platos ligeros;0;3;3;;;
372;cafe_de_paris;Café de París;Madrid;Restaurantes;Tradicionales, Mediterranea, Café y té;0;4;4;16143;16144;16145
4055;cafe_del_rey;Café del Rey;Madrid;Restaurantes;Trendy, Español, Americano, Mediterranea, Restaurantes, Bares y Pubs;0;4;4;32635;32638;32633,32634,32636,32637,32639,32640,32641,32642
377;cafe_gijon;Café Gijón;Madrid;Restaurantes;Tradicionales, Español, Café y té;0;4;4;16766;16767;16769,16770,16771
156;cafe_la_palma;Cafe La Palma;Madrid;Fiesta;Salas de concierto, Comercial;0;4;4;14535;14536;14537,14539,14540
16106;ia_1725;Café Lisboa;Madrid;Restaurantes;"Portuguesa, Bacalao; Pastéis de nata";0;3;3;;;
5841;cafe_mambo;Cafe Mambo;Ibiza;Ocio y eventos;Top, Trendy, Con terraza, Vinoteca, Bares y Pubs;0;3;3;49586;;
15814;ia_1408;Café Mies;Madrid;Restaurantes;Mediterranea, Tapas, Brunch;0;3;3;;;
16416;ia_2061;Café Mur;Madrid;Restaurantes;Internacional;0;3;3;;;
3983;cafe_pub_new_baco;Café Pub New Baco;Ronda;Fiesta, Ocio y eventos;Bares de copas y Discotecas;1;4;4;28916;28918;28917,28920
17155;ia_2975;Café Té Arte;Madrid;Compras;"Tiendas de té y café, Cafetería especializada; Tés e infusiones; Productos artesanales";0;3;3;;;
5261;cafes_de_zarzuela;Cafés de zarzuela;Madrid;Qué ver, Ocio y eventos;Espectáculos;0;3;3;47519;47520;
16396;ia_2030;Cafetería Alba;Madrid;Restaurantes;Española;0;3;3;;;
15913;ia_1529;Cafetería Alfe;Madrid;Restaurantes;Gallega, Panadería;0;3;3;;;
17266;ia_3086;Cafetería Chamberí;Madrid;Compras;"Cafeterías y coffee shops, Cafetería local; Café artesanal; Ambiente cercano";0;3;3;;;
17610;ia_3439;Cafetería Europa;Madrid;Compras;Cafeterías y coffee shops, Desayunos, bollería artesanal;0;3;3;;;
14699;ia_244;Cafetería Restaurante Alfonso XI;Madrid;Restaurantes;Española / Casera, Tortillas, Menú del día, Tapas;0;3;3;;;
15947;ia_1564;Cafetería Restaurante Imperial IV;Madrid;Restaurantes;"Española, Menú Diario; Desayunos; Bocadillos";0;3;3;;;
15932;ia_1549;Cafetería Sagredo;Madrid;Restaurantes;"Española, Bocadillos; Tapas; Café";0;3;3;;;
16036;ia_1654;Cafetería San Francisco 13;Madrid;Restaurantes;"Internacional, Café; Bollería; Desayunos";0;3;3;;;
16398;ia_2033;Cafetería Santa Elena;Madrid;Restaurantes;Española;0;3;3;;;
15816;ia_1410;Cafetería Villalar;Madrid;Restaurantes;Internacional, Brunch, Cafetería;0;3;3;;;
4025;cairel;Cairel;Ronda;Experiencias y Actividades;Comercios, productos locales y artesanía;0;4;4;30780;30777;30778,30779,30781
4019;cairel_ronda;Cairel Ronda;Ronda;Experiencias y Actividades;Comercios, productos locales y artesanía;1;3;3;;;30698,30699,30700,30701,30702,30703,30704,30705,30706,30707
42;caixaforum;Caixaforum Madrid;Madrid;Qué ver;Museos;0;4;4;15843;15844;
18332;ia_4379;CaixaForum Madrid;Madrid;Arte y Cultura;Museo de arte clásico / pinacoteca, arte contemporáneo y multidisciplinar, jardín vertical, exposiciones internacionales, Colección La Caixa, exposiciones internacionales;0;1;1;73705;73704;73706,73707
5877;cala_bassa;Cala Bassa;Ibiza;Ocio y eventos;Experiencias y actividades, Ocio;1;3;3;49706;;49707,49708,49709,49710
5961;cala_comte;Cala Comte;Ibiza;Qué ver;Escapadas, Cool Places;0;4;3;49921;49919;49916,49917,49918,49920
5963;cala_d’hort_;Cala D’Hort ;Ibiza;Qué ver;Cool Places;0;4;4;49923;49922;49924,49925
5851;cala_gracioneta_el_chiringuito_cala_gracioneta);Cala Gracioneta (El Chiringuito Cala Gracioneta);Ibiza;Restaurantes;Con terraza;0;3;3;49602;;
5864;cala_llonga_market;Cala Llonga Market;Ibiza;Compras;Mercados, Para ti;0;4;3;49650;49652;49649,49651,49653,49654
5878;cala_pada_cafe_bbq;Cala pada café bbq;Ibiza;Restaurantes;Top, Trendy;0;4;3;49711;49712;49713,49715,49722,49723
5820;cala_saladeta_beach;Cala Saladeta beach;Ibiza;Qué ver, Ocio y eventos;Escapadas, Cool Places, Experiencias y actividades, Naturaleza;0;4;4;49567;49563;49564,49565,49566
3669;calamita_malaga;Calamita Malaga;Málaga;Compras;Tiendas, Accesorios;1;4;4;23691;23665;23690,23692
17606;ia_3435;Calazul Concept Store;Madrid;Compras;Concept Stores, Asesoría de estilo, envoltorio;0;3;3;74237;74238;
16336;ia_1955;California Burger;Madrid;Restaurantes;"Americana, Hamburguesas; Costillas BBQ";0;3;3;;;
16371;ia_1990;California Burger;Madrid;Restaurantes;"Americana, Hamburguesas; Costillas BBQ";0;3;3;;;
14733;ia_284;California Burrito - Understreet Market;Madrid;Restaurantes;Mexicana, Tex-Mex, Burritos, Tacos;0;3;3;;;
1296;callao_city_arts;Callao City Arts;Madrid;Ocio y eventos;Exposiciones;0;4;3;14936;14937;14938
14872;ia_448;CALLAO24 By Jhosef Arias;Madrid;Restaurantes;Peruana, Internacional, Ceviches, Platos criollos;0;3;3;;;
3761;calle_andres_perez;Calle Andrés Pérez;Málaga;Compras, Qué ver;Zonas de compras;0;4;4;24466;24468;24467,24469,24470
3909;calle_arminan;Calle Armiñán;Ronda;;Barrios;0;4;4;29797;29802;29795,29796,29798,29799,29800,29801
3978;calle_espinel;Calle Espinel;Ronda;Qué ver;Barrios;0;4;4;28890;28888;28887
59;calle_gran_via;Calle Gran Vía;Madrid;Compras, Qué ver;Zonas de compras, Arquitectura, Barrios;0;4;4;14627;14628;
1823;calle_larios;Calle Larios;Málaga;Qué ver;Barrios;0;4;4;19316;19319;19317,19318
4016;calle_nueva;Calle Nueva;Ronda;Qué ver;Arquitectura: plazas y monumentos;0;4;4;30667;30668;30669,30670,30671,30672,30673,30674,30675,30676,30677
4012;calle_virgen_de_la_paz;Calle Virgen de la Paz;Ronda;Qué ver;Barrios;0;4;4;30215;30217;30218,30219
18520;calma_y_alma;Calma y Alma;Madrid;Wellness;Centro de bienestar y retiros;0;4;4;;;73753,73754,73755,73756,73757,73758,73759,73760,73761
14528;ia_106;Calor Hipódromo;Madrid;Restaurantes;Mediterránea, Española, Carnes a la brasa, Arroces, Cocina Mediterránea;0;3;3;;;
17497;ia_3318;Calvin Klein Watches;Madrid;Compras;"Joyerías y relojerías, Relojes minimalistas; Moda internacional; Estilo moderno";0;3;3;;;
17315;ia_3136;Calzados Coimbra;Madrid;Compras;"Calzado y zapatillas, Zapatería tradicional; Marcas nacionales; Calzado de calidad";0;3;3;;;
17318;ia_3139;Calzados Lobo;Madrid;Compras;"Calzado y zapatillas, Zapatería tradicional; Calzado de piel; Atención personalizada";0;3;3;;;
18301;ia_4349;Cámara Oscura Galería de Arte;Madrid;Arte y Cultura;Museo / galería (general), fotografía contemporánea, photo talks, encuentros con artistas, Obras de Linarejos Moreno, Bernardí Roig, Arnulf Rainer;0;1;1;73669;73667;73668,73670
18480;ia_5673;Cambio Estilistas;Madrid;Wellness;Salón de peluquería;0;1;1;;;
14922;ia_504;Caminito del Retiro;Madrid;Restaurantes;Argentino, Carnes a la brasa, Empanadas;0;3;3;;;
1835;caminito_del_rey;Caminito del Rey;Málaga;Qué ver;Escapadas;0;4;4;19384;19385;19382,19383
3206;camino_de_los_molinos;Camino de los molinos;Ronda;Qué ver;Naturaleza y parques;1;1;3;21062;21058;21059,21060,21061
3361;camino_del_albacar;Camino del Albacar;Ronda;Qué ver;Cool Places;0;4;4;40533;40536;21821,38847,38883,38884,38885,38886,38887,40526,40527,40528,40529,40530,40534,40535,40537
3724;camp_nou;Camp Nou;Barcelona;Ocio y eventos;Exposiciones;0;4;4;24215;24211;24209,24210,24212,24213,24214,24216,24217,24218
16018;ia_1635;Campesino Burger Al Carbón;Madrid;Restaurantes;"Americana, Hamburguesas; Brunch; Sándwiches";0;3;3;;;
4322;camping_aranjuez;Camping Aranjuez;Aranjuez;Alojamiento;Camping y Casa rural;0;4;4;37030;37027;37004,37005,37006,37007,37009,37010,37026,37028,37029,37031
190;camping_el_canto_la_gallina;Camping El Canto la Gallina;Madrid;Alojamiento;Naturaleza;0;4;4;17720;17721;17722,17723,17724
188;camping_el_escorial;Camping El Escorial;Madrid;Alojamiento;Naturaleza;0;4;4;18270;18271;18272,18273,18274
4592;camping_el_sur;Camping el Sur;Ronda;Alojamiento;Camping y Casa rural;0;4;4;42930;42931;42929
194;camping_internacional_aranjuez;Camping Internacional Aranjuez;Madrid;Alojamiento;Naturaleza;1;4;4;16326;16327;16328,16329,16330
14897;ia_475;Can Bonet;Madrid;Restaurantes;Mediterranea, Cocina de mercado;0;3;3;;;
5572;can_boneta;Can Boneta;Barcelona;Restaurantes;Tradicionales;0;4;4;48845;48842;48830,48831,48832,48833,48834,48835,48836,48837,48838,48839,48840,48841,48843,48844,48846
14716;ia_265;Can Pizza Chamberi;Madrid;Restaurantes;Italiana, Mediterránea, Pizzas, Antipasti;0;3;3;;;
5119;can_trave_nou_barcelona;Can Trave Nou Barcelona;Barcelona;Restaurantes;Con terraza;1;3;3;;;46021,46022,46023,46024,46025,46026,46027,46028,46029,46030
5120;can_traver_nou_barcelona;Can Traver nou Barcelona;Barcelona;Restaurantes;Con terraza;0;4;4;46037;46034;46031,46032,46033,46035,46036,46038,46039,46040
3344;cana_bay_beach_club;Cana Bay Beach Club;Punta Cana;Fiesta, Restaurantes;Bares de copas, Beachclubs;0;4;4;21761;21766;21760,21762,21763,21764,21765,21767,21768,21769
3954;cana_rock;Cana Rock;Punta Cana;Alojamiento;Apartamentos;0;4;4;28658;28657;28659,28660,28661,28662,28664,28665,28666
15702;ia_1296;Canaima Grill Fusión;Madrid;Restaurantes;Internacional, Cocina fusión, Parrilla;0;3;3;;;
15928;ia_1545;Cañas y Tapas;Madrid;Restaurantes;"Española, Tapas; Tortilla; Croquetas";0;3;3;;;
5170;canaves_oia_epitome_;Canaves Oia Epitome ;Filipinas;Alojamiento;Hoteles;0;4;4;46470;46466;46467,46468,46469,46471,46472,46473,46474,46475
18649;ia_5852;Cancha de Baloncesto Parque del Oeste;Madrid;Deportes;Baloncesto;0;1;1;73435;73434;
18599;ia_5802;Cancha de Piki Carpetana;Madrid;Deportes;Fútbol / Piki / Deporte urbano;0;1;1;73430;73432;
18624;ia_5827;Cancha de voley playa;Madrid;Deportes;Voley playa;0;1;1;73428;73427;
15113;ia_697;Candela de Mojama;Madrid;Restaurantes;Internacional;0;3;3;;;
15235;ia_820;"Candelaria ""Drinks & Food""";Madrid;Restaurantes;Española, Tapas, Cócteles;0;3;3;;;
281;canoe;Canoe;Madrid;Ocio y eventos;Más de 18;0;4;4;47665;17291;17290,17292,17294,17295,17296
16777;ia_2533;Canopy by Hilton Madrid Castellana;Madrid;Alojamiento;Design Hotel, Rooftop, restaurante, gimnasio;0;3;3;;;
15098;ia_682;Cantina 34;Madrid;Restaurantes;Internacional, Tacos;0;3;3;;;
16078;ia_1697;Cantina Mexicana Lupita;Madrid;Restaurantes;"Mexicana, Tacos; Quesadillas";0;3;3;;;
5957;cap_blanc_aquarium_;Cap Blanc Aquarium ;Ibiza;Qué ver;Cool Places;0;4;3;49908;49909;49904,49905,49906,49907
3953;cap_cana_aquamarina;Cap Cana Aquamarina;Punta Cana;Alojamiento;Apartamentos;0;4;4;28649;28650;28647,28648,28651,28652,28653,28654,28655,28656
17168;ia_2988;Capadocia Express Market;Madrid;Compras;"Supermercados y tiendas de conveniencia, Supermercado local; Productos variados; Atención cercana";0;3;3;;;
16034;ia_1651;Caprichos Coffee & Bakery;Madrid;Restaurantes;"Internacional, Repostería; Café; Desayunos";0;3;3;;;
15277;ia_862;Caprichos JJ;Madrid;Restaurantes;Española, Platos caseros, Menús;0;3;3;;;
16820;ia_2573;Capsule Hotel Madrid;Madrid;Alojamiento;Hotel cápsula, Cabinas cápsula con TV y control domótico;0;3;3;;;
5467;cara_a_cara._picasso_y_la_antigua_exhibcion_de_maestros;Cara a Cara. Picasso y la antigua exhibción de maestros;Málaga;Ocio y eventos;Exposiciones;0;4;4;;;48534,48535,48536,48537,48538,48539,48540,48541,48542,48543
17305;ia_3126;Caraban Ropa y Complementos;Madrid;Compras;"Ropa y accesorios, Moda y accesorios; Estilo variado; Servicio cercano";0;3;3;;;
16408;ia_2045;Caracola (Chueca);Madrid;Restaurantes;Internacional, Coctelería;0;3;3;;;
15424;ia_1009;Carambola Café Bistró;Madrid;Restaurantes;Española, Brunch, Café, Platos internacionales;0;3;3;;;
845;carbon_negro;Carbón Negro;Madrid;Restaurantes;Tradicionales, Español, Restaurantes;0;4;4;17662;17663;17664,17665
5764;cardamomo_flamenco_;Cardamomo Flamenco ;Madrid;Ocio y eventos;Experiencias y actividades, Cultura;0;4;4;49455;;49456,49457
16970;ia_2789;Cardamomo Flamenco Show;Madrid;Eventos;Espectáculo flamenco / tablao;0;3;3;;;
16966;ia_2784;Cardamomo Tablao Flamenco;Madrid;Eventos;Espectáculo flamenco;0;3;3;;;
16981;ia_2800;Cardamomo Tablao Flamenco;Madrid;Eventos;Show flamenco permanente;0;3;3;;;
5295;careme_aranjuez;Careme Aranjuez;Aranjuez;Restaurantes;Top, Con terraza, Español, Restaurantes;0;3;3;;;47797,47798,47799,47800,47801,47802,47803,47804,47805,47806
3838;caribbean_cinemas;Caribbean Cinemas;Punta Cana;Ocio y eventos;Cines y Teatros y Salas de concierto;0;4;4;25391;25392;25393,25397,25398,25399,25400
3842;caribbean_cinemas_downtown_center;Caribbean Cinemas Downtown Center;Santo Domingo;Ocio y eventos;Cines y Teatros y Salas de concierto;0;4;4;25411;25413;25412,25414,25419
3522;caribbean_lake_punta_cana;Caribbean Lake Punta Cana;Punta Cana;Alojamiento;Apartamentos;0;4;4;22762;22764;22763,22765,22766,22767,22768,22769
17675;ia_3504;Caribbean Sport Shop;Madrid;Compras;Tiendas de deporte, Venta de ropa deportiva, calzado, asesoramiento;0;3;3;;;
957;carlos_sadness;Carlos Sadness;Madrid;Ocio y eventos;Conciertos;0;4;4;18015;18016;
668;carlos_sainz_karting;Carlos Sainz Karting;Madrid;Ocio y eventos;Experiencias y actividades;0;4;4;14808;14809;14810,14811,14812,14813
910;carmen_de_g._bizet;Carmen de G. Bizet;Madrid;Ocio y eventos;Espectáculos;1;4;4;;;
3125;carnal_grill_club;Carnal Grill Club;Málaga;Restaurantes;Tradicionales;0;4;4;20504;20502;20503,20505,20506,20507,20508,20509,20510,20511
1878;carnaval;Carnaval;Málaga;Fiesta;Fiesta de barrios;1;4;4;;;
1310;carnavales_punta_cana;Carnavales Punta Cana;Punta Cana;Fiesta;Fiesta de barrios;0;4;4;18102;18103;18104,18105,18106
17124;ia_2944;Carnicería del Alba;Madrid;Compras;"Carnicerías y charcuterías, Carnicería gourmet; Embutidos selectos; Atención personalizada";0;3;3;;;
17125;ia_2945;Carnicería José Montero;Madrid;Compras;"Carnicerías y charcuterías, Carnes frescas del día; Cortes especiales; Atención cercana";0;3;3;;;
17128;ia_2948;Carnicería La Tradicional;Madrid;Compras;"Carnicerías y charcuterías, Carnicería clásica; Productos frescos; Cortes personalizados";0;3;3;;;
17123;ia_2943;Carnicería Las Encinas;Madrid;Compras;"Carnicerías y charcuterías, Carnicería tradicional; Cortes personalizados; Productos frescos de calidad";0;3;3;;;
17126;ia_2946;Carnicería Madrid;Madrid;Compras;"Carnicerías y charcuterías, Carnicería local; Productos de proximidad; Servicio personalizado";0;3;3;;;
17122;ia_2942;CARNICERÍA R.M.;Madrid;Compras;"Carnicerías y charcuterías, Carnicería tradicional; Productos de cercanía; Atención experta";0;3;3;;;
17127;ia_2947;Carnicería Valtietar;Madrid;Compras;"Carnicerías y charcuterías, Carnicería de barrio; Selección de carnes; Atención experta";0;3;3;;;
17121;ia_2941;Carnicería-Charcutería jesus;Madrid;Compras;"Carnicerías y charcuterías, Carnicería y charcutería; Embutidos de calidad; Productos frescos";0;3;3;;;
17129;ia_2949;Carnicerías Los Navacerrada;Madrid;Compras;"Carnicerías y charcuterías, Carnicería local; Embutidos selectos; Atención personalizada";0;3;3;;;
17337;ia_3158;Carolina Herrera;Madrid;Compras;"Ropa y accesorios, Alta costura; Moda femenina; Perfumes icónicos";0;3;3;;;
17371;ia_3192;Carrera y Carrera;Madrid;Compras;"Joyería y relojería de lujo, Alta joyería española; Diseños escultóricos; Tradición artesanal";0;3;3;;;
1027;carretas_apartments;Carretas Apartments;Madrid;Alojamiento;Apartamentos, Wifi;1;4;4;17699;17700;17701,17702,17703
17360;ia_3181;Cartier;Madrid;Compras;"Joyerías y relojerías, Alta joyería; Relojes de lujo; Servicio exclusivo VIP";0;3;3;;;
17522;ia_3343;Cartier Watches;Madrid;Compras;"Joyería y relojería de lujo, Iconos relojeros; Alta joyería; Tradición francesa";0;3;3;;;
5866;cas_gasi;Cas Gasi;Ibiza;Restaurantes, Alojamiento;Trendy, Hoteles, Con terraza, Especialista en carne, Especialista en mariscos, Restaurantes, Terraza, Wifi, Estética, Restaurante, Bar, Spa;0;3;3;49656;;49657,49658
15070;ia_654;Casa Adriano;Madrid;Restaurantes;Internacional, Mariscos;0;3;3;;;
16406;casa_alberto;Casa Alberto;Madrid;Restaurantes;Española;0;4;4;;;74510,74511,74512,74513,74514,74515
16453;ia_2121;Casa Álvarez;Madrid;Restaurantes;Española / Casera, Casa de comidas;0;3;3;;;
541;casa_amadeo;Casa Amadeo;Madrid;Restaurantes;Tradicionales;0;4;4;16134;16135;16136
5092;casa_amàlia;Casa Amàlia;Barcelona;Restaurantes;Tradicionales, Español, Mediterranea, Restaurantes;0;4;4;45790;45794;45788,45789,45791,45793,45795,45796,45797
16240;ia_1859;Casa Andaluza;Madrid;Restaurantes;"Andaluza, Salmorejo; Pescaíto Frito";0;3;3;;;
16265;ia_1884;Casa Aragonesa;Madrid;Restaurantes;"Aragonesa, Ternasco; Bacalao ajoarriero";0;3;3;;;
16088;ia_1707;Casa Astur;Madrid;Restaurantes;"Asturiana, Fabada; Cachopo";0;3;3;;;
16150;ia_1769;Casa Asturiana;Madrid;Restaurantes;"Asturiana, Fabada; Cachopo";0;3;3;;;
16275;ia_1894;Casa Asturiana;Madrid;Restaurantes;"Asturiana, Fabada; Cachopo";0;3;3;;;
16325;ia_1944;Casa Asturiana;Madrid;Restaurantes;"Asturiana, Fabada asturiana; Cachopo";0;3;3;;;
1589;casa_batllo;Casa Batlló;Barcelona;Qué ver;Plazas y monumentos;0;4;4;28314;28315;18382,28316,28317
16365;ia_1984;Casa Canaria;Madrid;Restaurantes;"Canaria, Papas arrugadas; Mojo picón";0;3;3;;;
15712;ia_1306;Casa Canito;Madrid;Restaurantes;Internacional, Platos internacionales, Postres caseros;0;3;3;;;
16320;ia_1939;Casa Cántabra;Madrid;Restaurantes;"Cántabra, Sobaos pasiegos; Anchoas de Santoña";0;3;3;;;
15518;ia_1105;Casa Castaña;Madrid;Restaurantes;Española, Restaurante de tapas y cocina casera;0;3;3;;;
16160;ia_1779;Casa Castellana;Madrid;Restaurantes;"Castellana, Cochinillo; Sopa castellana";0;3;3;;;
16195;ia_1814;Casa Castellana;Madrid;Restaurantes;"Castellana, Cochinillo asado; Sopa castellana";0;3;3;;;
16250;ia_1869;Casa Castellana;Madrid;Restaurantes;"Castellana, Cochinillo; Judiones de La Granja";0;3;3;;;
16375;ia_1994;Casa Castellana;Madrid;Restaurantes;"Castellana, Cochinillo asado; Sopa castellana";0;3;3;;;
16270;ia_1889;Casa Castellana Norte;Madrid;Restaurantes;"Castellana, Cochinillo; Judiones";0;3;3;;;
19258;casa_corona_madrid;Casa Corona Madrid;Madrid;Experiencias Unicas;Clase/Taller (general);0;1;1;73825;73826;73824
16461;ia_2132;Casa Dani;Madrid;Restaurantes;Española / Tradicional, Bar de tapas / Casa de comidas;0;3;3;;;
4965;casa_dani;Casa Dani;Madrid;Restaurantes;Trendy, Español, Restaurantes;0;4;4;44347;;44342,44343,44344,44345,44346,44348,44349,44350,44351
16497;ia_2183;Casa Dani – Tortillas Rellenas;Madrid;Restaurantes;Española / Tradicional, Bar de tapas / Casa de comidas;0;3;3;;;
824;casa_de_bambu_;Casa de Bambú ;Madrid;Qué ver;Arquitectura;0;4;4;16938;16939;16940
742;casa_de_campo;Casa de Campo;Madrid;Qué ver;Parques;0;4;4;16339;16340;16341,16342,16343,16344,16345,16346,16347,16348,16349,16350
14672;ia_217;Casa De Comidas por Rafa Zafra - Hotel NH Collection Eurobuilding;Madrid;Restaurantes;Mediterránea / Creativa, Platos de autor, Mariscos, Cocina contemporánea;0;3;3;;;
4090;casa_de_empleados_aranjuez;Casa de Empleados Aranjuez;Aranjuez;Qué ver;Arquitectura: museos, plazas y monumentos;0;4;4;33833;33813;
18366;ia_4413;Casa de Fieras;Madrid;Arte y Cultura;Museo de historia, historia y cultura vecinal, exposiciones y talleres, Historia zoológica, exposiciones;0;1;1;73700;73702;73701,73703
3791;casa_de_juan_ponce_de_leon;Casa de Juan Ponce de León;Punta Cana;Qué ver;Museos;0;4;4;24775;24781;24776,24777,24779
3923;casa_de_la_cultura_de_ronda;Casa de la Cultura de Ronda;Ronda;Ocio y eventos;Cines y Teatros y Salas de concierto, Exposiciones y Galerías de Arte;1;4;4;28250;;
900;casa_de_las_siete_chimeneas;Casa de Las Siete Chimeneas;Madrid;Qué ver;Arquitectura;0;4;4;17429;17430;
4088;casa_de_los_infantes_aranjuez;Casa de los Infantes Aranjuez;Aranjuez;Qué ver;Arquitectura: museos, plazas y monumentos;0;4;4;33796;33793;33794,33797,33798,33799,33800,33802
196;casa_de_madrid;Casa de Madrid;Madrid;Alojamiento;Hoteles;0;4;4;16453;16454;16455,16456
1205;casa_de_mexico_en_el_dia_de_los_muertos;Casa de México en el Día de los Muertos;Madrid;Ocio y eventos;Exposiciones;0;4;3;;;
16083;ia_1702;Casa de Tapas La Latina;Madrid;Restaurantes;"Española, Tapas; Raciones";0;3;3;;;
3187;casa_del_gigante;Casa del Gigante;Ronda;Qué ver, Experiencias y Actividades;Arquitectura: plazas y monumentos, Monumentos Propios;0;4;4;20927;20926;20928,20930
3007;casa_del_labrador;Casa del Labrador;Aranjuez;Qué ver;Arquitectura;0;4;4;19962;19961;19960,19963,19964,19965,19966,19967,19968,19969
18326;ia_4374;Casa del Libro;Madrid;Arte y Cultura;Librería / Bookstore, literatura, firmas de autores, secciones especializadas, Narrativa, ensayo, infantil, internacional;0;1;1;73697;73699;73698
3128;casa_del_rey_moro;Casa del Rey Moro;Ronda;Qué ver, Experiencias y Actividades;Arquitectura: plazas y monumentos, Monumentos Propios;0;4;4;20533;;20532,20534,20535,20536,20537,20538,20539,20540
3061;casa_delapio;Casa Delapio;Aranjuez;Restaurantes;Trendy, Español, Restaurantes;0;4;4;20205;20209;20204,20206,20207,20208,20210,20211,20212,20213
14835;ia_409;Casa Doli;Madrid;Restaurantes;India, Curries, Naan;0;3;3;;;
16175;ia_1794;Casa Extremeña;Madrid;Restaurantes;"Extremeña, Migas extremeñas; Caldereta de cordero";0;3;3;;;
16190;ia_1809;Casa Extremeña;Madrid;Restaurantes;"Extremeña, Migas extremeñas; Caldereta de cordero";0;3;3;;;
16235;ia_1854;Casa Extremeña;Madrid;Restaurantes;"Extremeña, Migas; Caldereta de cordero";0;3;3;;;
16295;ia_1914;Casa Extremeña;Madrid;Restaurantes;"Extremeña, Migas; Caldereta de cordero";0;3;3;;;
16380;ia_1999;Casa Extremeña;Madrid;Restaurantes;"Extremeña, Migas extremeñas; Torta del Casar";0;3;3;;;
14934;casa_felisa;Casa Felisa;Madrid;Restaurantes;Española, Cocina de mercado;0;4;4;;;74147,74148,74149,74150,74151
14982;ia_566;Casa Fidel;Madrid;Restaurantes;Española;0;3;3;;;
16138;ia_1757;Casa Galega;Madrid;Restaurantes;"Gallega, Pulpo a feira; Empanada gallega";0;3;3;;;
16180;ia_1799;Casa Gallega;Madrid;Restaurantes;"Gallega, Pulpo a la gallega; Empanada gallega";0;3;3;;;
16280;ia_1899;Casa Gallega;Madrid;Restaurantes;"Gallega, Pulpo a feira; Empanada gallega";0;3;3;;;
16340;ia_1959;Casa Gallega;Madrid;Restaurantes;"Gallega, Pulpo a la Gallega; Empanada";0;3;3;;;
16381;ia_2000;Casa Gallega;Madrid;Restaurantes;"Gallega, Pulpo a la Gallega; Empanada";0;3;3;;;
16200;ia_1819;Casa Gallega Norte;Madrid;Restaurantes;"Gallega, Pulpo a feira; Empanada gallega";0;3;3;;;
5271;casa_gracia;Casa gracia;Barcelona;Alojamiento;Hoteles;0;4;4;47582;47584;47579,47580,47581,47583,47585,47586,47587,47588
14637;ia_180;CASA HORTENSIA;Madrid;Restaurantes;Española, Fabada, Cachopos, Comida Casera;0;3;3;;;
15135;ia_719;Casa Isabella Madrid;Madrid;Restaurantes;Internacional, Pastas;0;3;3;;;
5299;casa_jose_;Casa José ;Aranjuez;Restaurantes;Top, Español, Comida Regional, Restaurantes;0;3;3;;;
5298;casa_jose_aranjuez;Casa José Aranjuez;Aranjuez;Restaurantes;Top;1;1;3;;;
15085;ia_669;Casa Julián de Tolosa;Madrid;Restaurantes;Internacional, Parrillada/BBQ;0;3;3;;;
15700;ia_1294;Casa Julián de Tolosa - Calle Ibiza;Madrid;Restaurantes;Española, Carnes, Parrilla;0;3;3;;;
14712;ia_261;Casa Julián de Tolosa Cava Baja;Madrid;Restaurantes;Española, Mediterránea, Brasa, Carnes;0;3;3;;;
16405;ia_2042;Casa Labra;Madrid;Restaurantes;Española;0;3;3;;;
5212;casa_larry_madrid;casa larry madrid;Málaga;Restaurantes;Tradicionales;0;1;3;;;47031,47032,47033,47034,47035,47036,47037,47038,47039,47040
16225;ia_1844;Casa Leonesa;Madrid;Restaurantes;"Leonesa, Cecina; Botillo";0;3;3;;;
16260;ia_1879;Casa Leonesa;Madrid;Restaurantes;"Leonesa, Botillo; Cecina de León";0;3;3;;;
16118;ia_1737;Casa Lisboa;Madrid;Restaurantes;"Portuguesa, Bacalao Dorado; Caldo Verde";0;3;3;;;
3145;casa_lola_malaga;Casa Lola Málaga;Málaga;Restaurantes;Low cost;0;1;3;20720;20715;20713,20714,20716,20717,20718,20719,20721,20722
16407;ia_2044;Casa Lucio;Madrid;Restaurantes;Española;0;3;3;;;
330;casa_lucio;Casa Lucio;Madrid;Restaurantes;Tradicionales, Español, Restaurantes;0;4;4;16063;16064;16065,16066
331;casa_macareno;Casa Macareno;Madrid;Restaurantes;Trendy, Tradicionales, Español, Restaurantes;0;4;4;17282;17283;17284,17286,17287
16285;ia_1904;Casa Manchega;Madrid;Restaurantes;"Manchega, Pisto manchego; Gachas";0;3;3;;;
16315;ia_1934;Casa Manchega;Madrid;Restaurantes;"Manchega, Gachas manchegas; Pisto manchego";0;3;3;;;
16360;ia_1979;Casa Manchega;Madrid;Restaurantes;"Manchega, Pisto manchego; Queso manchego";0;3;3;;;
16350;ia_1969;Casa Manchega II;Madrid;Restaurantes;"Manchega, Pisto manchego; Gachas";0;3;3;;;
16063;ia_1682;Casa Manolo;Madrid;Restaurantes;"Española, Tapas; Paella";0;3;3;;;
16100;ia_1719;Casa Manolo;Madrid;Restaurantes;"Española, Callos; Cocido Madrileño";0;3;3;;;
3387;casa_maria;Casa Maria;Ronda;Restaurantes;Tradicionales, Español, Restaurantes;0;4;4;26450;26456;26451,26452,26453,26454,26455
14808;ia_380;Casa Marius;Madrid;Restaurantes;Tapas, Cocina Madrileña, Madrileña;0;3;3;;;
3417;casa_mateos;Casa Mateos;Ronda;Restaurantes;Tradicionales, Español, Mediterranea, Restaurantes;0;4;4;22080;22082;22081,22083,22084,22085,22086,22087,22088,22089
15555;ia_1143;Casa Miguel;Madrid;Restaurantes;Española, Guisos, Tapas;0;3;3;;;
16473;casa_mingo;Casa Mingo;Madrid;Restaurantes;Española / Asturiana, Sidrería / Pollo asado;0;4;4;;;74516,74517
16127;ia_1746;Casa Mono;Madrid;Restaurantes;"Fusión Internacional, Tapas Creativas; Carnes";0;3;3;;;
15386;ia_971;Casa Mories;Madrid;Restaurantes;Española, Pescados, Carnes, Tapas;0;3;3;;;
16210;ia_1829;Casa Murciana;Madrid;Restaurantes;"Murciana, Zarangollo; Caldero del Mar Menor";0;3;3;;;
16345;ia_1964;Casa Murciana;Madrid;Restaurantes;"Murciana, Caldero del Mar Menor; Zarangollo";0;3;3;;;
3982;casa_museo_don_bosco;Casa Museo Don Bosco;Ronda;Qué ver, Experiencias y Actividades;Cool Places, Arquitectura: plazas y monumentos, Monumentos Propios;0;4;4;50179;50183;
46;casa_museo_sorolla;Casa Museo Sorolla;Madrid;Qué ver;Museos;0;4;4;17791;17792;17793,17794,17795
14751;ia_305;Casa Música;Madrid;Restaurantes;Mediterránea, Internacional, Tapas, Cócteles;0;3;3;;;
16230;ia_1849;Casa Navarra;Madrid;Restaurantes;"Navarra, Pochas con chistorra; Cordero al chilindrón";0;3;3;;;
16245;ia_1864;Casa Navarra;Madrid;Restaurantes;"Navarra, Pochas a la navarra; Cordero al chilindrón";0;3;3;;;
14802;casa_neutrale_-_wine_bar;Casa Neutrale - Wine Bar;Madrid;Restaurantes;Internacional, Tapas, Vinos;0;4;4;74136;74137;74138,74139,74140
15534;casa_orellana;Casa Orellana;Madrid;Restaurantes;Mediterránea / Tradicional, Arroces / Pescados / Carnes;0;4;4;;;74425,74426,74427,74428,74429
15701;ia_1295;Casa Ormaza;Madrid;Restaurantes;Vasca, Mariscos, Cocina tradicional;0;3;3;;;
4798;casa_palacio_villa_zambra;Casa Palacio Villa Zambra;Ronda;Alojamiento;;0;4;4;43922;43921;43923
5044;casa_paloma;Casa Paloma;Barcelona;Restaurantes;Trendy, Mediterranea, Especialista en carne, Restaurantes;0;3;3;45464;45465;45454,45455,45457,45459,45461,45462,45467,45470
16129;ia_1748;Casa Patas;Madrid;Restaurantes;"Española, Tapas; Cocina Castellana";0;3;3;;;
1796;casa_patas;Casa Patas;Madrid;Restaurantes, Ocio y eventos;Tradicionales, Espectáculos, Restaurantes, Otro, Otro, Musical, Ocio;0;4;3;19085;19083;19081,19086
15982;ia_1599;Casa Pedro;Madrid;Restaurantes;"Española, Carnes; Pescados; Comida Casera";0;3;3;;;
15417;ia_1002;Casa Pedro Madrid;Madrid;Restaurantes;Española, Cocido, Platos de caza, Tapas;0;3;3;;;
5338;casa_pico_vivero;Casa Pico Vivero;Aranjuez;Alojamiento;Camping y Casa rural;0;3;3;;;48101,48102,48103,48104,48105,48106,48107,48108,48109,48110
3392;casa_quino;Casa Quino;Ronda;Restaurantes;Tapas, Español, Restaurantes;1;4;4;40486;;40487,40489,40490,40491
16120;casa_revuelta;Casa Revuelta;Madrid;Restaurantes;"Española, Bacalao; Tapas";0;4;4;74276;74275;74277,74278
3445;casa_ronda;Casa Ronda;Ronda;Alojamiento;Hostales y Albergues, Wifi;0;3;3;22302;22299;22295,22298,22300,22301,22303
4284;casa_ronda_1808;Casa Ronda 1808;Ronda;Alojamiento;Apartamentos, Wifi;1;3;3;37444;38836;37445,38837
5339;casa_rural_finca_el_relax;Casa Rural Finca El Relax;Madrid;Alojamiento;Camping y Casa rural;1;3;3;;;48111,48112,48113,48114,48115,48116,48117,48118,48119,48120
4824;casa_rural_la_vega_aranjuez;casa rural la vega aranjuez;Aranjuez;Alojamiento;Villas, Camping y Casa rural;0;1;3;;;43996,43997,43998,43999,44000,44001,44002,44003,44004
198;casa_rural_valle_de_laguna;Casa Rural Valle de Laguna;Madrid;Alojamiento;Naturaleza;0;4;4;16665;16666;16667,16668,16669,16670,16671
744;casa_salvador;Casa Salvador;Madrid;Restaurantes;Tradicionales, Español, Mediterranea;0;4;4;15108;15109;15110,15111
16355;ia_1974;Casa Segoviana;Madrid;Restaurantes;"Castellana, Cochinillo asado; Judiones de La Granja";0;3;3;;;
3123;casa_sostoa;Casa Sostoa;Málaga;Compras;Galerías de arte;0;4;4;20479;20480;20477,20478,20481,20482,20483,20484,20485,20486
4052;casa_suecia;Casa Suecia;Madrid;Restaurantes, Ocio y eventos;Trendy, Mediterranea, Restaurantes, Bares y Pubs;0;4;4;31615;31616;31610,31611,31612,31613,31614,31617,31618,31619
14531;ia_112;Casa Suecia - Hotel NH Collection Madrid Suecia;Madrid;Restaurantes;Internacional / Mediterránea, Cocina Internacional, Mediterránea;0;3;3;;;
16665;ia_2387;Casa Suecia Rooftop;Madrid;Nightlife;Rooftop bar, Chill, Lounge;0;4;4;;;
17151;ia_2971;CASA TERRA Especias y Alimentación a Granel;Madrid;Compras;"Tiendas a granel y especias, Tienda a granel; Especias internacionales; Productos ecológicos";0;3;3;;;
16185;ia_1804;Casa Vasca;Madrid;Restaurantes;"Vasca, Bacalao al pil-pil; Marmitako";0;3;3;;;
16290;ia_1909;Casa Vasca;Madrid;Restaurantes;"Vasca, Bacalao al pil-pil; Txangurro";0;3;3;;;
16335;ia_1954;Casa Vasca;Madrid;Restaurantes;"Vasca, Bacalao al pil-pil; Marmitako";0;3;3;;;
16370;ia_1989;Casa Vasca;Madrid;Restaurantes;"Vasca, Bacalao al pil-pil; Marmitako";0;3;3;;;
16300;ia_1919;Casa Vasca II;Madrid;Restaurantes;"Vasca, Bacalao al pil-pil; Marmitako";0;3;3;;;
14554;ia_50;Casa Vecchia;Madrid;Restaurantes;Italiana, Pizza, Pasta, Cocina Italiana;0;3;3;;;
4448;casa_vicens_gaudi;Casa Vicens Gaudí;Barcelona;Qué ver;Arquitectura;0;4;4;40284;40308;40282,40283,40285,40286,40287,40288,40289,40290,40291
475;casado_santapau;Casado Santapau;Madrid;Compras;Galerías de arte;0;4;4;16985;16986;16987,16988
15460;ia_1045;CasaGarcia;Madrid;Restaurantes;"Española, Tapas; Raciones; Bocadillos";0;3;3;;;
1037;casas_camino_de_navahonda;Casas Camino de Navahonda;Madrid;Alojamiento;Naturaleza;0;4;4;15231;15232;15233,15234,15235
5627;casas_de_oficios_y_caballeros;Casas de Oficios y Caballeros;Aranjuez;Qué ver;Arquitectura;0;3;3;49204;49208;49205,49206,49207,49257,49258,49259
3846;cascada_limon;Cascada Limón;Santo Domingo;Ocio y eventos;Experiencias y actividades, Naturaleza;0;4;4;25451;25453;25452,25454,25455,25456,25457,25458,25460
4099;casino_aranjuez;casino aranjuez;Aranjuez;Ocio y eventos;Experiencias y actividades;0;3;3;;;33858,33859,33860,33861,33862,33863,33864,33865,33866,33867
5076;casino_barcelona_;Casino Barcelona ;Barcelona;Ocio y eventos;Más de 18;0;3;3;45632;45627;45626,45628,45629,45630,45631,45633,45634,45635
18679;ia_4933;Casino de vinos privado con cata de vinos a ciegas - Madrid;Madrid;Experiencias Unicas;Clase/Taller (general);0;1;1;73827;73829;73828
1246;casino_dominic;Casino Dominic;Punta Cana;Ocio y eventos;Más de 18;0;4;4;14939;14940;14941,14942,14943,14944,14945
258;casino_gran_madrid_colon_;Casino Gran Madrid Colón ;Madrid;Ocio y eventos;Más de 18;0;4;4;15471;15472;15473,15474,15476
255;casino_gran_via_;Casino Gran Vía ;Madrid;Ocio y eventos;Más de 18;0;4;4;15605;15604;15603,15607,15608
3511;casino_hard_rock_hotel_punta_cana;Casino Hard Rock Hotel Punta Cana;Punta Cana;Ocio y eventos;Más de 18, Casino;0;4;4;22706;22694;22704,22705,22707
257;casino_torrelodones;Casino Torrelodones;Madrid;Ocio y eventos;Más de 18, Indoor, Ocio, Casino;0;4;4;18157;18158;18159,18162
17134;ia_2954;Casla centro de Jardinería;Madrid;Compras;"Centros de jardinería, Centro de jardinería; Plantas variadas; Asesoría en paisajismo";0;3;3;;;
149;cassette_club_sala_boite);Cassette club (sala boite);Madrid;Fiesta;Discotecas, Electrónica;1;4;4;16701;16702;16703,16704,16705,16706
523;cassina;Cassina;Madrid;Compras;Tiendas, Decoración;0;3;3;17859;17858;
17339;ia_3160;Castañer;Madrid;Compras;"Calzado y zapatillas, Alpargatas artesanales; Diseño mediterráneo; Moda de verano";0;3;3;;;
17352;ia_3173;Castellano;Madrid;Compras;"Calzado y zapatillas, Mocasines icónicos; Tradición española; Piel de calidad";0;3;3;;;
1838;castillo_de_gibralfaro;Castillo de Gibralfaro;Málaga;Qué ver;Plazas y monumentos;0;4;4;19413;19414;19415,19416,19417
3019;castillo_de_oreja;Castillo de Oreja;Aranjuez;Qué ver;Escapadas;0;4;4;20012;20010;20011,20013,20014,20015,20016,20017,20018,20019
18510;castrobarber57;Castrobarber57;Madrid;Wellness;Barbería;0;4;4;;;73718,73720,73721,73722,73723
16956;ia_2732;Cata de Vinos Subterráneos Madrid;Madrid;Eventos;Enología & Experiencias;0;3;3;;;
18681;ia_4943;Cata de vinos, jamón ibérico y tapas en Madrid - Madrid;Madrid;Experiencias Unicas;Cata/Maridaje de vino / Bodega;0;1;1;73831;73830;73832
4486;cata_y_maridaje_bodega_fernandez_bolet;Cata y Maridaje Bodega Fernández Bolet;Ronda;Ocio y eventos;Eventos;0;4;4;40659;;
4488;cata_y_maridaje_en_restaurante_las_maravillas;Cata y Maridaje en Restaurante Las Maravillas;Ronda;Ocio y eventos;Eventos;0;4;4;40671;40669;40670
16788;ia_2543;Catalonia Atocha;Madrid;Alojamiento;Boutique Hotel, Rooftop, jacuzzi, restaurante, bar;0;3;3;74595;74593;74594,74596,74598
83;catalonia_atocha_4;Catalonia Atocha 4*;Madrid;Alojamiento;Hoteles;0;4;4;17239;17240;17241,17242,17243,17244,17245,17246
16763;ia_2518;Catalonia El Retiro;Madrid;Alojamiento;City Hotel, Restaurante, gimnasio;0;3;3;;;
16798;ia_2553;Catalonia Goya;Madrid;Alojamiento;Boutique Hotel, Restaurante, bar;0;3;3;;;
179;catalonia_goya_4;Catalonia Goya 4*;Madrid;Alojamiento;Hoteles;1;4;4;14504;14505;14506,14508,14509,14510
16802;ia_2557;Catalonia Gran Via Madrid;Madrid;Alojamiento;Boutique Hotel, Spa, rooftop, restaurante, bar;0;3;3;;;
16773;ia_2529;Catalonia Las Cortes;Madrid;Alojamiento;Boutique Hotel, Restaurante, bar, salas de eventos;0;3;3;;;
16781;ia_2536;Catalonia Plaza Mayor;Madrid;Alojamiento;Boutique Hotel, Spa, restaurante, gimnasio;0;3;3;;;
16776;ia_2532;Catalonia Puerta del Sol;Madrid;Alojamiento;Boutique Hotel, Restaurante, patio interior;0;3;3;74591;74588;74589,74590,74592
3919;catalonia_santo_domingo;Catalonia Santo Domingo;Santo Domingo;Alojamiento;Hoteles;0;4;4;28205;28207;28201,28202,28203,28204,28206,28208,28209,28210
3993;catalunya_en_miniatura;Catalunya en miniatura;Barcelona;Ocio y eventos;Parques Temáticos;0;4;4;29310;29308;29309,29311,29312,29313,29314,29315,29316,29317
5284;catamaran;Catamaran;Filipinas;;;0;3;3;;;
1598;catedral_de_barcelona;Catedral de Barcelona;Barcelona;Qué ver;Plazas y monumentos, Arquitectura;0;4;4;18903;28362;18902,18904,28361
55;catedral_de_la_almudena;Catedral de la Almudena;Madrid;Qué ver;Arquitectura;0;4;4;14558;14559;14560
17705;ia_3538;Catedral de la Almudena y Palacio Real: Visita guiada a pie;Madrid;Arte y Cultura;Museo de historia, Aviones militares, helicópteros;0;3;3;;;
3610;catedral_de_nuestra_senora_de_encarnacion_;Catedral de Nuestra Señora de Encarnación ;Málaga;Qué ver;Plazas y monumentos;1;4;3;23330;23329;23331
18364;ia_4411;Catedral de Santa María la Real de la Almudena;Madrid;Arte y Cultura;Museo de historia, arquitectura religiosa, cúpula panorámica, Altar mayor, cúpula, cripta;0;1;1;73693;73695;73694,73696
1839;catedral_nuestra_senora_de_la_encarnacion;Catedral Nuestra señora de la Encarnación;Málaga;Qué ver;Plazas y monumentos;1;4;3;19424;19425;19422,19423
3290;catedral_primada_de_america;Catedral Primada de America;Santo Domingo;Qué ver;Museos, Cool Places;0;4;4;21492;21491;21490,21493,21494,21495,21496,21497,21498,21499
14765;ia_326;Catire Bello Sushi - Puente de Vallecas;Madrid;Restaurantes;Japonesa, Sushi, Makis;0;3;3;;;
15107;ia_691;Catire Bello Sushi - Tetuán;Madrid;Restaurantes;Japonesa;0;3;3;;;
1026;cats_party_hostel_madrid;CATS Party Hostel Madrid;Madrid;Alojamiento;Low cost;0;4;4;14347;14348;14349,14350
3878;cava_alta;Cava Alta;Santo Domingo;Compras;Tiendas;0;4;4;26036;26040;26035,26037,26038,26039,26042,26043,26044
16647;ia_2369;Cavan Irish Tavern;Madrid;Nightlife;Irish pub;0;3;3;;;
3323;cayo_arena;Cayo Arena;Santo Domingo;Qué ver;Escapadas, Cool Places;0;4;4;21620;21616;21617,21618,21619,21621,21622,21623,21624,21625
3847;cayo_levantado;Cayo Levantado;Santo Domingo;Ocio y eventos;Experiencias y actividades;0;4;4;25462;25461;25463,25464,25465,25466,25467,25468,25469,25470
18619;ia_5822;CDSC Cuatro Vientos;Madrid;Deportes;Multideporte;0;1;1;73426;73424;
5256;cebo;Cebo;Madrid;Restaurantes;Top, Español, Mediterranea, Restaurantes;0;4;3;47490;47488;47487,47489
15215;ia_800;Cebo Madrid;Madrid;Restaurantes;Española, Alta cocina, Menú degustación;0;3;3;;;
18382;ia_4492;Cedro del Líbano (Museo del Prado);Madrid;Naturaleza;Parque / jardín (general), Jardín botánico urbano, Observación dendrológica, fotografía patrimonial;0;1;1;;;
15388;ia_973;Cedron Wine Bar;Madrid;Restaurantes;Española, Vinos, Tapas gourmet;0;3;3;;;
15230;ia_815;Ceferino. Parrilla Argentina.;Madrid;Restaurantes;Argentino, Carnes a la parrilla;0;3;3;;;
14973;ia_557;Celestial Burger;Madrid;Restaurantes;Argentino, Hamburguesas;0;3;3;;;
971;celicioso_;Celicioso ;Madrid;Restaurantes;Trendy, Vegetariano, Café y té, Pastelerias y Panaderias, Celiacos ;0;4;4;16839;16840;16841,16842,16844,16845,16846,16848,16849
16917;ia_2687;Cena de Nochevieja con espectáculo flamenco;Madrid;Eventos;Cena con espectáculo flamenco (tablao);0;3;3;;;
1348;centenario_del_metro_madrid;Centenario del Metro Madrid;Madrid;Ocio y eventos;Exposiciones;1;4;3;17504;17505;17506,17507
19217;ia_5581;Central de Diseño;Madrid;Experiencias Unicas;Clase/Taller (general);0;1;1;73835;73833;73834
16986;ia_2805;Central Experiences Madrid;Madrid;Eventos;Operador turístico;0;3;3;;;
3812;central_gastronomica_santo_domingo;Central Gastronómica Santo Domingo;Santo Domingo;Restaurantes;Trendy, Fusión, Restaurantes;0;4;4;24936;24942;24934,24935,24937,24938,24939,24940,24941,24943
316;central_palace_madrid;Central Palace Madrid;Madrid;Alojamiento;Hoteles;0;4;4;16260;16261;16262,16263
5141;central_restaurante_;Central restaurante ;Filipinas;Restaurantes;Top;0;4;4;46113;46111;46112,46114,46115,46116,46117,46118,46119,46120
1832;centre_pompidou_malaga;Centre Pompidou Málaga;Málaga;Qué ver;Cool Places;0;4;4;19369;19368;19366,19367
3667;centro_comercial_larios;Centro Comercial Larios;Málaga;Compras;Centros comerciales;0;4;4;23635;23631;23630,23632,23633,23634,23636,23637,23638,23639
3120;centro_comercial_malaga_nostrum;Centro Comercial Málaga Nostrum;Málaga;Restaurantes, Compras;Centros comerciales, Zonas de compras, Tiendas, Low cost, Español, Italiano, Mexicano, Mediterranea, Hamburguesa, Pizza, Restaurant & Shop, Decoración, Música, Moda, Gatronomía, Accesorios, Libros;0;4;4;20471;20472;20387,20388,20389,20390,20391,20392,20393,20395,20396
3664;centro_comercial_malaga_plaza;Centro Comercial Malaga Plaza;Málaga;Compras;Centros comerciales;0;4;4;23613;23605;23606,23607,23608,23609,23610,23611,23612,23614
17594;ia_3423;Centro Comercial Plenilunio;Madrid;Compras;Centros comerciales, Cine, bolera, parking gratuito;0;3;3;;;
17593;ia_3422;Centro Comercial Príncipe Pío;Madrid;Compras;Centros comerciales, App de descuentos, parking con carga eléctrica;0;3;3;;;
4362;centro_comercial_rosaleda;Centro Comercial Rosaleda;Málaga;Compras;Centros comerciales;0;4;4;38443;38541;38440,38538,38539,38540
1846;centro_de_arte_contemporaneo;Centro de Arte Contemporáneo;Málaga;Qué ver;Museos;0;1;3;19493;;19491,19492
18316;ia_4364;Centro de Arte Moderno;Madrid;Arte y Cultura;Museo de arte contemporáneo, literatura y arte iberoamericano, exposiciones literarias únicas en Europa, Borges, Cortázar, García Márquez;0;1;1;73687;73690;73688,73689
4059;centro_de_estetica_rocio_pimentel;Centro De Estética Rocío Pimentel;Ronda;Experiencias y Actividades;Comercios, productos locales y artesanía;0;1;1;41855;41856;41854
3189;centro_de_interpretacion_del_puente_nuevo;Centro de Interpretación del Puente Nuevo;Ronda;Qué ver;Museos;0;4;4;20946;;20947,20948,20949,42893,42894,42895,42896,42897
4039;centro_de_medicina_y_estetica_marta_fabregas;Centro de Medicina y Estética Marta Fabregas;Ronda;Experiencias y Actividades;Comercios, productos locales y artesanía;1;4;4;41832;41831;31265,31266
18582;ia_5785;Centro Deportivo Militar La Dehesa;Madrid;Deportes;Multideporte;0;1;1;73422;73423;
680;centro_ecuestre;Centro Ecuestre;Madrid;Ocio y eventos;Experiencias y actividades;0;4;4;15436;15437;15439,15440,15441,15442
4041;centro_estetico_avanzado_rocio_aguilar;Centro Estético Avanzado Rocío Aguilar;Ronda;Experiencias y Actividades;Comercios, productos locales y artesanía;0;1;1;31283;31281;31282,31284,31285,31286
1824;centro_historico;Centro Histórico;Málaga;Qué ver;Barrios;0;4;4;19321;19322;19320
17265;ia_3085;Centro MaNa;Madrid;Compras;"Shopping gourmet y de alimentación, Centro natural; Productos ecológicos; Atención personalizada";0;3;3;;;
18485;ia_5678;Centro Naoki;Madrid;Wellness;Centro de bienestar;0;1;1;;;
18507;centro_shambhala_de_madrid;Centro Shambhala de Madrid;Madrid;Wellness;Centro de meditación;0;1;1;;;73678,73679,73684,73685,73686
18341;ia_4388;Centro Socio Cultural Latina;Madrid;Arte y Cultura;Museo / galería (general), cultura vecinal y municipal, talleres y espectáculos comunitarios, Talleres, teatro, música, exposiciones;0;1;1;73683;73680;73681,73682
4031;ceramica_rondena;Cerámica Rondeña;Ronda;Experiencias y Actividades;Comercios, productos locales y artesanía;1;4;4;34380;31076;31074,31077,31078,31079,31080,31081,31082
765;ceramics_y_co;Ceramics & co;Madrid;Compras;Marcas y Productos Locales;0;4;4;17715;17716;
4118;cereal_hunters;Cereal Hunters;Madrid;Restaurantes;Low cost, Americano, Café y té;0;4;4;35044;35048;35043,35045,35046,35047,35049,35050,35051,35052
16422;ia_2067;Cereal Hunters Café;Madrid;Restaurantes;Internacional, Desayunos;0;3;3;;;
18421;cerro_del_tio_pio_parque_de_las_siete_tetas);Cerro del Tío Pío (Parque de las Siete Tetas);Madrid;Naturaleza;Excursión a El Distrito De Vallecas, Praderas, colinas, vistas urbanas, Picnic, fotografía, atardecer;0;4;4;;;
17492;ia_3313;Certina;Madrid;Compras;"Joyerías y relojerías, Relojes deportivos; Alta resistencia; Tradición suiza";0;3;3;;;
17706;ia_3539;Cervantes en Madrid Tour Privado en el Barrio Literario;Madrid;Arte y Cultura;Barrio de Las Letras (ruta a pie), Goya, Sorolla, Picasso;0;3;3;;;
14801;ia_371;Cervecería El Caño;Madrid;Restaurantes;Internacional, Tapas, Cervezas;0;3;3;;;
16397;ia_2031;Cervecería El Metro;Madrid;Restaurantes;Española;0;3;3;;;
1473;cerveceria_la_tape;Cervecería La Tape;Madrid;Fiesta, Restaurantes;Bares de copas, Trendy, Restaurantes, Bares y Pubs, Restaurant & Shop;1;4;1;;;
3383;cerveceria_los_caracoles;Cervecería Los Caracoles;Ronda;Restaurantes;Low cost, Español, Mediterranea, Bares y Pubs;0;4;4;36515;;21855,42638,42639
15925;ia_1542;Cervecería Restaurante Cabo Fisterra;Madrid;Restaurantes;"Gallega, Mariscos; Pulpo; Empanadas";0;3;3;;;
15999;ia_1616;Cerveceria Restaurante El Muro;Madrid;Restaurantes;"Española, Tapas; Menú Diario; Cervezas";0;3;3;;;
310;cerveceria_restaurante_quevedo;Cervecería Restaurante Quevedo;Madrid;Restaurantes;Tradicionales, Español, Comida Regional, Restaurantes;0;4;4;17481;17482;17483
15815;ia_1409;Cesar's Burger - Mendez Alvaro;Madrid;Restaurantes;Americana, Hamburguesas, Comida rápida;0;3;3;;;
19241;ia_5614;Cesta productos Aseacam;Madrid;Experiencias Unicas;Tour/experiencia (general);0;1;1;73836;73837;73838
1338;ceviche_el_carajito;Ceviche El Carajito;Punta Cana;Restaurantes;Tradicionales, Peruano, Restaurantes;0;1;1;14845;14846;14847,14848,14849,14850,14851,14852
15144;ia_728;Ceviches & Wok - Mercado Prosperidad;Madrid;Restaurantes;Peruana;0;3;3;;;
3904;cezar_bodegas_y_vinedos;Cezar Bodegas y Viñedos;Ronda;Experiencias y Actividades;Bodegas y Vinos de Ronda;0;4;4;26794;;26793,26795,26796,26797,26798,26799,26800,26801,26802
511;cha_cha_;CHA CHÁ ;Madrid;Fiesta;Discotecas, Electrónica, Comercial, Reggeaton;0;4;4;16633;16634;
15770;ia_1364;Chambao Madrid;Madrid;Restaurantes;Mediterranea, Mariscos, Cocina mediterránea;0;3;3;;;
15105;ia_689;Champagne Bar;Madrid;Restaurantes;Internacional, Mariscos;0;3;3;;;
17523;ia_3344;Chanel Watches;Madrid;Compras;"Joyería y relojería de lujo, Moda de lujo; Relojes icónicos; Estilo parisino";0;3;3;;;
15795;ia_1389;Changó;Madrid;Restaurantes;Española, Tapas, Cocina mediterránea;0;3;3;;;
509;chango_club;Changó Club;Madrid;Fiesta;Discotecas, Electrónica;0;4;4;17461;17462;17463,74725
17549;ia_3370;Chantecler Watches;Madrid;Compras;"Joyería y relojería de lujo, Joyas italianas; Diseño artesanal; Alta relojería";0;3;3;;;
1295;chapa_y_pintura;Chapa y Pintura;Madrid;Ocio y eventos;Exposiciones;0;4;3;16927;16928;
17568;ia_3390;Charcutería Javier López Santos;Madrid;Compras;€€€, https://charcuteriajavierlopezsantos.com/;0;3;3;;;
14755;ia_312;Charrúa Madrid;Madrid;Restaurantes;Uruguaya, Carnes a la brasa;0;3;3;;;
1248;chateaubriand_-_steak_y_seafood_grill;Chateaubriand - Steak & Seafood Grill;Punta Cana;Restaurantes;Francés, Especialista en carne, Especialista en mariscos;0;4;4;16752;16753;16754,16755,16756,16757,16758,16759,16760,16761,16762,16763,16764,16765
6103;chatuchat_market;Chatuchat Market;Málaga;Qué ver;Plazas y monumentos;0;1;3;50191;50192;50184,50185,50186,50187,50188,50189,50190,50193
17376;ia_3197;Chaumet;Madrid;Compras;"Joyería y relojería de lujo, Alta joyería; Diseños parisinos; Tradición histórica";0;3;3;;;
17138;ia_2958;Chaumet;Madrid;Compras;"Joyería y relojería de lujo, Alta joyería; Diseños parisinos; Tradición histórica";0;3;3;;;
17554;ia_3375;Chaumet Joaillerie Watches;Madrid;Compras;"Joyería y relojería de lujo, Alta joyería francesa; Relojes artísticos; Tradición parisina";0;3;3;;;
17555;ia_3376;Chaumet Maison Watches;Madrid;Compras;"Joyería y relojería de lujo, Joyas históricas; Relojes exclusivos; Alta relojería francesa";0;3;3;;;
17532;ia_3353;Chaumet Watches;Madrid;Compras;"Joyería y relojería de lujo, Alta joyería francesa; Relojes exclusivos; Estilo artístico";0;3;3;;;
14811;ia_383;Chayhana;Madrid;Restaurantes;Uzbeka, Plov, Samsa, Shashlik;0;3;3;;;
14735;ia_286;Chayhana Cocina Uzbeka;Madrid;Restaurantes;Uzbeka, Asiática Central, Plov, Shashlik;0;3;3;;;
15781;ia_1375;Che Pibita;Madrid;Restaurantes;Argentino, Empanadas, Parrilla;0;3;3;;;
4938;check-in_ronda;Check-in Ronda;Ronda;Ocio y eventos;Eventos;1;3;3;44325;44323;44324,44326
5031;check-in_ronda_-_a_la_segunda_ronda_invitamos_nosotros;Check-in Ronda - A la segunda ronda invitamos nosotros;Ronda;Ocio y eventos;Eventos;1;3;3;;;
5033;checkin_ronda;Checkin Ronda;Ronda;Ocio y eventos;Eventos;0;3;3;45025;45023;45024,45026
3571;cheerss;Cheerss;Aranjuez;Restaurantes;Tradicionales;1;3;3;;;23161,23162,23163,23164,23165,23166,23167,23168,23169,23170
19226;ia_5592;Chef Rubén Iborra – Cena espectáculo;Madrid;Experiencias Unicas;Cena-espectáculo / Table mapping;0;1;1;73839;73841;73840
5026;chen_ji;Chen ji;Barcelona;Restaurantes;Low cost, Chino, Restaurantes;0;4;4;44977;45030;44969,44970,44971,44974,44975,44978
15236;ia_821;Chennai Indian Cuisine;Madrid;Restaurantes;India, Curry, Biryani, Dosas;0;3;3;;;
15741;ia_1335;Chez Pepito Cardenal Cisneros;Madrid;Restaurantes;Mediterranea, Cocina mediterránea, Platos saludables;0;3;3;;;
15068;ia_652;Chez Pepito Montercarmelo;Madrid;Restaurantes;Española, Bocadillos (pepito de ternera) | Hamburguesas | Ensaladilla;0;3;3;;;
14841;ia_415;Chia Chill Cafe;Madrid;Restaurantes;Vegana, Vegetariana, Bowls, Brunch;0;3;3;;;
16191;ia_1810;Chicago Diner;Madrid;Restaurantes;"Americana, Hot dogs; Hamburguesas";0;3;3;;;
16351;ia_1970;Chicago Diner;Madrid;Restaurantes;"Americana, Hamburguesas; Costillas BBQ";0;3;3;;;
14660;ia_205;Chicago Style Pizza - Maudes;Madrid;Restaurantes;Americana / Casual, Deep dish pizza, Ensaladas, Postres americanos;0;3;3;;;
15868;ia_1462;Chicken Grill Aluche;Madrid;Restaurantes;Internacional, Pollos a la brasa, Comida rápida;0;3;3;;;
17301;ia_3122;Chicman;Madrid;Compras;"Ropa y accesorios, Moda masculina; Estilo elegante; Atención cercana";0;3;3;;;
4354;chido_castizo_y_chingon;Chido Castizo & Chingón;Madrid;Restaurantes;Top, Mexicano, Restaurantes;0;4;4;38288;38298;38279,38280,38281,38282,38283,38284,38285,38286,38287,38296
17344;ia_3165;Chie Mihara;Madrid;Compras;"Calzado y zapatillas, Zapatos femeninos; Diseño creativo; Confort y estilo";0;3;3;;;
17349;ia_3170;Chie Mihara;Madrid;Compras;"Calzado y zapatillas, Zapatos femeninos; Diseño creativo; Confort y estilo";0;3;3;;;
15194;ia_779;Chifa Doromari Vallecas;Madrid;Restaurantes;Peruana, China, Chifa | Arroz chaufa | Tallarines salteados;0;3;3;;;
14766;ia_327;Chifa Peruano Jama;Madrid;Restaurantes;Peruana, China, Ceviches, Arroz chaufa;0;3;3;;;
5899;children_of_the_80s;Children of the 80s;Ibiza;Fiesta;Zonas de fiesta;0;4;3;49771;49767;49766,49768,49769,49770
16456;ia_2124;Chill Restaurante;Madrid;Restaurantes;Mediterránea / Casual, Casa de comidas / Bar;0;3;3;;;
16505;ia_2192;Chill Restaurante;Madrid;Restaurantes;Caribeña / Internacional, Casual Dining;0;3;3;;;
4980;china_crown_;China Crown ;Madrid;Restaurantes;Top, Japonés, Restaurantes;0;4;4;44363;;44362,44364,44365,44366,44367,44368,44369,44370,44371
15366;ia_951;China Crown Madrid;Madrid;Restaurantes;China, Pato laqueado, Platos chinos tradicionales;0;3;3;;;
14701;ia_246;China Té;Madrid;Restaurantes;China / Asiática, Dim Sum, Pato Pekín, Fideos;0;3;3;;;
67;chinchon;Chinchón;Madrid;Qué ver;Escapadas;0;4;4;17611;17612;17613,17614,17615
18682;ia_4946;Chinchon Segway Tour - Madrid;Madrid;Experiencias Unicas;Tour en bici / e-bike / segway;0;1;1;73842;73844;73843
14682;ia_227;Chingones;Madrid;Restaurantes;Mexicana / Contemporánea, Tacos, Margaritas, Platos modernos;0;3;3;;;
3126;chinitas_lounge;Chinitas Lounge;Málaga;Fiesta;Bares de copas;0;1;3;20512;20517;20513,20514,20515,20516,20518,20519,20520,20521
1864;chiquita_cruz;Chiquita Cruz;Málaga;Fiesta;Bares de copas, Reggeaton, Otro;0;4;4;19600;19598;19599
14919;ia_501;Chiquito Riz;Madrid;Restaurantes;Filipina, Adobo, Pancit;0;3;3;;;
4829;chiquitren;Chiquitren;Aranjuez;Qué ver;Arquitectura: museos, plazas y monumentos;1;1;3;;;44038,44039,44040,44041,44042,44043,44044,44045,44046,44047
5289;chiquitren_aranjuez;Chiquitren Aranjuez;Aranjuez;Ocio y eventos;Experiencias y actividades, Ocio;0;4;4;47723;48793;47713,47714,47715,47716,47717,47718,47719,47720,47721,47722
19254;ia_5633;Chirashi OK;Madrid;Experiencias Unicas;Degustación / experiencia gastronómica;0;1;1;73847;73845;73846
3565;chiringuito_el_cachalote;Chiringuito El Cachalote;Málaga;Restaurantes;Chiringuitos;0;4;4;23148;23152;23146,23147,23149,23150,23151,23153,23154,23155
3560;chiringuito_las_palmeras;Chiringuito Las Palmeras;Málaga;Restaurantes;Chiringuitos;0;4;4;23098;23100;23096,23097,23099,23101,23102,23103,23104,23105
3720;chiringuito_relevant;Chiringuito Relevant;Barcelona;Restaurantes;Chiringuitos;0;4;4;24207;24208;24203,24205,24206
16409;ia_2046;Chirusa Experimental;Madrid;Restaurantes;Internacional, Coctelería;0;3;3;;;
15751;ia_1345;Chispa Bistró;Madrid;Restaurantes;Francesa, Platos franceses, Cocina mediterránea;0;3;3;;;
3288;choco_dominicana;Choco Dominicana;Santo Domingo;Qué ver;Museos, Cool Places;0;4;4;21482;21485;21480,21481,21483,21484,21486,21487,21488,21489
755;chocolala_belga;Chocolala Belga;Madrid;Compras;Marcas y Productos Locales;0;4;4;16491;16492;
5205;chocomad;Chocomad;Madrid;Ocio y eventos;Exposiciones;1;3;3;46848;46850;46845,46846,46847,46849,46851,46852,46853
1480;chollo_games;Chollo Games;Madrid;Compras;Tiendas, Accesorios, Coleccionista;0;4;1;11954;11958;11955,11956,11957
17363;ia_3184;Chopard;Madrid;Compras;"Joyería y relojería de lujo, Alta relojería; Joyas exclusivas; Tradición suiza";0;3;3;;;
17534;ia_3355;Chopard Watches;Madrid;Compras;"Joyería y relojería de lujo, Alta relojería; Joyas de lujo; Tradición suiza";0;3;3;;;
4803;chopper_monster_;Chopper Monster ;Madrid;Compras;Tiendas, Moda, Accesorios, Libros, Coleccionista;0;4;4;43956;43947;43948,43949,43950,43951,43952,43953,43954,43955
18403;ia_4513;Chorros n°3 de la Playa de Arganzuela;Madrid;Naturaleza;Excursión a Madrid Río Chorros N, Ribera del río Manzanares, Juegos acuáticos, ocio familiar;0;1;1;;;
17447;ia_3268;Christophe Claret;Madrid;Compras;"Joyería y relojería de lujo, Alta relojería creativa; Complicaciones únicas; Producción artesanal";0;3;3;;;
17418;ia_3239;Christophe Colomb;Madrid;Compras;"Joyería y relojería de lujo, Alta relojería; Inspiración histórica; Piezas exclusivas";0;3;3;;;
17222;ia_3042;Chronos Barbershop;Madrid;Compras;"Peluquerías y barberías, Barbería premium; Estilo vanguardista; Atención personalizada";0;3;3;;;
17232;ia_3052;Chronos Barbershop;Madrid;Compras;"Peluquerías y barberías, Barbería premium; Estilo vanguardista; Atención personalizada";0;3;3;;;
17469;ia_3290;Chronoswiss;Madrid;Compras;"Joyería y relojería de lujo, Alta relojería artesanal; Diseños clásicos; Producción exclusiva";0;3;3;;;
15350;ia_935;Chuck Chuck Chicken;Madrid;Restaurantes;Española, Pollo frito, Pollo asado, Sándwiches;0;3;3;;;
470;chueca_y_fuencarral;Chueca y Fuencarral;Madrid;Fiesta, Compras, Qué ver;Zonas de fiesta, Zonas de compras, Barrios;0;4;4;16421;16422;16423,16424
15871;ia_1465;Chuka Ramen Bar;Madrid;Restaurantes;Japonesa, Ramen, Cocina japonesa;0;3;3;74273;74271;74272,74274
14614;ia_153;Chulengo;Madrid;Restaurantes;Argentino, Carnes a la brasa, Empanadas, Cocina Argentina;0;3;3;;;
15522;ia_1109;Chuletaria;Madrid;Restaurantes;Española, Asador de carnes;0;3;3;;;
16531;ia_2228;Chun Li;Madrid;Restaurantes;Cocina Tradicional, China / Sichuan;0;3;3;;;
14675;ia_220;Chun-Li Dumplings - Ópera;Madrid;Restaurantes;China / Asiática, Dumplings, Bao, Fideos asiáticos;0;3;3;;;
15099;ia_683;Chun-Li La Latina;Madrid;Restaurantes;Dumplings, Internacional;0;3;3;;;
941;churchill_club;Churchill Club;Madrid;Ocio y eventos;Más de 18, Indoor, Club fumadores;0;4;4;14486;14487;
5334;churreria_ramos_;Churrería Ramos ;Aranjuez;Restaurantes;Tradicionales, Café y té;0;3;3;;;48071,48072,48073,48074,48075,48076,48077,48078,48079,48080
15164;ia_748;Chutoro Madrid;Madrid;Restaurantes;Japonesa, Sushi | Nigiri | Ceviche (nikkei);0;3;3;;;
18607;ia_5810;Ciclos Del Olmo;Madrid;Deportes;Ciclismo;0;1;1;73419;73418;
3199;ciclos_moratalaz;Ciclos Moratalaz;Madrid;Compras;Tiendas;0;4;3;;;21008,21009,21010,21011,21012,21013,21014,21015,21016,21017
3497;cicloturismo;Cicloturismo;Ronda;Experiencias y Actividades;Experiencias y Actividades, Actividades Deportivas, Deporte;1;4;4;26064;22594;22595
15338;ia_923;Cinco Jotas - Padre Damián;Madrid;Restaurantes;Española, Jamón ibérico, Carnes, Tapas;0;3;3;;;
1913;cine_albeniz;Cine Albéniz;Málaga;Ocio y eventos;Cines y Teatros;0;1;3;19804;19803;19802,19805
16992;ia_2811;Cine Capitol;Madrid;Eventos;Cine / teatro / espectáculos;0;3;3;;;
3974;cine_de_verano_auditorio_blas_infante;Cine de verano Auditorio Blas Infante;Ronda;Ocio y eventos;Cines y Teatros y Salas de concierto;0;4;4;28871;28872;34485
279;cine_dore;Cine Doré;Madrid;Arte y Cultura;Cines y Teatros;0;4;4;17512;17513;17514,17515,17516
275;cine_ideal;Cine Ideal;Madrid;Ocio y eventos;Cines y Teatros;0;4;4;14425;14426;14427
16995;ia_2814;Cine Yelmo Luxury Palafox;Madrid;Eventos;Cine boutique;0;3;3;;;
5749;cinema_and_fashion._by_jean__paul_gaultier;Cinema and Fashion. By Jean  Paul Gaultier;Madrid;Ocio y eventos;Exposiciones;0;3;3;49486;49491;49487,49488,49489,49490
277;cines_capitol;Cines Capitol;Madrid;Ocio y eventos;Cines y Teatros, Musical, Ocio;0;4;4;14651;14652;14653
17000;ia_2819;Cinesa 3D Manoteras;Madrid;Eventos;Cine;0;3;3;;;
280;cinesa_proyecciones;Cinesa Proyecciones;Madrid;Ocio y eventos;Cines y Teatros, Ocio;0;4;4;18252;18253;18254
1914;cinesur_malaga_nostrum;Cinesur Málaga Nostrum;Málaga;Ocio y eventos;Cines y Teatros, Otro;0;1;3;19808;;19806,19807
278;cineteca;Cineteca;Madrid;Ocio y eventos;Cines y Teatros, Ocio;0;4;4;15524;15525;15526,15527
17627;ia_3456;Cink Coworking Castellana;Madrid;Compras;Coworking y oficinas compartidas, Coworking, oficinas privadas, salas de reuniones;0;3;3;74651;74652;74648,74649,74650
5886;circoloco_ibiza;Circoloco Ibiza;Ibiza;Fiesta;;0;3;3;;;
667;circuito_del_jarama;Circuito del Jarama;Madrid;Ocio y eventos;Experiencias y actividades;0;4;4;47707;16728;16729,16730,16732,16733,16734
16669;ia_2391;Círculo de Bellas Artes – Azotea;Madrid;Nightlife;Chill, Jazz, Lounge, Rooftop cultural;0;3;3;;;
15182;ia_767;Circulo Granjeño;Madrid;Restaurantes;Española, Guisos | Cocidos;0;3;3;;;
1315;citrus_restaurant_y_lounge;Citrus Restaurant & Lounge;Punta Cana;Restaurantes;Trendy, Japonés, Vegetariano, Fusión, Especialista en mariscos, Restaurantes, Restaurant & Club;0;4;4;15266;15267;15268,15269
1802;city_hall_club_barcelona;City Hall Club Barcelona;Barcelona;Fiesta;Discotecas, Electrónica;0;4;4;19134;19133;19135,19136,19137
19174;ia_5540;City Secreto;Madrid;Experiencias Unicas;Excursión de día (Day trip);0;1;1;73850;73848;73849
17710;ia_3544;City tour de Madrid con Palacio Real y Toledo en 1 día;Madrid;Arte y Cultura;Excursión / day trip, Maquetas táctiles, esculturas;0;3;3;;;
17707;ia_3540;City Tour Madrid: Visita panorámica en autobús;Madrid;Arte y Cultura;Centro cultural / sala de exposiciones, Arte moderno, fotografía;0;3;3;;;
17708;ia_3541;City Tour privado de 4 horas por Madrid con recogida en el hotel;Madrid;Arte y Cultura;Museo de arte contemporáneo, Viñetas, carteles, portadas;0;3;3;;;
17709;ia_3542;City Tours Madrid 8 Horas;Madrid;Arte y Cultura;Museo de historia, Minerales, fósiles, rocas;0;3;3;;;
5014;cityplay_palacio_de_hielo;Cityplay Palacio de hielo;Madrid;Ocio y eventos;Experiencias y actividades;0;4;4;44811;;44804,44805,44806,44807,44808,44809,44810,44812,44813
4045;citywave_madrid;Citywave Madrid;Madrid;Ocio y eventos;Experiencias y actividades, Indoor, Deporte;0;4;4;31405;31403;31402,31404,31406,31407,31408,31410,31411
3848;ciudad_colonial;Ciudad Colonial;Santo Domingo;Ocio y eventos;Experiencias y actividades;0;4;4;25472;25471;25474,25475,25476,25477,25478,25479,25480
18590;ia_5793;Ciudad de la Raqueta;Madrid;Deportes;Tenis / Pádel;0;1;1;73414;73416;
16712;ia_2467;Ciudad de Mostoles;Madrid;Alojamiento;Business Hotel, Restaurante, terraza;0;3;3;;;
16918;ia_2688;Cívitas Metropolitano: Partido de fútbol Atlético de Madrid;Madrid;Eventos;Evento deportivo en directo (estadio);0;3;3;;;
838;clandestino_burger_joint;Clandestino Burger Joint;Madrid;Restaurantes;Trendy, Hamburguesa;0;4;4;17364;17365;17368,17369,17370,17371
17460;ia_3281;Claret Watchmaking;Madrid;Compras;"Joyería y relojería de lujo, Complicaciones innovadoras; Relojería independiente; Producción artesanal";0;3;3;;;
3713;claris_grand_luxe_barcelona;Claris grand Luxe Barcelona;Barcelona;Alojamiento;Hoteles, Wifi, Estética, Restaurante, Bar, Spa;0;3;3;24190;24187;24184,24188,24189,24192
18683;ia_4949;Clase de Cocina de Chocolate y Churros en Madrid - Madrid;Madrid;Experiencias Unicas;Clase de cocina / Taller culinario;0;1;1;73851;73853;73852
18685;ia_4954;Clase de cocina de paella en Madrid con maridaje de vino sin fondo - Madrid;Madrid;Experiencias Unicas;Clase de cocina / Taller culinario;0;1;1;73854;73855;73856
18656;ia_4864;Clase de cocina española en Madrid y brunch de vino sin fondo - Madrid;Madrid;Experiencias Unicas;Clase de cocina / Taller culinario;0;1;1;73857;73858;73859
4684;clase_de_cocina_espanola_tradicional;Clase de cocina española tradicional;Madrid;Restaurantes;Top, Español, Restaurantes;0;4;4;;;
18686;ia_4960;Clase de cocina tradicional de sardinas con subasta de platos en Madrid - Madrid;Madrid;Experiencias Unicas;Clase de cocina / Taller culinario;0;1;1;73861;73860;73862
18684;ia_4952;Clase de Salsa y Bachata en el parque El Retiro - Madrid;Madrid;Experiencias Unicas;Clase/Taller de baile;0;1;1;73864;73865;73863
16476;ia_2159;Clásicos DC;Madrid;Restaurantes;Española / De mercado, Gastrobar moderno;0;3;3;;;
5739;classic_madrid_;Classic madrid ;Madrid;Ocio y eventos;;0;4;4;49447;49448;49445,49446,49450,49451,49452
17154;ia_2974;Classy Teas;Madrid;Compras;"Tiendas de té y café, Tienda de té; Mezclas premium; Accesoría en infusiones";0;3;3;;;
762;clc_bisuteria;CLC BISUTERIA;Madrid;Compras;Marcas y Productos Locales;0;4;4;17712;17711;
17474;ia_3295;Clerc Genève;Madrid;Compras;"Joyería y relojería de lujo, Relojes de buceo; Innovación técnica; Alta relojería suiza";0;3;3;;;
14613;ia_152;Clínica CLM Oftalmología;Madrid;Restaurantes;No disponible;0;3;3;;;
3985;clockers;Clockers;Madrid;Compras;Marcas y Productos Locales;0;4;4;29462;29460;29459,29463,29464,29465,29468
17686;ia_3515;CLOONELA coworking;Madrid;Compras;Coworking y oficinas compartidas, Coworking, oficinas privadas, eventos;0;3;3;74663;74661;74662,74664,74665
17063;ia_2884;Close Vintage;Madrid;Compras;Tiendas Vintage, Selección curada de moda vintage, Piezas únicas, Estilo retro auténtico;0;3;3;;;
17073;ia_2894;Close Vintage;Madrid;Compras;"Tiendas Vintage, Selección curada de moda vintage; Piezas únicas; Lanzamientos por colección";0;3;3;;;
18562;ia_5765;Club de Campo Villa de Madrid;Madrid;Deportes;Multi‑deporte;0;1;1;;;
286;club_de_campo_villa_de_madrid;Club de Campo Villa de Madrid;Madrid;Ocio y eventos;Experiencias y actividades;0;4;4;15723;15724;15725,15726,15727,15728,15729,15730
18561;ia_5764;Club de Campo Villa de Madrid – Golf;Madrid;Deportes;Golf;0;1;1;;;
18560;ia_5763;Club de Campo Villa de Madrid – Natación;Madrid;Deportes;Natación;0;1;1;73412;73411;
938;club_de_fumadores_sala_alcobendas;Club de Fumadores Sala Alcobendas;Madrid;Ocio y eventos;Más de 18, Indoor, Ocio, Club fumadores;0;4;4;14964;14965;14966
289;club_de_golf_aranjuez;Club de Golf Aranjuez;Madrid;Ocio y eventos;Experiencias y actividades;0;4;4;15055;15056;15057,15059
940;club_de_los_100_puros;Club de los 100 Puros;Madrid;Ocio y eventos;Más de 18, Indoor, Club fumadores;0;4;4;17656;17657;
15672;ia_1266;Club de Tiro Madrid;Madrid;Restaurantes;Española, Cocina tradicional, Carnes;0;3;3;;;
18583;ia_5786;Club Deportivo Somontes;Madrid;Deportes;Multideporte;0;1;1;73409;73407;
1083;club_gunilla;Club Gunilla;Madrid;Fiesta;Discotecas, Electrónica, Comercial, Reggeaton;0;4;4;17182;17183;17184
3407;club_hemingway_juan_dolio;Club Hemingway Juan Dolio;Santo Domingo;Fiesta;Beachclubs;0;4;4;21954;21949;21950,21951,21952,21955,21956,21957,21958
5656;club_malasana;Club Malasaña;Madrid;Fiesta;Discotecas;0;4;4;49406;49405;49361,49363,49366,49404,49407
939;club_matador;Club Matador;Madrid;Ocio y eventos;Más de 18, Indoor, Cultura, Ocio, Club fumadores;0;4;4;15264;15265;
1080;club_mymo_madrid;Club Mymo Madrid;Madrid;Fiesta;Discotecas, Electrónica, Comercial, Reggeaton;0;4;4;47710;17830;17829
936;club_pasion_habanos;Club Pasión Habanos;Madrid;Ocio y eventos;Más de 18, Indoor, Ocio, Club fumadores;0;4;4;15544;15545;15546
18581;ia_5784;Club Volleyball Madrid;Madrid;Deportes;Voleibol;0;1;1;73404;73406;
5020;clubhaus_;Clubhaus ;Barcelona;Restaurantes;Trendy, Veggie, Mexicano, Americano, Hamburguesa, Fusión, Restaurantes, Celiacos ;0;4;4;44887;44886;44888
17668;ia_3497;CNDM;Madrid;Compras;Moda y ropa, Ropa urbana, diseño local, colección limitada;0;3;3;;;
644;coam;COAM;Madrid;Qué ver;Arquitectura;0;4;4;14765;14766;
14511;ia_65;Cocina Selecta;Madrid;Restaurantes;Española, Cocina Española Casera, Tapas;0;3;3;;;
17104;ia_2924;Cocinas El Pilar;Madrid;Compras;"Mobiliario de cocina, Diseño de cocinas a medida; Instalación completa; Muebles exclusivos";0;3;3;;;
15823;ia_1417;Coco Bongo - Gracias Padre;Madrid;Restaurantes;Internacional, Cocina Fusión, Platos Internacionales;0;3;3;;;
1228;coco_bongo_show_y_disco;COCO BONGO SHOW & DISCO;Punta Cana;Fiesta;Discotecas;0;4;4;16146;16147;16148,16149,16150,16151,16152,16153,16154
15569;ia_1159;Coco Cantina;Madrid;Restaurantes;Latinoamericana, Brunch / Tacos / Street food;0;3;3;;;
4802;cocol;Cocol;Madrid;Compras;Para ti;0;4;4;43944;43946;43937,43938,43939,43940,43942,43945
15140;ia_724;Coconutboy Thai Fusion;Madrid;Restaurantes;Curry, Creativa;0;3;3;;;
506;cocoon;Cocoon;Madrid;Fiesta;Discotecas, Electrónica;0;4;4;14577;14578;
15393;ia_978;Coimbra II;Madrid;Restaurantes;Portuguesa, Bacalao, Guisos, Carnes;0;3;3;;;
15598;ia_1189;COKIMA;Madrid;Restaurantes;Fusión / Internacional / Asiática, Baos / Tacos / Ceviches;0;3;3;;;
17679;ia_3508;Coldwell Banker Unique Real Estate;Madrid;Compras;Inmobiliarias y alquiler, Venta de propiedades, gestión inmobiliaria, asesoramiento personalizado;0;3;3;;;
4108;colmenar_de_oreja;Colmenar de Oreja;Aranjuez;Qué ver;Escapadas;0;4;4;33963;33969;33964,33965,33966,33967,33968,33970,33971,33972
15818;ia_1412;Colombian Wok Fusión;Madrid;Restaurantes;Colombiana, Cocina fusión, Wok;0;3;3;;;
18465;ia_5657;Colors Tattoo Studio;Madrid;Wellness;Estudio de tatuajes;0;1;1;;;
16582;ia_2303;Colosimo;Madrid;Restaurantes;Española / Contemporánea;0;3;3;;;
17711;ia_3545;Combinación: Pase para los Museos Nacionales de Madrid;Madrid;Arte y Cultura;Museo de arte moderno / contemporáneo, Casa del Ratoncito Pérez;0;3;3;;;
17712;ia_3546;Combo Palacio Real de Madrid Plus Galería de Colecciones Reales;Madrid;Arte y Cultura;Museo de historia, Perfumería histórica, frascos antiguos;0;3;3;;;
17713;ia_3547;Combo: Entrada al Palacio Real de Madrid y Reina Sofía;Madrid;Arte y Cultura;Museo de arte moderno / contemporáneo, Relojes mecánicos, relojes de bolsillo;0;3;3;;;
3841;comedy_club_rd;Comedy Club RD;Santo Domingo;Ocio y eventos;Cines y Teatros y Salas de concierto;0;4;4;25404;25401;25402,25403,25405,25408,25409,25410
14680;ia_225;Cómete México - Raimundo Fernández;Madrid;Restaurantes;Mexicana / Tradicional, Tacos, Enchiladas, Quesadillas;0;3;3;;;
15693;ia_1287;Cómete México General Pardiñas;Madrid;Restaurantes;Mexicana, Tacos, Cocina mexicana;0;3;3;;;
17714;ia_3548;Comience su viaje al Madrid mágico con un local: privado y personalizado 3 horas;Madrid;Arte y Cultura;Museo de historia, Cerámica, instrumentos médicos;0;3;3;;;
17203;ia_3023;Como En Casa - Tienda Ecológica en Madrid;Madrid;Compras;"Productos ecológicos y naturales, Tienda ecológica; Productos frescos; Venta responsable";0;3;3;;;
288;complejo_deportivo_race;Complejo deportivo Race;Madrid;Ocio y eventos;Experiencias y actividades;0;4;4;16971;16972;16973
201;complejo_la_cigüena;Complejo La Cigüeña;Madrid;Alojamiento;Naturaleza;0;4;4;15360;15361;15362,15363,15364
14889;ia_466;Cómplice;Madrid;Restaurantes;Mediterránea, Comida Fusión, Platos creativos, Cócteles;0;3;3;;;
15470;ia_1056;Compostela;Madrid;Restaurantes;"Gallega, Pulpo; Pescados; Cocina de mercado";0;3;3;;;
16697;ia_2452;Compostela Suites;Madrid;Alojamiento;Aparthotel, Piscina, parking, cocina equipada;0;3;3;;;
350;con_amor;Con Amor;Madrid;Restaurantes;Top, Trendy;0;4;4;15792;15793;15794,15795,15796,15797
15238;ia_823;Con Amor;Madrid;Restaurantes;Española, Platos de autor, Cocina creativa;0;3;3;;;
5803;"concierto_""manolo_garcia""";"Concierto ""Manolo García""";Ronda;Ocio y eventos;Eventos;0;3;3;;;
1572;concierto_ana_guerra_y_cepeda;Concierto Ana Guerra y Cepeda;Madrid;Ocio y eventos;Conciertos, Comercial;1;4;3;18328;18327;
1559;concierto_cecilio_g;Concierto Cecilio G;Madrid;Ocio y eventos;Conciertos, Otro, Musical;1;4;3;18323;18322;
5660;concierto_de_aerosmith;Concierto de Aerosmith;Madrid;Ocio y eventos;Conciertos;0;4;3;;;
5652;concierto_de_robledo;Concierto de Robledo;Madrid;Ocio y eventos;Conciertos;0;4;4;;49304;
5474;concierto_de_shawn_mendes_;Concierto de Shawn Mendes ;Madrid;Ocio y eventos;Conciertos;0;4;4;48618;48619;48617,48620
1203;concierto_del_silencio;Concierto del Silencio;Madrid;Ocio y eventos;Conciertos;1;4;3;17334;17335;17336,17337,17338
5211;concierto_extremoduro;Concierto Extremoduro;Madrid;Ocio y eventos;Conciertos;0;3;3;47028;47030;46986,46988,46989,46991,47029
5203;concierto_izal;concierto IZAL;Madrid;Ocio y eventos;Conciertos;0;3;3;46802;;46777,46778,46779,46781,46782,46783,46784,46785,46787
1555;concierto_nicky_jam;Concierto Nicky Jam;Madrid;Ocio y eventos;Conciertos, Reggeaton;0;4;4;18320;18319;18321
17486;ia_3307;Concord;Madrid;Compras;"Joyerías y relojerías, Relojes de lujo; Alta relojería suiza; Diseños modernos";0;3;3;;;
6120;concurso_internacional_de_enganches_de_tradicion_de_ronda;Concurso Internacional de Enganches de Tradición de Ronda;Ronda;Ocio y eventos;Eventos;0;4;4;50373;50372;50370,50371
16996;ia_2815;Conde Duque Morasol Cinema;Madrid;Eventos;Cine independiente;0;3;3;;;
18571;ia_5774;Conde Orgaz Fitness & Swimming Pool;Madrid;Deportes;Fitness / Natación;0;1;1;73401;73403;
3981;confiteria_daver;Confitería Daver;Ronda;Experiencias y Actividades;Comercios, productos locales y artesanía;0;3;3;28898;28899;28896,28897,28900,28901,28902,28903,28904,28905
3984;confiteria_las_campanas_ronda;Confiteria Las Campanas Ronda;Ronda;Experiencias y Actividades;Experiencias y Actividades;1;4;4;29306;29307;28928,29298,29299,29300,29301,29302,29303,29304
17623;ia_3452;Conflict Skateboards;Madrid;Compras;Skate y deportes urbanos, Diseños exclusivos, comunidad skate;0;3;3;;;
3333;congo_bar_punta_cana;Congo Bar Punta Cana;Punta Cana;Fiesta;Bares de copas;0;4;4;21671;21672;21673,21674,21675,21676,21677,21678,21679
899;congreso_de_los_diputados;Congreso de los Diputados;Madrid;Qué ver;Arquitectura;0;4;4;17732;17733;
973;conner_youngblood;Conner Youngblood;Madrid;Ocio y eventos;Conciertos;1;4;4;15278;15279;15280,15281
5183;conrad_maldives_rangali_island__maldivas;Conrad Maldives Rangali Island, Maldivas;Filipinas;Alojamiento;Hoteles;0;4;4;46601;46604;46596,46597,46598,46599,46600,46602,46603,46605
601;consuela_;Consuela ;Madrid;Compras;Tiendas;0;4;4;14788;14789;14790,14791
5260;contra_la_gravedad;Contra la gravedad;Madrid;Qué ver, Ocio y eventos;Exposiciones, Fotografía;1;3;3;47516;47515;47517,47518
17056;ia_2876;Convention Hall — Pabellón de Convenciones;Madrid;Eventos;Centro de convenciones;0;3;3;;;
3870;convento_de_domingo_santo;Convento de Domingo Santo;Ronda;Qué ver;Arquitectura: plazas y monumentos;1;1;1;25804;25803;25802,25805,25806,25807,25808,25809,25810,25811
17715;ia_3549;Convento de las Descalzas Reales Madrid: Entrada sin colas + Visita guiada;Madrid;Arte y Cultura;Museo de historia, Instrumentos de tortura, manuscritos;0;3;3;;;
3914;convento_de_santo_domingo;Convento de Santo Domingo;Ronda;Qué ver, Experiencias y Actividades;Cool Places, Arquitectura: plazas y monumentos, Monumentos Propios;0;4;4;27182;28170;27183,27184
4009;cookery_aranjuez;Cookery Aranjuez;Aranjuez;Restaurantes;Trendy, Americano, Restaurantes;0;3;3;30179;30177;30175,30176,30178,30180,30181,30182,30183,30184
19182;ia_5548;Cooking Point;Madrid;Experiencias Unicas;;0;1;1;73866;73867;
16824;coolrooms_palacio_de_atocha;CoolRooms Palacio de Atocha;Madrid;Alojamiento;Hotel Boutique, Piscina interior en patio histórico;0;4;4;74685;74683;74684,74686,74687
16836;ia_2599;CoolRooms Palacio de Atocha: arte y modernidad en un palacio urbano;Madrid;Alojamiento;Hoteles, Piscina exterior y arte moderno;0;3;3;;;
5228;copernico_club;Copérnico Club;Madrid;Fiesta;Discotecas;0;4;4;47240;47244;47239,47241,47242,47243,47245,47246,47247,47248
15787;coque_by_mario_sandoval;Coque by Mario Sandoval;Madrid;Restaurantes;Alta cocina, Cocina gourmet, Platos creativos;0;4;4;74294;74295;74296,74297
5003;coquettogo;CoquettoGO;Madrid;Restaurantes;Especial Delivery;1;4;4;44592;44597;44591,44593,44594,44595,44596,44598,44599,44600
182;corazon;Corazón;Madrid;Fiesta;Bares de copas;0;4;4;15050;15051;15052
14688;cornamusa_cibeles;Cornamusa Cibeles;Madrid;Restaurantes;Mediterránea / Internacional, Cocina de autor, Mediterránea, Platos creativos;0;4;4;;;74100,74101,74102,74103,74104,74105
1262;corner_tree_cafe;Corner Tree Café;Filipinas;Restaurantes;Trendy, Vinoteca, Fusión;0;1;3;17305;17306;17307
18626;ia_5829;Corporate Golf;Madrid;Deportes;Golf;0;1;1;73400;73399;
4014;corral_de_la_moreria;Corral de la moreria;Madrid;Restaurantes;Top, Español, Restaurantes;0;4;4;30282;30288;30280,30281,30284,30285,30286,30287,30289
15873;ia_1472;Corre ve y dile;Madrid;Restaurantes;Mediterranea, Tapas, Platos Mediterráneos;0;3;3;;;
3529;corrida_goyesca_de_ronda;Corrida Goyesca de Ronda;Ronda;Fiesta;Festivales y Fiestas Populares;1;4;4;25547;25545;25542,25544,25546
586;corta_cabeza;Corta Cabeza;Madrid;Compras;Para ti, Peluqueria;0;4;4;15801;15802;15803,15805,15806
4357;cortijo_de_laguna_del_espejo;Cortijo de Laguna del Espejo;Ronda;Alojamiento;Camping y Casa rural;1;4;4;38316;38317;38321
3466;cortijo_la_organic_ronda;Cortijo La Organic Ronda;Ronda;Alojamiento;Villas;0;4;4;49336;50281;49334,49335,49338,49339,49340,49341,49342,49343,49344,49345,49346,49347,49348,49349,49350,49351,49352,49353,49354,49355,49356
3435;cortijo_salinas;Cortijo Salinas;Ronda;Alojamiento;Hoteles, Terraza, Restaurante, Spa;0;3;3;22200;22201;22202,22203,22204,22206
1210;cortylandia;Cortylandia;Madrid;Ocio y eventos;Experiencias y actividades;0;4;3;16371;16372;16373
17399;ia_3220;Corum;Madrid;Compras;"Joyería y relojería de lujo, Diseños innovadores; Relojes exclusivos; Alta relojería suiza";0;3;3;;;
17667;ia_3496;COSHOWROOM | Justicia;Madrid;Compras;Ropa y accesorios, Showroom de moda, diseño independiente, eventos de presentación;0;3;3;;;
17226;ia_3046;Cosméticos Saylu;Madrid;Compras;"Perfumerías y cosmética, Perfumería y cosmética; Amplia variedad; Atención cercana";0;3;3;;;
17236;ia_3056;Cosméticos Saylu;Madrid;Compras;"Perfumerías y cosmética, Perfumería y cosmética; Amplia variedad; Atención cercana";0;3;3;;;
1250;costa_atlantica;Costa Atlántica;Punta Cana;Alojamiento;Hoteles, Terraza;0;1;1;14814;14815;14816,14817,14818,14819
1453;costa_social_club_;Costa Social Club ;Madrid;Fiesta;Discotecas;0;4;3;11747;11090;11086,11087,11088,11089,11091
16331;ia_1950;Cowboy Grill;Madrid;Restaurantes;"Americana, Steak; Hamburguesas";0;3;3;;;
17685;ia_3514;Coworking La Ebanistería;Madrid;Compras;Carpintería y ebanistería, Coworking, talleres, arte y diseño;0;3;3;74660;74659;74656,74658
19239;ia_5611;Cozina by Santerra;Madrid;Experiencias Unicas;Degustación / experiencia gastronómica;0;1;1;73869;73868;73870
15021;ia_605;Cre-Cotte;Madrid;Restaurantes;Española;0;3;3;;;
18345;ia_4392;Creative Space School;Madrid;Arte y Cultura;Teatro histórico, educación artística multidisciplinar, talleres de teatro y música para jóvenes, Talleres de teatro, música y pintura;0;1;1;73676;73675;73677
563;cristina_oria;Cristina Oria;Madrid;Compras;Tiendas;0;4;4;15462;15463;15464,15465,15466,15467
3631;cristo_redentor_puerto_plata;Cristo Redentor Puerto Plata;Santo Domingo;Qué ver;Museos, Parques;0;3;3;;;23403,23404,23405,23406,23407,23408,23409,23410,23411,23412
15379;ia_964;Crítico;Madrid;Restaurantes;Española, Platos de autor, Carnes, Pescados;0;3;3;;;
15730;ia_1324;Croqueteria Focos;Madrid;Restaurantes;Española, Tapas, Croquetas;0;3;3;;;
6028;cross_campo_a_traves_ciudad_de_ronda;cross campo a través Ciudad de Ronda;Ronda;Ocio y eventos;Eventos;0;1;1;;;
69;crowne_plaza_madrid_airport_4;Crowne Plaza Madrid Airport 4*;Madrid;Alojamiento;Hoteles;0;4;4;14291;14292;14294,14295,14296
18287;crowne_plaza_madrid_airport_4_prueba1;Crowne Plaza Madrid Airport 4* PRUEBA1;Madrid;Alojamiento;Hoteles;0;4;4;;;
18288;crowne_plaza_madrid_airport_4_prueba2;Crowne Plaza Madrid Airport 4* PRUEBA2;Madrid;Alojamiento;Hoteles;0;2;3;;;
18290;crowne_plaza_madrid_airport_4_prueba3;Crowne Plaza Madrid Airport 4* PRUEBA3;Madrid;Alojamiento;Hoteles;0;2;3;;;
1732;crucero_en_catamaran;Crucero en Catamarán;Punta Cana;Ocio y eventos;Experiencias y actividades;0;4;4;18677;18674;18675,18676
4462;crüilla;Crüilla;Barcelona;Fiesta;Festivales;0;4;4;40564;40566;40563,40565
1054;crumb;Crumb;Madrid;Restaurantes;Low cost, Streetfood;1;4;4;17102;17103;17104,17105,17106
14747;ia_299;Cruz Blanca;Madrid;Restaurantes;Madrileña, Española, Cocido, Callos;0;3;3;;;
5301;cuadra_bella_vista_;Cuadra Bella Vista ;Aranjuez;Ocio y eventos;Experiencias y actividades, Naturaleza, Ocio;0;3;3;;;
1489;cuarto_milenio:_una_historia_de_miedo;Cuarto Milenio: una historia de miedo;Madrid;Ocio y eventos;Exposiciones, Pintura, Escultura, Indoor, Cultura;0;4;4;12165;12169;12164,12166,12167,12168
16666;ia_2388;Cuatro de Ocho;Madrid;Nightlife;Bar artístico, Chill, Jazz, Lounge;0;3;3;;;
18297;ia_4345;Cuatro Torres Business Area;Madrid;Arte y Cultura;Torre / mirador arquitectónico, arquitectura contemporánea, mirador en Torre de Cristal, hotel panorámico, Torre PwC, Torre Cristal, Torre Cepsa, Torre Espacio;0;1;1;73674;73672;
14625;ia_164;Cuenllas;Madrid;Restaurantes;Española / Moderna, Tapas Gourmet, Vinos, Cocina Española;0;3;3;;;
3155;cueva_de_la_pileta;Cueva de la Pileta;Ronda;Qué ver;Naturaleza y parques;0;4;4;20802;20801;20794,20795,20797,20798,20799,20800
3203;cueva_del_gato;Cueva del Gato;Ronda;Experiencias y Actividades;Naturaleza y Turismo Activo;0;4;4;25782;25783;21030,21034,25784,25785
1919;cueva_del_tesoro;Cueva del tesoro;Málaga;Ocio y eventos;Experiencias y actividades, Naturaleza, Ocio;0;1;3;19844;19845;19842,19843
17716;ia_3550;Cultura desvelada: Visita guiada Reina Sofía;Madrid;Arte y Cultura;Museo de arte moderno / contemporáneo, Instrumentos musicales;0;3;3;;;
726;cultura_inquieta;Cultura inquieta;Madrid;Fiesta;Festivales;0;4;4;15039;15040;
17277;ia_3097;Cuore Me Estética y Bienestar;Madrid;Compras;"Centros de estética, Centro de estética; Tratamientos personalizados; Bienestar integral";0;3;3;;;
1485;curiosite;Curiosite;Madrid;Compras;Tiendas, Decoración, Accesorios, Coleccionista;0;4;4;36618;36617;12098,12099,36614,36615,36616
4101;curiosity_aranjuez;Curiosity Aranjuez;Aranjuez;Ocio y eventos;Experiencias y actividades, Naturaleza;0;4;4;33912;33894;33895,33896,33898,33899,33900,33901,33902
15430;ia_1015;Curry & Canela;Madrid;Restaurantes;India, Curries, Platos vegetarianos, Fusión;0;3;3;;;
16163;ia_1782;Curry Garden;Madrid;Restaurantes;"India, Chicken tikka; Curry de cordero";0;3;3;;;
16218;ia_1837;Curry House;Madrid;Restaurantes;"India, Curry de cordero; Samosas";0;3;3;;;
16333;ia_1952;Curry House;Madrid;Restaurantes;"India, Chicken curry; Pakoras";0;3;3;;;
16061;ia_1680;Curry Masala;Madrid;Restaurantes;"India, Currys; Biryani";0;3;3;;;
16323;ia_1942;Curry Masala;Madrid;Restaurantes;"India, Pollo masala; Curry vegetariano";0;3;3;;;
15292;ia_877;Curry Masala;Madrid;Restaurantes;India, Currys, Biryani, Platos vegetarianos;0;3;3;;;
16243;ia_1862;Curry Palace;Madrid;Restaurantes;"India, Pollo curry; Biryani";0;3;3;;;
16253;ia_1872;Curry Palace;Madrid;Restaurantes;"India, Chicken curry; Pakoras";0;3;3;;;
16353;ia_1972;Curry Palace;Madrid;Restaurantes;"India, Pollo tikka masala; Curry vegetal";0;3;3;;;
16288;ia_1907;Curry World;Madrid;Restaurantes;"India, Pollo tikka masala; Curry vegetal";0;3;3;;;
4683;curso_de_iniciacion_a_la_cata_de_vino;Curso de iniciación a la cata de vino;Madrid;Restaurantes;Top, Español, Restaurantes;0;3;3;;;
18687;ia_4967;Curso de Surf o Paddle Surf en Benicasim Castellon - Madrid;Madrid;Experiencias Unicas;Clase/Taller (general);0;1;1;73871;73873;73872
15576;ia_1166;Cutzamala Mex Food;Madrid;Restaurantes;Mexicana, Tacos / Cocina tradicional mexicana;0;3;3;74260;74259;74261,74262
16522;ia_2213;Cuyabros Food & Drink;Madrid;Restaurantes;Street Food, Latinoamericana / Internacional;0;3;3;;;
14514;ia_72;Cvi.che Bar Route25;Madrid;Restaurantes;Peruana, Japonesa, Ceviches, Tiraditos, Cocina Nikkei;0;3;3;;;
17411;ia_3232;Cvstos;Madrid;Compras;"Joyería y relojería de lujo, Relojes de lujo; Innovación técnica; Estilo contemporáneo";0;3;3;;;
17457;ia_3278;Cvstos;Madrid;Compras;"Joyería y relojería de lujo, Diseños modernos; Relojes de lujo; Innovación suiza";0;3;3;;;
17467;ia_3288;Cyrus Watches;Madrid;Compras;"Joyería y relojería de lujo, Relojes modernos; Alta relojería independiente; Producción limitada";0;3;3;;;
17422;ia_3243;Czapek & Cie;Madrid;Compras;"Joyería y relojería de lujo, Relojería histórica; Tradición suiza; Diseños exclusivos";0;3;3;;;
17112;ia_2932;D - LUZ;Madrid;Compras;"Iluminación y lámparas, Iluminación decorativa; Lámparas modernas; Asesoría lumínica personalizada";0;3;3;;;
18502;d'_flow_barbershop;D' Flow BarberShop;Madrid;Wellness;Barbería;0;4;4;;;73762,73763,73764,73765,73766,73767
15094;ia_678;D'Mar Perú;Madrid;Restaurantes;Peruana;0;3;3;;;
15293;ia_878;Da Morena Pozuelo;Madrid;Restaurantes;Española, Tapas, Arroces, Carnes;0;3;3;;;
14852;ia_426;Daawat Indian;Madrid;Restaurantes;India, Curries, Biryani, Tandoori;0;3;3;;;
1476;daddy_yankee_and_friends;Daddy Yankee and Friends;Madrid;Fiesta, Ocio y eventos;Conciertos, Comercial, Reggeaton, Comercial, Reggeaton;1;4;1;11876;11877;11871,11872,11873,11874,11875
15809;ia_1403;Daily;Madrid;Restaurantes;Internacional, Tapas, Cocina internacional;0;3;3;;;
16570;ia_2283;Dak Burger (The Champions Burger);Madrid;Restaurantes;Americana / Fusión, Hamburguesería Gourmet / Food Truck;0;3;3;;;
18639;ia_5842;Daktak - Snow | Surf | Skate;Madrid;Deportes;Snow / Surf / Skate;0;1;1;73394;73393;
16246;ia_1865;Dallas Burger;Madrid;Restaurantes;"Americana, Hamburguesas; Alitas BBQ";0;3;3;;;
5947;dalt_vila;Dalt Vila;Ibiza;Qué ver;Plazas y monumentos, Arquitectura, Cool Places;0;4;4;49915;49914;49910,49912,49913
18474;ia_5666;Damas Beauty Aravaca;Madrid;Wellness;Salón de belleza;0;1;1;;;
17370;ia_3191;Damel;Madrid;Compras;"Ropa y accesorios, Joyería española; Diseños exclusivos; Artesanía local";0;3;3;;;
17364;ia_3185;Damiani;Madrid;Compras;"Joyería y relojería de lujo, Joyería artesanal; Diseño italiano; Piezas de lujo";0;3;3;;;
17536;ia_3357;Damiani Watches;Madrid;Compras;"Joyería y relojería de lujo, Alta joyería italiana; Relojes exclusivos; Tradición artesanal";0;3;3;;;
18564;ia_5767;Dancehall Center;Madrid;Deportes;Baile urbano / Dancehall / Twerk;0;1;1;73390;73392;
5022;dani_brasserie;Dani Brasserie;Madrid;Restaurantes;Con terraza;1;1;3;;;44916,44917,44918,44919,44920,44921,44922,44923,44924,44925
5023;dani_brasserie_madrid;Dani Brasserie Madrid;Madrid;Restaurantes;Con terraza;1;4;4;44926;44939;44927,44928,44929,44931,44932,44934
5018;dani_brassiere;Dani Brassiere;Madrid;Restaurantes;Con terraza;1;3;3;;;44872,44873,44874,44875,44876,44877,44878,44879,44880,44881
5632;dani_martin;Dani Martin;Málaga;Ocio y eventos;Conciertos;0;1;3;49234;49235;
17557;ia_3378;Daniel Chong;Madrid;Compras;Moda y complementos sostenibles, Ediciones limitadas & personalización bajo pedido;0;3;3;;;
17573;ia_3395;Daniel Chong;Madrid;Compras;Moda y complementos sostenibles, Ediciones limitadas & personalización bajo pedido;0;3;3;;;
17645;ia_3474;Daniel Valle Architects (DVA);Madrid;Compras;Estudios de arquitectura e interiorismo, Diseño arquitectónico, consultoría internacional;0;3;3;;;
14819;ia_391;Dantte Madrid;Madrid;Restaurantes;Mediterránea, Española, Tapas, Platos Mediterráneos;0;3;3;;;
18472;ia_5664;DARANNUR;Madrid;Wellness;Centro holístico;0;1;1;;;
15342;ia_927;Darchini Indian Cuisine;Madrid;Restaurantes;restaurante, India;0;3;3;;;
18616;ia_5819;David Lloyd Aravaca;Madrid;Deportes;Multideporte;0;1;1;73388;73387;
15854;ia_1448;Dbarra Gastrobar;Madrid;Restaurantes;Mediterranea, Tapas Creativas, Cocina Mediterránea;0;3;3;;;
5880;dc10_;Dc10;Ibiza;Fiesta;Zonas de fiesta;0;4;4;49725;49726;49724,49727,49728,49729
109;dcode;Dcode;Madrid;Fiesta;Festivales, Comercial, Otro;0;4;4;16956;16957;16958
17368;ia_3189;De Beers;Madrid;Compras;"Joyería y relojería de lujo, Diamantes certificados; Alta joyería; Servicio personalizado";0;3;3;;;
17539;ia_3360;De Beers Watches;Madrid;Compras;"Joyería y relojería de lujo, Alta joyería con diamantes; Relojes exclusivos; Exclusividad global";0;3;3;;;
17416;ia_3237;De Bethune;Madrid;Compras;"Joyería y relojería de lujo, Alta relojería independiente; Innovación técnica; Diseños futuristas";0;3;3;;;
17446;ia_3267;De Bethune;Madrid;Compras;"Joyería y relojería de lujo, Alta relojería independiente; Innovación técnica; Diseños futuristas";0;3;3;;;
17553;ia_3374;De Grisogono Watches;Madrid;Compras;"Joyería y relojería de lujo, Joyas contemporáneas; Alta relojería; Diseños creativos";0;3;3;;;
15528;ia_1115;De la Riva;Madrid;Restaurantes;Española, Madrileña, Restaurante, Casa de comidas;0;3;3;;;
3248;de_locos_tapas_;De locos tapas ;Ronda;Restaurantes;Tapas;1;1;1;21179;21172;21173,21174,21175,21176,21178,21180,21181,21202
18688;ia_4970;De Madrid a Lisboa hasta 3 paradas: Toledo, Mérida y Évora - Madrid;Madrid;Experiencias Unicas;Tour/experiencia (general);0;1;1;73874;73875;
4393;de_madrid_al_cielo_sky_bar_;De Madrid al cielo Sky Bar ;Madrid;Fiesta;Bares de copas;0;4;4;38898;38897;38893,38894,38895,38896,38899,38900,38901,38902
14777;ia_343;De Maria Preciados;Madrid;Restaurantes;Argentino, Carnes, Empanadas;0;3;3;;;
17320;ia_3141;De Reynas Peluquería;Madrid;Compras;"Ropa y accesorios, Peluquería integral; Tratamientos de color; Estilismo personalizado";0;3;3;;;
90;dear_hotel_madrid_4;Dear Hotel Madrid 4*;Madrid;Alojamiento;Hoteles;0;4;4;15698;15699;15700,15701,15702,15703,15704,15705,15706
15765;ia_1359;Deatún Ponzano;Madrid;Restaurantes;Mediterranea, Pescados, Cocina mediterránea;0;3;3;;;
17717;ia_3552;Debe ver y hacer en Madrid con un experto local: 100% privado y personalizado 8 horas;Madrid;Arte y Cultura;Museo de historia, Manuscritos, primeras ediciones;0;3;3;;;
15395;ia_980;Decadente;Madrid;Restaurantes;Española, Platos globales, Cócteles;0;3;3;;;
524;decolab_decoracion;Decolab;Madrid;Compras;Tiendas, Decoración;1;4;4;15238;15239;15240,15241,15242,15243
17091;ia_2912;Decoraciones Rodrisol SLU;Madrid;Compras;"Artículos de decoración, Decoración integral; Pinturas y acabados; Servicio a particulares y empresas";0;3;3;;;
14894;ia_471;Deessa;Madrid;Restaurantes;Mediterránea, Española, Alta cocina, Menús degustación;0;3;3;74330;;74328,74329
15661;ia_1255;DeGusta;Madrid;Restaurantes;Española, Cocina tradicional, Tapas;0;3;3;;;
18689;ia_4973;Degustación Gourmet de Carnes Curadas con Maridaje de Vinos en Madrid - Madrid;Madrid;Experiencias Unicas;Cata/Maridaje de vino / Bodega;0;1;1;73878;73876;73877
18419;ia_4529;Dehesa de la Villa;Madrid;Naturaleza;Excursión a El Noroeste De Madrid, Pinares, colinas, senderos, Birdwatching, running, miradores;0;1;1;;;
17214;ia_3034;Dehesa El Milagro | Productos Ecológicos;Madrid;Compras;"Productos ecológicos y naturales, Tienda ecológica; Productos de finca; Alimentos sostenibles";0;3;3;;;
17059;ia_2879;Déjàvu;Madrid;Eventos;Bar musical;0;3;3;;;
195;del_diego_cocktail_bar;Del Diego Cocktail Bar;Madrid;Fiesta;Bares de copas;0;4;4;15923;15924;15925,15926,74128,74129
14857;ia_433;Del estal café lunch;Madrid;Restaurantes;Mediterránea, Internacional, Brunch, Menú diario;0;3;3;;;
17427;ia_3248;DeLaneau;Madrid;Compras;"Joyería y relojería de lujo, Joyería artística; Relojes con esmaltado; Diseños exclusivos";0;3;3;;;
17058;ia_2878;Delegación en España de Messe Düsseldorf GmbH;Madrid;Eventos;Delegación ferial;0;3;3;;;
16308;ia_1927;Delhi Spice;Madrid;Restaurantes;"India, Pollo al curry; Naan";0;3;3;;;
15084;ia_668;Delia;Madrid;Restaurantes;Española, Pulpo a la brasa | Bacalao | Costillas | Croquetas;0;3;3;;;
14866;ia_442;Delica Bistro;Madrid;Restaurantes;Mediterránea, Internacional, Cocina mediterránea, Veggie;0;3;3;;;
5074;delicatessen_x_;Delicatessen X ;Barcelona;Ocio y eventos;Más de 18;0;4;4;45601;45602;45603,45604,45605,45606,45607,45608,45609,45610
17177;ia_2997;Delicias del 38;Madrid;Compras;"Tiendas gourmet, Gourmet de proximidad; Selección de vinos; Productos exclusivos";0;3;3;;;
14567;ia_79;Delicious Institute;Madrid;Restaurantes;Internacional / Creativa, Degustación, Cocina Internacional;0;3;3;;;
14978;ia_562;Delisco - Fuencarral;Madrid;Restaurantes;Mediterranea, Pizzas;0;3;3;;;
14578;ia_107;Delivinos;Madrid;Restaurantes;Española / Internacional, Vino, Tapas, Productos Gourmet;0;3;3;;;
17477;ia_3298;Delma;Madrid;Compras;"Joyería y relojería de lujo, Relojes de buceo; Alta relojería accesible; Diseño moderno";0;3;3;;;
17321;ia_3142;Delpozo;Madrid;Compras;"Ropa y accesorios, Alta costura; Diseños únicos; Moda de lujo";0;3;3;;;
18633;ia_5836;Deportes Alaska;Madrid;Deportes;Multideporte;0;1;1;73385;73382;
18638;ia_5841;Deportes Alaska;Madrid;Deportes;Multideporte;0;1;1;;;
19213;ia_5577;Deportes Aventura;Madrid;Experiencias Unicas;Barranquismo;0;1;1;73879;73880;73881
18611;ia_5814;Deportes Chércoles;Madrid;Deportes;Multideporte;0;1;1;73379;73381;
18630;ia_5833;Deportes Koala;Madrid;Deportes;Multideporte;0;1;1;73376;73377;
18635;ia_5838;Deportes Koala;Madrid;Deportes;Multideporte;0;1;1;;;
773;deportes_koala;Deportes Koala;Madrid;Compras;Tiendas, Moda, Accesorios, Moda;1;4;4;16595;16596;16597,16598
18644;ia_5847;Deportes Laser;Madrid;Deportes;Laser tag;0;1;1;73373;73372;
18629;ia_5832;Deportes LUCE;Madrid;Deportes;Multideporte;0;1;1;73370;73369;
18634;ia_5837;Deportes LUCE;Madrid;Deportes;Multideporte;0;1;1;;;
18587;ia_5790;Deportes Madrid;Madrid;Deportes;Equipamiento deportivo;0;1;1;73366;73365;
18628;ia_5831;Deportes Moya;Madrid;Deportes;Multideporte;0;1;1;73363;73361;
774;deportes_princesa;Deportes Princesa;Madrid;Compras;Tiendas;0;4;4;15979;15980;15981,15982
18591;ia_5794;Deportes Wimbledon;Madrid;Deportes;Tenis / Pádel;0;1;1;73360;73358;
14644;ia_188;Derzu Bar;Madrid;Restaurantes;Fusión / Internacional, Tapas creativas, Cócteles de autor, Platos fusión;0;3;3;;;
15343;ia_928;Desborre;Madrid;Restaurantes;restaurante, Española;0;3;3;;;
14717;ia_266;Descaro;Madrid;Restaurantes;Mediterranea, Cocina de mercado, brunch;0;3;3;;;
17719;ia_3555;Descubre el arte callejero de Madrid con un local;Madrid;Arte y Cultura;Museo de ciencia y tecnología, Instrumentos científicos;0;3;3;;;
17718;ia_3554;Descubre el Palacio Real de Madrid con Entrada;Madrid;Arte y Cultura;Museo de arte contemporáneo, Arte contemporáneo;0;3;3;;;
18690;ia_4979;Descubre La Rioja: Visita guiada a la bodega y cata de vinos - Madrid;Madrid;Experiencias Unicas;Cata/Maridaje de vino / Bodega;0;1;1;73882;73883;73884
17720;ia_3556;Descubre las joyas escondidas de Madrid en un recorrido a pie + Tapa y bebida;Madrid;Arte y Cultura;Museo de historia, Utensilios, recetarios, alimentos;0;3;3;;;
18691;ia_4982;Descubre Madrid en Tuk Tuk durante 2 horas - Madrid;Madrid;Experiencias Unicas;Tour/experiencia (general);0;1;1;73885;73887;73886
18692;ia_4984;Descubre Madrid: Tour de 3 horas por Tuk Tuk - Madrid;Madrid;Experiencias Unicas;Visita guiada a museo/monumento;1;1;1;;;
17721;ia_3561;Desde Madrid: Tour Guiado a Toledo y Segovia con Tickets y Comida;Madrid;Arte y Cultura;Excursión de un día a Toledo, Diseño gráfico e industrial;0;3;3;;;
17722;ia_3562;Desde Madrid: Tour Privado Oficial a Toledo & Segovia;Madrid;Arte y Cultura;Excursión de un día a Toledo, Cámaras, carteles, objetos cinematográficos;0;3;3;;;
6117;desfiladero_del_tajo;Desfiladero del Tajo;Ronda;Experiencias y Actividades;Experiencias y Actividades;0;4;4;50360;50365;50359,50361
490;despacio_concept_store;Despacio Concept Store;Madrid;Compras;Tiendas, Decoración;0;4;4;15846;15847;15848,15849
16677;ia_2430;Despecho;Madrid;Nightlife;Latin Bar / Club, Reggaetón, Salsa, Latin Pop;0;3;3;;;
18261;ia_4419;Desperate Literature;Madrid;Arte y Cultura;Librería / Bookstore, Literatura alternativa, fanzines, rarezas;0;3;3;;;
4469;destilerias_el_tajo;Destilerías El Tajo;Ronda;Experiencias y Actividades;Comercios, productos locales y artesanía;0;4;4;42237;42238;42232,42233,42234,42235,42236
15505;ia_1092;Destino Raíz;Madrid;Restaurantes;Española, Cocina de mercado;0;3;3;;;
15585;ia_1176;Destino Raíz;Madrid;Restaurantes;Española / Creativa, Cocina de mercado / Fusión;0;3;3;;;
14961;ia_545;Detenderete;Madrid;Restaurantes;Española;0;3;3;;;
19185;ia_5549;Devour Madrid Food Tours;Madrid;Experiencias Unicas;Tour guiado (general);0;1;1;73889;73888;73890
17409;ia_3230;DeWitt;Madrid;Compras;"Joyería y relojería de lujo, Alta relojería; Inspiración imperial; Piezas únicas";0;3;3;;;
18491;ia_5684;DeYoga;Madrid;Wellness;Centro de yoga;0;1;1;;;
3705;dgtl_barcelona;DGTL Barcelona;Barcelona;Fiesta;Festivales;0;4;4;24173;24172;24146,24171,24174
17643;ia_3472;Dhoce Arquitectura & Real Estate;Madrid;Compras;Estudios de arquitectura e interiorismo, Arquitectura, interiorismo, gestión inmobiliaria;0;3;3;;;
1204;dia_de_los_muertos_en_casa_de_mexico;Día de los Muertos en Casa de México;Madrid;Ocio y eventos;Exposiciones;0;4;4;14511;14512;14513,14514,14515
15557;ia_1145;Diamantes de Sal Rosa by Thai Garden;Madrid;Restaurantes;Tailandesa, Curry, Tapas asiáticas;0;3;3;;;
598;diamond_crown;Diamond Crown;Madrid;Compras;Tiendas, Marcas y Productos Locales;0;4;4;16007;16008;16009,16010,16011
14752;ia_306;Dicharachero;Madrid;Restaurantes;Mediterránea, Española, Cocina de mercado;0;3;3;;;
17505;ia_3326;Diesel Watches;Madrid;Compras;"Joyerías y relojerías, Diseños atrevidos; Moda urbana; Accesibilidad global";0;3;3;;;
17061;ia_2882;Digital Robots;Madrid;Compras;Tiendas de robótica, gadgets y dispositivos electrónicos, Consultoría en automatización inteligente, Automatización como servicio, Formaciones empresariales;0;3;3;;;
17071;ia_2892;Digital Robots;Madrid;Compras;Tiendas de robótica, gadgets y dispositivos electrónicos, Consultoría en automatización inteligente, Automatización como servicio, Formaciones empresariales;0;3;3;;;
17665;ia_3494;Dime que me Quieres;Madrid;Compras;Ropa y accesorios, Joyería artesanal, personalización, diseño local;0;3;3;;;
15499;ia_1086;Dimsum Market Chamberí;Madrid;Restaurantes;China / Asiática, Restaurante de dim sum;0;3;3;;;
1311;dinner_in_the_sky;Dinner in the sky;Madrid;Ocio y eventos;Experiencias y actividades;1;4;3;10325;10324;10326,10327,10328
5149;dinner_in_the_sky_belgica_;Dinner in the Sky Bélgica ;Filipinas;Restaurantes;Trendy;0;4;4;46244;46245;46243,46246,46247,46248,46249
16955;ia_2730;Dinner in the Sky Madrid;Madrid;Eventos;Gastronomía & Experiencias Extremas;0;3;3;;;
17638;ia_3467;Dinomascota;Madrid;Compras;Tiendas de mascotas y piensos, Venta de productos para mascotas, asesoría en nutrición;0;3;3;;;
1652;diobar;DIOBAR;Barcelona;Fiesta;Bares de copas, Otro;0;4;4;18621;18944;18620
15160;ia_744;Dionisos Huertas;Madrid;Restaurantes;Creativa, Hummus | Gyros | Falafel | Souvlaki;0;3;3;;;
17524;ia_3345;Dior Watches;Madrid;Compras;"Joyería y relojería de lujo, Alta costura; Relojes elegantes; Innovación francesa";0;3;3;;;
17582;ia_3408;Discarlux;Madrid;Compras;Alimentos y Bebidas, Asesoramiento cortes, entrega a domicilio, bistró interno;0;3;3;;;
578;discos_babel;Discos Babel;Madrid;Compras;Tiendas, Música;0;4;4;14302;14303;14305
579;discos_bangla_desh;Discos Bangla Desh;Madrid;Compras;Tiendas, Música;0;4;4;16493;16494;16495,16496
574;discos_la_metralleta;Discos La Metralleta;Madrid;Compras;Tiendas, Música;0;4;4;17658;17659;17660,17661
1872;discoteca_anden;Discoteca Andén;Málaga;Fiesta;Discotecas, Electrónica;0;1;3;25110;25109;25107,25108
3229;discoteca_bambora_ronda;Discoteca Bambora Ronda;Ronda;Fiesta;Bares de copas y Discotecas;1;1;3;;;
16649;ia_2371;Discoteca El Sarao;Madrid;Nightlife;Club urbano;0;3;3;;;
16609;ia_2331;Discoteca El Son;Madrid;Nightlife;Club latino / Sala de baile;0;3;3;;;
16653;ia_2375;Discoteca Elefante Blanco Madrid;Madrid;Nightlife;Sala de espectáculos;0;3;3;;;
3135;discoteca_liceo;Discoteca Liceo;Málaga;Fiesta;Discotecas;0;1;3;20620;20618;20619,20621,20622
16651;ia_2373;Discoteca Paradise el 'DONCITO';Madrid;Nightlife;Club latino;0;3;3;;;
1868;discoteca_pastrami;Discoteca Pastrami;Málaga;Fiesta;Discotecas, Comercial, Reggeaton, Otro;0;4;4;19605;19604;19601,19602,19603
18693;ia_4988;Discover Madrid in a Fun & Eco-Friendly Tuk-Tuk – Private Tour - Madrid;Madrid;Experiencias Unicas;Visita guiada a museo/monumento · Privado;0;1;1;73893;73892;73891
6013;discovery;Discovery;Ronda;;;0;3;3;;;
17723;ia_3566;Disfruta de lo más destacado de Madrid;Madrid;Arte y Cultura;Museo de historia, Ordenadores, consolas, software;0;3;3;;;
4435;distrito_1;Distrito 1;Madrid;Restaurantes;Trendy, Low cost, Japonés, Tailandes, Restaurantes;0;4;4;39806;39805;39800,39801,39802,39803,39804,39807,39808,39809
15767;ia_1361;Distrito 798;Madrid;Restaurantes;Internacional, Tapas, Platos internacionales;0;3;3;;;
15833;ia_1427;Distrito Burger;Madrid;Restaurantes;Americana, Hamburguesas, Comida rápida;0;3;3;;;
17724;ia_3567;Distrito literario de Madrid: Tour de audio autoguiado;Madrid;Arte y Cultura;Museo de historia, Cervantes, Lope de Vega, Quevedo, Góngora, Teatro Español, Plaza de Santa Ana, Convento de las Trinitarias, Calle de las Huertas;0;3;3;;;
5247;distrito_vegano;Distrito vegano;Madrid;Restaurantes;Veggie;0;3;3;47414;47417;47409,47410,47411,47412,47413,47415,47416,47418
14507;ia_57;Distrito Vietnamita – Las Tablas;Madrid;Restaurantes;Vietnamita, Pho, Rollitos, Cocina Vietnamita;0;3;3;;;
15133;ia_717;Ditaly - Xmadrid;Madrid;Restaurantes;Pizza, Internacional;0;3;3;;;
370;diurno;Diurno;Madrid;Restaurantes;Trendy, Mediterranea;0;4;4;16357;16358;16361,16362,16363,16364,16365
15574;ia_1164;Diurno - Madrid;Madrid;Restaurantes;Española contemporánea, Cocina mediterránea / platos de temporada;0;3;3;;;
5544;divernostrum;Divernostrum;Málaga;Ocio y eventos;Cines y Teatros, Experiencias y actividades;0;4;4;48752;48751;48739,48740,48741,48742,48743,48744,48745,48746,48747,48748,48749,48750,48753
346;diverxo_nh_eurobuilding;Diverxo NH Eurobuilding;Madrid;Restaurantes;Top;1;4;4;17508;17509;17510,17511
5311;diverxo_diego;diverxo_diego;Madrid;Restaurantes;Top;0;1;3;;;47881,47882,47883,47884,47885,47886,47887,47888,47889,47890
15806;ia_1400;Divina Locura;Madrid;Restaurantes;Española, Cocina creativa, Platos españoles;0;3;3;;;
836;diwali;Diwali;Madrid;Restaurantes;Tradicionales, Restaurantes, Hindú;0;4;4;16834;16835;16836,16837,16838
17513;ia_3334;DKNY Watches;Madrid;Compras;"Joyerías y relojerías, Estilo neoyorquino; Moda accesible; Diseños urbanos";0;3;3;;;
489;do_design;Do Design;Madrid;Compras;Tiendas;1;4;4;14365;14366;14367,14368
15893;ia_1508;Do Meigo - Las Tablas;Madrid;Restaurantes;Gallega, Pulpo, Platos tradicionales;0;3;3;;;
5134;doctor_paper;Doctor Paper;Barcelona;Compras;Tiendas, Decoración;0;3;3;;;
5094;doctor_paper_barcelona_;Doctor paper Barcelona ;Barcelona;Compras;Tiendas, Accesorios;1;3;3;;;
5114;doctor_paper_barcelona;Doctor paper barcelona;Barcelona;Compras;Tiendas;1;1;3;;;
5093;doctor_pepper_barcelona_;Doctor pepper Barcelona ;Barcelona;Compras;Tiendas;0;3;3;;;45798,45799,45800,45801,45802,45803
245;documenta_madrid_;Documenta Madrid ;Madrid;Ocio y eventos;Ferias;0;4;4;14767;14768;14769
17114;ia_2934;Dogend Informática;Madrid;Compras;"Computadoras y accesorios, Venta de equipos informáticos; Servicio técnico; Accesorios y periféricos";0;3;3;;;
14596;ia_131;Dogo's Grill;Madrid;Restaurantes;Americana, Hamburguesas, Hot Dogs, Cocina Americana;0;3;3;;;
14663;ia_208;DokiDoki;Madrid;Restaurantes;Japonesa / Moderna, Sushi, Sashimi, Ramen;0;3;3;;;
16113;ia_1732;Dolce Vita;Madrid;Restaurantes;"Italiana, Pizza; Tiramisú";0;3;3;;;
14793;ia_363;Doli;Madrid;Restaurantes;India, Curries, Tandoor, Naan;0;3;3;;;
3844;dolphin_discovery_punta_cana;Dolphin Discovery Punta Cana;Punta Cana;Ocio y eventos;Experiencias y actividades;0;4;4;25431;25435;25432,25433,25434,25436,25437,25438,25439,25440
14723;ia_273;Domi;Madrid;Restaurantes;Comida Fusión, Mediterránea, Cocina de mercado, Coctelería;0;3;3;;;
3968;dominican_tree_house_village;Dominican Tree House Village;Santo Domingo;Alojamiento;Villas;0;4;4;28714;28712;28707,28708,28709,28710,28711,28713,28715,28716
14853;ia_428;Don Asador Madrid;Madrid;Restaurantes;Argentino, Carnes, Empanadas;0;3;3;;;
16434;ia_2098;Don Eusebio Gourmet;Madrid;Restaurantes;Castellano‑Manchega, Quesos & Delicatessen;0;3;3;;;
223;don_juan_en_alcala_;Don Juan en Alcalá ;Madrid;Fiesta;Fiesta de barrios;0;4;4;17265;17266;
14998;ia_582;Don Lay;Madrid;Restaurantes;Argentino, Pato Pekín;0;3;3;;;
15486;ia_1073;Don Lay;Madrid;Restaurantes;"China, Dim sum; Pato laqueado; Pescados";0;3;3;;;
15316;ia_901;Don Tortilla Goya;Madrid;Restaurantes;Española, Tacos, Tortillas, Quesadillas;0;3;3;;;
14743;ia_295;Doña Cucha;Madrid;Restaurantes;Peruana, Ceviches, Ají de gallina;0;3;3;;;
15479;ia_1066;Doña Lola Gastrotaberna;Madrid;Restaurantes;"Española contemporánea, Carnes; Tapas; Platos de cuchara";0;3;3;;;
5011;dona_luz;Doña luz;Madrid;Restaurantes;Con terraza;1;4;4;44774;44821;44776,44777,44778,44781,44782,44783,44820
3924;dona_pakita;Doña Pakita;Ronda;Restaurantes;Trendy, Español, Bares y Pubs;0;1;1;28253;28252;28251,28254,28255,28256,28257,28258,28259,28260
5234;dona_tomasa;Doña tomasa;Madrid;Compras;Tiendas, Gatronomía;0;4;4;47307;47305;47299,47302,47303,47304,47306,47308
5250;donajuliaentucasa;Doñajuliaentucasa;Madrid;Restaurantes;Especial Delivery;1;4;3;47441;47440;47442
15582;ia_1173;Donde la Lola;Madrid;Restaurantes;Fusión / Internacional, Hamburguesas / Tacos / Healthy;0;3;3;;;
14899;ia_477;Donde Ricky;Madrid;Restaurantes;Española, Menú diario, Tapas;0;3;3;;;
15961;ia_1578;Donde Siempre;Madrid;Restaurantes;"Española, Comida Casera; Carnes; Pescados";0;3;3;;;
16390;ia_2017;Donde Siempre;Madrid;Restaurantes;Española, Gourmet;0;3;3;;;
16603;ia_2325;Don’t Let Daddy Know Madrid;Madrid;Nightlife;Festival electrónico;0;3;3;;;
5231;dooc;Dooc;Madrid;Compras;Tiendas, Decoración;0;4;4;47272;47273;47269,47271,47274,47275,47276,47277,47278
14730;ia_280;Doppelgänger;Madrid;Restaurantes;Comida Fusión, Mediterránea;0;3;3;;;
208;dormirdcine_4;Dormirdcine 4*;Madrid;Alojamiento;Hoteles;0;4;4;17484;17485;17486,17487,17488,17489
5577;dos_palillos;Dos Palillos;Barcelona;Restaurantes;Trendy, Con terraza, Japonés, Fusión, Restaurantes, Bares y Pubs;0;4;4;48872;48873;48874,48875,48876,48877,48878,48879,48880,48881
5117;dos_torres_barcelona_;Dos torres Barcelona ;Barcelona;Restaurantes;Con terraza;0;4;4;46002;46003;46001,46004,46005,46006,46007,46008,46009,46010
16791;ia_2546;Doubletree by Hilton Madrid Prado;Madrid;Alojamiento;Boutique Hotel, Restaurante, gimnasio;0;3;3;;;
712;download;Download;Madrid;Fiesta;Festivales, Rock;0;4;4;14432;14433;14434,14435,14436
3858;downtown_center;Downtown Center;Santo Domingo;Compras;Centros comerciales;0;4;4;25490;25481;25482,25483,25484,25485,25486,25487,25488,25489
1307;downtown_punta_cana;DownTown Punta Cana;Punta Cana;Compras, Ocio y eventos;Centros comerciales, Zonas de compras;0;4;4;16889;16890;16891,16892
17480;ia_3301;Doxa;Madrid;Compras;"Joyería y relojería de lujo, Relojes de buceo icónicos; Innovación técnica; Tradición suiza";0;3;3;;;
19194;ia_5558;DParapente;Madrid;Experiencias Unicas;Clase/Taller (general);0;1;1;73894;73895;73896
15510;ia_1097;Dragón Kitchen Getafe;Madrid;Restaurantes;Comida Fusión, Asiática;0;3;3;;;
14846;ia_420;Dragón Kitchen La Gavia;Madrid;Restaurantes;Japonesa, Asiática, Sushi, Ramen, Wok;0;3;3;;;
15000;ia_584;Dragón Kitchen Villaverde;Madrid;Restaurantes;Mediterranea, Dim Sum;0;3;3;;;
16064;ia_1683;Dragon Wok;Madrid;Restaurantes;"China, Dim Sum; Noodles";0;3;3;;;
14870;ia_446;Dragonbites Gyoza Y Ramen Bar;Madrid;Restaurantes;Japonesa, Ramen, Gyozas;0;3;3;;;
1284;drink_point_;Drink Point ;Punta Cana;Fiesta;Bares de copas;0;4;4;16797;16798;16799,16800,16801
3340;drinksyco.;Drinks&co.;Ronda;Fiesta;Bares de copas y Discotecas;0;4;4;21740;21741;21742,21743,21744,21745,21746,21747,21748,21749
15568;ia_1158;Dry Martini Madrid;Madrid;Restaurantes;Coctelería, Cócteles / Tapas premium;1;4;4;;;
883;dstage;DSTAGE;Madrid;Restaurantes;Top, Mediterranea;1;4;4;16850;16851;16852,16853
15613;dstage_by_diego_guerrero;DSTAgE by Diego Guerrero;Madrid;Restaurantes;Creativa / Alta Cocina, Degustación / Cocina de autor;0;3;3;74298;74299;74300,74301
5980;dubai_mall_;Dubai Mall ;Dubai;;;0;4;3;50037;50038;50039,50040,50041
5984;dubai_marina_mall;Dubai Marina mall;Dubai;;;0;4;3;50047;50048;50049,50050,50051
3935;ducassi_suites_beach_club_y_spa;Ducassi Suites Beach Club & Spa;Punta Cana;Alojamiento;Low cost;0;4;4;28451;28453;28452,28454,28455,28456,28457,28458,28459,28460
1483;duki;Duki;Madrid;Ocio y eventos;Conciertos, Comercial, Otro;1;4;1;12011;;12007,12008,12009,12010
17583;ia_3410;Dulcelokura;Madrid;Compras;Alimentos y Bebidas, Packs regalo, snacks importados;0;3;3;;;
3255;dulces_dream_boutique_hostel;Dulces Dream Boutique Hostel;Málaga;Alojamiento;Low cost;0;1;3;21256;21254;21251,21252,21253,21255,21257,21258,21259,21260
16503;ia_2189;Dum Dumplings;Madrid;Restaurantes;Asiática / Fusión, Street Food / Dim Sum;0;3;3;;;
17042;ia_2862;Durbanity;Madrid;Eventos;Agencia de eventos;0;3;3;;;
17282;ia_3102;Easens Belleza by Raquel Soler/ Estética, Salud y Bienestar;Madrid;Compras;"Centros de estética, Centro de estética; Bienestar integral; Tratamientos personalizados";0;3;3;;;
19177;ia_5543;Eating Europe Madrid;Madrid;Experiencias Unicas;Excursión de día (Day trip);0;1;1;73899;73897;73898
17599;ia_3428;EB Concept Store;Madrid;Compras;Concept Stores, Asesoría deco, proyectos a medida;0;3;3;;;
17487;ia_3308;Ebel;Madrid;Compras;"Joyerías y relojerías, Relojes elegantes; Tradición relojera; Innovación suiza";0;3;3;;;
15851;ia_1445;ÉBOLI Gastro by Hotel Sercotel Princesa de Éboli;Madrid;Restaurantes;Española, Cocina tradicional, Platos gourmet;0;3;3;;;
14923;ia_505;Éccolo;Madrid;Restaurantes;Italiana, Pizzas, Pastas;0;3;3;;;
3934;eco_art_hostal_punta_cana;Eco Art Hostal Punta Cana;Punta Cana;Alojamiento;Low cost;0;4;4;28437;28448;28449,28450
16204;ia_1823;Eco Bites;Madrid;Restaurantes;"Healthy, Bowls; Smoothies";0;3;3;;;
16359;ia_1978;Eco Fresh;Madrid;Restaurantes;"Healthy, Bowls; Smoothies";0;3;3;;;
19171;ia_5537;Eco Tuk Tour;Madrid;Experiencias Unicas;Tour guiado (general);0;1;1;73902;73900;73901
15300;ecocentro;Ecocentro;Madrid;Restaurantes;Española, Platos vegetarianos, Veganos;0;4;4;;;74158,74159,74160,74161,74162
17316;ia_3137;Ecodicta | Moda;Madrid;Compras;"Ropa y accesorios, Alquiler de moda sostenible; Suscripción mensual; Prendas ecológicas";0;3;3;;;
767;ecoeko;Ecoeko;Madrid;Compras;Marcas y Productos Locales;0;4;4;17398;17399;
17208;ia_3028;Ecoeko Cosmética Consciente;Madrid;Compras;"Perfumerías y cosmética, Cosmética consciente; Productos naturales; Filosofía sostenible";0;3;3;;;
3507;ecohostal_punta_cana;EcoHostal Punta Cana;Punta Cana;Alojamiento;Low cost;0;4;4;22668;22669;22664,22665,22666,22667,22670,22671,22672,22673
17167;ia_2987;Ecomarkt;Madrid;Compras;"Productos ecológicos y naturales, Supermercado ecológico; Productos bio; Atención personalizada";0;3;3;;;
5351;ecomuseo_prehistoria_-_finca_la_algaba;Ecomuseo Prehistoria - Finca la Algaba;Ronda;Experiencias y Actividades;Naturaleza y Turismo Activo, Experiencias y Actividades;0;4;4;48563;48317;48198,48315,48316,48319,48555,48556,48557,48558,48559,48560,48561,48562,48564,48565
17200;ia_3020;Ecosol: cooperativa de consumo agroecológico;Madrid;Compras;"Productos ecológicos y naturales, Cooperativa agroecológica; Productos de proximidad; Compra responsable";0;3;3;;;
17199;ia_3019;Ecotienda Herbolario Salud Natural;Madrid;Compras;"Productos ecológicos y naturales, Tienda ecológica; Herbolario especializado; Productos naturales";0;3;3;;;
2970;eden_zen_centro_de_estetica;Edén Zen Centro de Estética;Madrid;Compras;Para ti, Estética;0;4;4;19955;19957;19956,19958,19959
18305;ia_4353;Edificio España (Hotel Riu Plaza España);Madrid;Arte y Cultura;Plaza histórica / icónica, arquitectura neo-barroca, mirador panorámico, pasarela de cristal, Edificio icónico de 1953;0;1;1;73664;73661;73662,73663
17475;ia_3296;Edox;Madrid;Compras;"Joyería y relojería de lujo, Relojes deportivos; Tradición suiza; Diseño moderno";0;3;3;;;
5207;edp_rock_n´_roll_;EDP Rock n´ Roll ;Madrid;Ocio y eventos;Experiencias y actividades, Deporte;0;3;3;46865;46866;46854,46857,46859,46867,46868
17687;eito_—_eito._coworking_cafe;eito — eito. coworking café;Madrid;Compras;Coworking y oficinas compartidas, Coworking, cafetería, eventos creativos;0;4;4;74541;74542;74543,74544,74546
1399;"el_""invernadero""_de_salvador_bachiller";"El ""Invernadero"" de Salvador Bachiller";Madrid;Restaurantes;Trendy, Restaurantes, Restaurant & Club;0;4;4;17904;17905;17906,17908,17909
14828;ia_402;El Albéniz;Madrid;Restaurantes;Española, Tapas, Platos españoles;0;3;3;;;
17677;ia_3506;El Almacén de la Nieve SL;Madrid;Compras;Deporte y Fitness, Venta de material deportivo, asesoramiento técnico;0;3;3;;;
14594;ia_129;El Almirez;Madrid;Restaurantes;Española, Cocina Castellana, Tapas, Platos Caseros;0;3;3;;;
5341;el_almirez_aranjuez;El Almirez Aranjuez;Aranjuez;Restaurantes;Con terraza;0;3;3;;;48131,48132,48133,48134,48135,48136,48137,48138,48139,48140
15301;ia_886;El Amor Hermoso;Madrid;Restaurantes;Española, Tapas modernas, Platos de autor;0;3;3;;;
15696;ia_1290;El Anciano Rey de los Vinos;Madrid;Restaurantes;Española, Tapas, Cocina tradicional;0;3;3;;;
15411;ia_996;EL ANTOJO;Madrid;Restaurantes;Sudamericana, Tacos, Hamburguesas, Cócteles;0;3;3;;;
15224;ia_809;EL ANTOJU Boadilla;Madrid;Restaurantes;Española, Fabada, Cachopo, Sidra;0;3;3;;;
15830;ia_1424;El Arco;Madrid;Restaurantes;Española, Cocina tradicional, Tapas;0;3;3;;;
16097;ia_1716;El Asador de Aranda;Madrid;Restaurantes;"Castellana, Cordero Asado; Morcilla";0;3;3;;;
17085;ia_2906;El Atelier Decor;Madrid;Compras;"Artículos de decoración, Interiorismo personalizado; Objetos exclusivos; Proyectos de decoración";0;3;3;;;
14937;ia_519;El Bacaro de Fabio - La Latina;Madrid;Restaurantes;Italiana, Pasta / Pizzería;0;3;3;;;
3829;el_barin_aranjuez;El Barín Aranjuez;Aranjuez;Restaurantes;Low cost;0;4;4;25090;25075;25076,25078,25079,25080,25081,25082,25083,25084
15835;ia_1429;El Barril de Alcántara;Madrid;Restaurantes;Mediterranea, Tapas, Cocina mediterránea;0;3;3;;;
15695;ia_1289;El Barril de Argüelles;Madrid;Restaurantes;Española, Tapas, Cocina tradicional;0;3;3;;;
15330;ia_915;El Barril de La Moraleja;Madrid;Restaurantes;Española, Mariscos, Platos españoles;0;3;3;;;
14633;ia_176;El Barril de las Cortes;Madrid;Restaurantes;Española / Gallega, Mariscos, Pescado fresco, Tapas clásicas;0;3;3;;;
14854;ia_429;El Barril de Orense;Madrid;Restaurantes;Mediterránea, Española, Mariscos, Arroces, Pescados;0;3;3;;;
15199;ia_784;El Barril de Recoletos;Madrid;Restaurantes;Española, Mariscos;0;3;3;;;
15381;ia_966;El Bombe;Madrid;Restaurantes;Española, Tapas, Cócteles, Platos internacionales;0;3;3;;;
1639;el_born;El Born;Barcelona;Fiesta, Qué ver;Zonas de fiesta, Cool Places, Barrios;0;4;4;18549;18551;18548
3208;el_bosque_del_cobre_;El Bosque del cobre ;Ronda;Qué ver;Naturaleza y parques;1;1;4;21078;21073;21074,21075,21076,21077
16491;ia_2175;El Buda Feliz 1974;Madrid;Restaurantes;Restaurante tradicional, Asiática / China / Sichuanesa;0;3;3;;;
16546;ia_2253;El Buda Feliz 1974;Madrid;Restaurantes;Restaurante asiático, China / Asiática contemporánea;0;3;3;;;
16494;ia_2178;El Buda Feliz 1974 (Gran Vía);Madrid;Restaurantes;Restaurante contemporáneo, Asiática / China / Sichuanesa;0;3;3;;;
1308;el_burrito;El Burrito;Punta Cana;Restaurantes;Tradicionales, Mexicano, Restaurantes;0;4;4;17030;17031;17032,17033,17034,17035,17036
14995;ia_579;El Cacique;Madrid;Restaurantes;Argentino, Parrillada/BBQ;0;3;3;;;
15372;ia_957;El Café de la Ópera;Madrid;Restaurantes;Española, Platos españoles clásicos;0;3;3;;;
15016;ia_600;El Callejón de Álvarez Gato;Madrid;Restaurantes;Mexicana;0;3;3;;;
16413;ia_2055;El Campechano Sandwiches;Madrid;Restaurantes;Latina, Sandwiches;0;3;3;;;
5090;el_canto_del_vi;El canto del vi;Barcelona;Compras;Marcas y Productos Locales;0;4;4;45768;;45769,45770,45771,45772,45773,45774,45775,45776,45777
14832;ia_406;El Caral;Madrid;Restaurantes;Peruana, Ceviches, Tiraditos;0;3;3;;;
967;el_cascanueces_;El cascanueces ;Madrid;Ocio y eventos;Espectáculos;1;4;4;17537;17538;
3973;el_casino;El casino;Ronda;Ocio y eventos;Exposiciones y Galerías de Arte;1;4;4;28807;28800;28804,28809
5794;el_castizo;El Castizo;Madrid;Restaurantes;Tradicionales, Español, Restaurantes;0;3;3;49559;;
3512;el_catador;El Catador;Santo Domingo;Compras;Tiendas;0;4;4;22709;22708;22710,22711,22712,22713,22714,22715,22716,22717
14997;ia_581;El Chalet Suizo;Madrid;Restaurantes;Peruana, Fondue;0;3;3;;;
18511;ia_5704;EL CHAMITO BARBERSHOP;Madrid;Wellness;Barbería;0;1;1;;;
16388;ia_2015;El Chapandaz;Madrid;Restaurantes;Española, Coctelería;0;3;3;;;
16551;ia_2261;El Chaparrito (Calle Mayor 68);Madrid;Restaurantes;Mexicana, Taquería / Casual Dining;0;3;3;;;
3554;el_chiringuito_de_la_mar_bella;El chiringuito de la mar bella;Barcelona;Restaurantes;Low cost, Restaurantes;0;4;4;22917;22926;22921,22922
17605;ia_3434;El chollo muebles DELUXE;Madrid;Compras;Muebles y decoración, Entrega, montaje, financiación (a consultar);0;3;3;;;
16404;ia_2041;El Cisne Azul;Madrid;Restaurantes;Española, Gourmet;0;3;3;;;
18463;ia_5655;El Cisne Negro Tattoo;Madrid;Wellness;Estudio de tatuajes;0;1;1;;;
14727;ia_277;El Club Allard;Madrid;Restaurantes;Española contemporánea;0;3;3;;;
1560;el_club_de_la_comedia;El club de la comedia;Madrid;Qué ver, Ocio y eventos;Espectáculos, Monólogo, Ocio;0;4;4;;;
344;el_cocinillas;El Cocinillas;Madrid;Restaurantes;Trendy, Mediterranea, Fusión, Restaurantes;0;4;4;17165;17166;17167,17169,17170,17171,17172,17173
15618;ia_1210;El Coleccionista;Madrid;Restaurantes;Internacional / Creativa, Fusión / Baos / Currys;0;3;3;;;
16448;ia_2116;El Colmado de Goya;Madrid;Restaurantes;Mediterránea / Tapas, Bar de tapas • Colmado gourmet;0;3;3;;;
15449;ia_1034;El Consentido;Madrid;Restaurantes;Tapas, Guisos, Platos caseros, Española, Tradicional;0;3;3;;;
4050;el_corral_de_la_abuela;El Corral de la Abuela;Aranjuez;Restaurantes;Top, Español, Restaurantes;0;4;4;31585;31580;31581,31582,31583,31584,31586,31587,31588,31589
3141;el_cortijo_de_pepe_malaga;El Cortijo De Pepe Málaga;Málaga;Restaurantes;Low cost;0;1;3;20682;20676;20673,20674,20675,20677,20678,20679,20680,20681
15641;ia_1235;El Cruce;Madrid;Restaurantes;Mediterránea / Tradicional, Tapas / Pescados / Guisos;0;3;3;;;
15191;ia_776;El D3S3O. Madrid;Madrid;Restaurantes;Española, Tacos | Nachos | Burritos;0;3;3;;;
15303;ia_888;El Ducado;Madrid;Restaurantes;Española, Cocido, Arroces, Carnes;0;3;3;;;
1776;el_eixample_;El Eixample ;Barcelona;Qué ver;Barrios;0;4;4;18941;;18940,18942,18943
15584;ia_1175;El Embarcadero - Móstoles;Madrid;Restaurantes;Internacional, Cocina familiar / Parrilla / Hamburguesas;0;3;3;;;
14656;ia_201;El Encanto Trujillano;Madrid;Restaurantes;Extremeña / Española, Migas extremeñas, Embutidos ibéricos, Platos típicos;0;3;3;;;
15775;ia_1369;El Enredo;Madrid;Restaurantes;Española, Tapas, Cocina tradicional;0;3;3;;;
14509;ia_61;El Escaldón;Madrid;Restaurantes;Canaria, Cocina Canaria, Platos Típicos;0;3;3;;;
4353;el_escondite_de_villanueva;El Escondite de Villanueva;Madrid;Restaurantes;Trendy, Restaurantes;0;4;4;38248;38278;38242,38243,38244,38245,38246,38247,38249,38250,38251
15688;ia_1282;El Espigón (Madrid);Madrid;Restaurantes;Mediterranea, Mariscos, Pescados;0;3;3;;;
217;el_fabuloso_bar;El Fabuloso Bar;Madrid;Fiesta;Bares de copas;0;4;4;15660;15661;15662
1907;el_farolito;El Farolito;Málaga;Restaurantes;Low cost, Argentino, Restaurantes;0;4;4;23081;23084;23076,23077,23078,23079,23080,23082,23083,23085
374;el_ferry;EL Ferry ;Madrid;Restaurantes;Trendy, Mediterranea, Café y té;1;4;4;4649;4652;4646
14900;ia_478;El Figon;Madrid;Restaurantes;Castellana, Española, Carnes, Asados;0;3;3;;;
363;el_filandon;El Filandón;Madrid;Restaurantes;Top, Trendy, Comida Regional, Restaurantes;0;4;4;15694;15695;15696,15697
15834;ia_1428;El Flaco;Madrid;Restaurantes;Internacional, Platos internacionales, Tapas;0;3;3;;;
16205;ia_1824;El Fogón Andaluz;Madrid;Restaurantes;"Andaluza, Salmorejo; Flamenquín";0;3;3;;;
14534;ia_118;El Fogón del Águila;Madrid;Restaurantes;Española, Carnes a la brasa, Arroces, Cocina Castellana;0;3;3;;;
16085;ia_1704;El Fogón Gallego;Madrid;Restaurantes;"Gallega, Pulpo a la Gallega; Empanada";0;3;3;;;
16115;ia_1734;El Fogón Manchego;Madrid;Restaurantes;"Manchega, Pisto; Migas";0;3;3;;;
1206;el_funeral;El funeral;Madrid;Ocio y eventos;Espectáculos;0;4;3;14711;14712;14713
15803;ia_1397;El Gallo;Madrid;Restaurantes;Española, Cocina tradicional, Carnes;0;3;3;;;
17354;ia_3175;El Ganso;Madrid;Compras;"Ropa y accesorios, Moda urbana; Estilo preppy; Colecciones actuales";0;3;3;;;
15729;ia_1323;El Gioviale Madrid;Madrid;Restaurantes;Italiana, Pizza, Pasta;0;3;3;;;
16971;ia_2790;El Golfo Comedy Club;Madrid;Eventos;Stand-up / monólogo;0;3;3;;;
3404;el_golimbreo;El Golimbreo;Ronda;Restaurantes, Ocio y eventos;Tapas, Eventos;0;4;4;21948;21940;21941,21942,21945,21946,21947
14704;ia_252;El Gordo de Velázquez;Madrid;Restaurantes;Española, Carnes, Tapas;0;3;3;;;
15331;ia_916;El Gran Asador Lecanda - Lagasca;Madrid;Restaurantes;Española, Carnes a la brasa, Platos mediterráneos;0;3;3;;;
15786;ia_1380;El Gran Barril;Madrid;Restaurantes;Española, Carnes, Tapas;0;3;3;;;
1595;el_gran_teatro_del_liceu;El Gran Teatro del Liceu;Barcelona;Qué ver;Plazas y monumentos;0;4;4;28346;18401;18400,18402
17147;ia_2967;El Granel & Moliendo Café;Madrid;Compras;"Tiendas a granel y especias, Tienda a granel; Café de especialidad; Productos ecológicos";0;3;3;;;
4858;el_granel_de_corredera_;El granel de corredera ;Madrid;Compras;Tiendas, Mercados, Marcas y Productos Locales, Para ti, Gatronomía;0;4;4;44305;;44303,44304,44306,44307,44308,44309,44310,44311,44312
4977;el_granel_de_corredera;El Granel de Corredera;Madrid;Compras;Tiendas;1;4;3;;;
17201;ia_3021;El Granel de la Dehesa;Madrid;Compras;"Tiendas a granel y especias, Tienda a granel; Productos ecológicos; Compra sostenible";0;3;3;;;
15684;ia_1278;El Gurú;Madrid;Restaurantes;Mediterranea, Cocina mediterránea, Tapas;0;3;3;;;
4046;el_hachazo;El Hachazo;Madrid;Ocio y eventos;Experiencias y actividades, Indoor, Deporte;0;4;4;31415;31420;31412,31413,31414,31416,31417,31418,31419,31421
14591;ia_126;El Hall del Wellington;Madrid;Restaurantes;Mediterránea, Española, Cocina Mediterránea, Tapas Gourmet;0;3;3;;;
5604;el_higueron;El Higueron;Málaga;Restaurantes;Tradicionales, Español, Restaurantes;1;3;3;;;49030,49031,49032,49033,49034,49035,49036,49037,49038,49039
3456;el_huertecillo_;El Huertecillo ;Ronda;Alojamiento;Camping y Casa rural;0;4;4;22405;22410;22406,22407,22408,22409,22411,22412,22413,22414
14943;ia_525;El Imparcial;Madrid;Restaurantes;Mediterránea, Española, Cocina mediterránea, Brunch;0;3;3;;;
494;el_imparcial_concept_store_y_restaurant;El Imparcial Concept Store & Restaurant;Madrid;Restaurantes, Compras;Trendy, Tiendas, Español, Mediterranea, Vinoteca, Fusión, Restaurant & Shop, Decoración, Música, Accesorios, Libros, Coleccionista, Accesorios;0;4;4;14897;18284;14894,14895,14899,18282,18283
15466;ia_1052;El Inca;Madrid;Restaurantes;"Peruana, Ceviches; Lomo saltado; Anticuchos";0;3;3;;;
15287;ia_872;El Invernadero de los Peñotes;Madrid;Restaurantes;Española, Platos mediterráneos, Cocina creativa;0;3;3;;;
15365;el_invernadero_de_rodrigo_de_la_calle;El Invernadero de Rodrigo de la Calle;Madrid;Restaurantes;Mediterranea, Menú degustación, Vegetales;0;4;4;;;74152,74153,74154,74155,74156,74157
15477;ia_1064;El Jamón y el Churrasco;Madrid;Restaurantes;"Gallega, Carnes; Mariscos; Cocido";0;3;3;;;
14964;ia_548;El Japo Carranza;Madrid;Restaurantes;Japonesa;0;3;3;;;
17133;ia_2953;El Jardín de Aralia;Madrid;Compras;"Floristerías y plantas, Floristería especializada; Ramos personalizados; Plantas únicas";0;3;3;;;
15422;ia_1007;El Jardín de Arturo Soria;Madrid;Restaurantes;Española, Platos mediterráneos, Cocina local;0;3;3;;;
4440;el_jardin_de_diana;El jardín de Diana;Madrid;Restaurantes, Ocio y eventos;Top, Trendy, Español, Restaurantes;0;4;4;40150;40154;40145,40146,40147,40148,40149,40151,40152,40153,40160
15348;ia_933;El Jardin de Fortuny;Madrid;Restaurantes;Española, Platos mediterráneos, Tapas modernas;0;3;3;;;
17119;ia_2939;El Jardín de la Abuela;Madrid;Compras;"Floristerías y plantas, Floristería artesanal; Ramos personalizados; Decoración floral";0;3;3;;;
14981;el_jardin_de_orfila;El Jardín de Orfila;Madrid;Restaurantes;Española, Gourmet;0;4;4;74122;74125;74123,74124,74126,74127
379;el_jardin_de_salvador_bachiller;El Jardín de Salvador bachiller;Madrid;Restaurantes;Trendy, Mediterranea, Restaurant & Shop;0;4;4;18056;18057;18058
457;el_jardin_de_serrano;El Jardín de Serrano;Madrid;Compras;Centros comerciales;0;4;4;17161;17162;17163
14913;ia_493;El Jardín del Mar;Madrid;Restaurantes;Mediterránea, Española, Pescados, Mariscos;0;3;3;;;
15848;ia_1442;El Jardín del Ritz;Madrid;Restaurantes;Internacional, Alta cocina, Platos creativos;0;3;3;;;
16076;ia_1695;El Jardín Secreto;Madrid;Restaurantes;"Fusión, Tostas; Ensaladas";0;3;3;74675;74676;74674,74677,74678
380;el_jardin_secreto;El Jardín Secreto;Madrid;Restaurantes;Trendy, Mediterranea, Café y té;1;4;4;18095;18096;18097,18099,18100,18101
1641;el_jardin_secreto_del_hotel_alma;El Jardín Secreto del Hotel Alma;Barcelona;Qué ver;Cool Places;0;4;4;18564;18565;18566,18567
15356;ia_941;El Jasmin Arabe;Madrid;Restaurantes;Libanesa, Kebabs, Couscous, Platos árabes;0;3;3;;;
998;el_jovencito_frankenstein;El jovencito Frankenstein;Madrid;Ocio y eventos;Espectáculos;1;4;4;15983;15984;
1285;el_kan_-_drinks_house_;El Kan - Drinks House ;Punta Cana;Fiesta;Bares de copas;1;3;3;17934;17935;17936,17937,17938,17939,17940,17941,17942
3334;el_kan_drink_house;El Kan Drink House;Punta Cana;Fiesta;Bares de copas;0;4;4;21681;21680;21682,21683,21684,21685,21687,21688
15416;ia_1001;El Kiosko | Majadahonda;Madrid;Restaurantes;Española, Tapas, Platos caseros, Carnes;0;3;3;;;
15267;ia_852;EL KIOSKO – Moraleja Green;Madrid;Restaurantes;Española, Tapas, Carnes, Pescados;0;3;3;;;
881;el_lando;El Landó;Madrid;Restaurantes;Tradicionales, Español, Restaurantes;0;4;4;13888;13887;13889
3369;el_lechuguita;El Lechuguita;Ronda;Restaurantes;Low cost, Tapas, Español, Restaurantes;0;4;4;21824;21825;21823,21829,21831,28475,28476
14628;ia_170;EL LINCE;Madrid;Restaurantes;Española / Moderna, Tapas, Cocina Española Moderna;0;3;3;;;
4287;el_lodge;El Lodge;Ronda;Alojamiento;Villas, Terraza, Wifi, Estética, Restaurante, Concierge, Traslados;0;4;4;37074;37073;39335
17725;ia_3569;El Madrid de los Austrias: Visita guiada a pie;Madrid;Arte y Cultura;Barrio / zona histórica, Plaza Mayor, Plaza de la Villa, Casa de la Villa, Casa de Cisneros, Calle Mayor, Mercado de San Miguel, Descalzas Reales, Arco de Cuchilleros;0;3;3;;;
14956;ia_540;El Manaba - Madrid;Madrid;Restaurantes;Peruana, Internacional;0;3;3;;;
1244;el_medico;El Médico;Madrid;Ocio y eventos;Espectáculos;1;4;3;14771;14772;14773
4338;el_mercadillo;El Mercadillo;Ronda;Qué ver;Barrios, Arquitectura: plazas y monumentos;0;4;4;38636;38639;38555,38633,38634,38635,38637,38638,38640,38641
1882;el_merendero_de_antonio_martin;El Merendero de Antonio Martín;Málaga;Restaurantes;Trendy, Español, Restaurantes;0;4;4;19649;19648;19643,19644,19645,19646,19647
1912;el_merlo_la_revuelo;El Merlo la Revuelo;Málaga;Restaurantes;Chiringuitos, Español, Restaurantes;0;4;3;;;
16671;ia_2393;El MiniBar;Madrid;Nightlife;Bar de tapas, Pop, Indie;0;3;3;;;
5243;el_moderno_concept_store_borrado;El moderno concept store;Madrid;Compras;;1;4;4;;;47369,47370,47371,47372,47373,47374,47375,47376,47377,47378
17607;el_moderno_concept_store;El Moderno Concept Store;Madrid;Compras;Tiendas, Concept Stores, Regalos personalizados, envoltorio creativo;0;4;4;74206;74208;74207,74209
17145;ia_2965;El Molinillo;Madrid;Compras;"Tiendas a granel y especias, Colmado tradicional; Productos locales; Servicio personalizado";0;3;3;;;
14585;ia_120;El Momento;Madrid;Restaurantes;Mediterranea, Tapas, Platos Mediterráneos;0;3;3;;;
15271;ia_856;El Mono de la Pila - Antón Martín;Madrid;Restaurantes;Española, Hamburguesas, Sándwiches;0;3;3;;;
222;el_motin_de_aranjuez;El Motín de Aranjuez;Madrid;Fiesta;Fiesta de barrios;0;4;4;15892;15893;15894
5629;el_mundo_de_banksy;El Mundo de Banksy;Barcelona;Ocio y eventos;Experiencias y actividades, Indoor, Cultura;0;4;4;49224;49225;49226,49227
14487;ia_6;El Ninot;Madrid;Restaurantes;Española, Tapas, Tradicional Española;0;3;3;;;
15088;ia_672;El Olvido;Madrid;Restaurantes;Internacional, Paellas & Arroces;0;3;3;;;
5075;el_oro_verde_grow_shop_;El oro verde Grow Shop ;Barcelona;Compras;Tiendas, Marcas y Productos Locales;0;4;4;45619;45615;45614,45616,45617,45618,45620,45621,45622,45623
18358;ia_4405;El Oso y el Madroño;Madrid;Arte y Cultura;Puerta del Sol (plaza icónica), escultura urbana, escultura de Navarro Santafé;0;1;1;73658;73657;73659
17726;ia_3570;El Palacio Real de Madrid sin colas, con degustación de tapas y el parque del Retiro.;Madrid;Arte y Cultura;Monumento emblemático, Palacio Real de Madrid, Escalera de Sabatini, Salón del Trono, Salón Gasparini, Real Armería, Capilla Real, Stradivarius Palatinos, Jardines de Sabatini, San Ginés;0;3;3;;;
3782;el_palo_y_el_pedregalejo;El Palo y El Pedregalejo;Málaga;Fiesta;Zonas de fiesta;0;1;3;24703;24712;24701,24704,24705
792;el_pantano_de_san_juan;El Pantano de San Juan;Madrid;Ocio y eventos;Experiencias y actividades;0;4;4;16661;16662;
349;el_paraguas;El Paraguas;Madrid;Restaurantes;Top, Trendy, Español, Restaurantes, Restaurant & Club;0;4;4;16401;16402;16403,16404,16406,16407,16408
14691;ia_236;El Paraíso del Desierto;Madrid;Restaurantes;Árabe / Mediterránea, Couscous, Tajín, Hummus;0;3;3;;;
14502;ia_43;El Parque;Madrid;Restaurantes;Española / Madrileña, Tapas, Platos Madrileños;0;3;3;;;
16065;ia_1684;El Patio Andaluz;Madrid;Restaurantes;"Andaluza, Salmorejo; Pescaíto Frito";0;3;3;;;
16070;ia_1689;El Patio Andaluz;Madrid;Restaurantes;"Andaluza, Salmorejo; Pescaíto Frito";0;3;3;;;
16140;ia_1759;El Patio Andaluz;Madrid;Restaurantes;"Andaluza, Gazpacho; Pescaíto frito";0;3;3;;;
16593;ia_2314;El Patio de Chus;Madrid;Restaurantes;Española / Fusión, Taberna contemporánea;0;3;3;;;
5327;el_patio_del_mercado;El Patio Del Mercado;Aranjuez;Restaurantes;Con terraza;0;3;3;;;48033,48034,48035,48036,48037,48038,48039,48040,48041,48042
14917;ia_499;El Pato Mudo;Madrid;Restaurantes;Tapas, Platos Madrileños, Madrileña;0;3;3;;;
15172;ia_756;El Patron Del Pollo;Madrid;Restaurantes;Española, Pollo a la brasa | Parrillada/BBQ;0;3;3;;;
1828;el_pedregalejo;El Pedregalejo;Málaga;Qué ver;Barrios;0;4;4;19341;19339;19340
3915;el_pensamiento;El Pensamiento;Ronda;Experiencias y Actividades;Cool Places, Comercios, productos locales y artesanía;0;4;4;28168;28167;28166,28169,28241,28242
18281;ia_4439;El Perro de Pavlov;Madrid;Arte y Cultura;Librería / Bookstore, Fanzines, literatura feminista, narrativa indie;0;3;3;;;
4862;el_perro_y_la_galleta_;El perro y la galleta ;Madrid;Restaurantes;Dog Friendly;1;4;4;44313;44314;44315,44316,44317,44318,44319,44320,44321,44322
4978;el_perro_y_la_galleta;El Perro y la Galleta;Madrid;Restaurantes;Dog Friendly;1;3;3;44354;44353;44352,44355,44356,44357,44358,44359,44361
15166;ia_750;El Perro y la Galleta - Castelló 12;Madrid;Restaurantes;Española, Croquetas | Tartar | Brunch (tortitas) | Tarta de galleta;0;3;3;74602;74604;74600,74601,74603
15052;ia_636;El Perro y la Galleta - Chamberí - Calle Carranza 10;Madrid;Restaurantes;Italiana, Pizzas;0;3;3;;;
14754;ia_309;El Perro y la Galleta - Juan Bravo;Madrid;Restaurantes;Mediterránea, Española, Platos clásicos, Postres;0;3;3;;;
14647;ia_191;El Perro y la Galleta - Malasaña - Corredera;Madrid;Restaurantes;Internacional / Mediterránea, Cocina mediterránea, Platos internacionales, Brunch;0;3;3;;;
1603;el_pez_dorado;El Pez Dorado;Barcelona;Qué ver;;1;1;3;;;
1637;el_pez_dorado.;El Pez Dorado.;Barcelona;Qué ver;Arquitectura;0;4;4;18536;29513;29511,29512
15033;ia_617;El Pimiento Verde Zorrilla;Madrid;Restaurantes;Portuguesa, Parrillada/BBQ;0;3;3;;;
1903;el_pimpi;El Pimpi;Málaga;Restaurantes;Low cost, Español, Restaurantes;0;4;4;19765;19764;19762,19763
15472;ia_1058;El Pinchito;Madrid;Restaurantes;"Española, Tapas; Raciones; Huevos rotos";0;3;3;;;
15201;ia_786;El Pitaco;Madrid;Restaurantes;Mexicana;0;3;3;;;
3833;el_pollo_borracho;El Pollo Borracho;Punta Cana;Restaurantes;Low cost;0;4;4;25313;25309;25310,25311,25312,25316,25317,25318
3402;el_porton;El Porton;Ronda;Restaurantes;Tapas, Español, Restaurantes;0;4;4;41877;26095;26094,41876
15710;ia_1304;El Privado;Madrid;Restaurantes;Española, Carnes, Parrilla;0;3;3;;;
3834;el_provocon_4to;El Provocón 4to;Santo Domingo;Restaurantes;Low cost, Restaurantes;0;4;4;25355;25360;25351,25352,25353,25354,25356,25359
3331;el_pub_punta_cana;El Pub Punta Cana;Punta Cana;Fiesta, Restaurantes;Bares de copas;0;4;4;21654;21658;21651,21652,21653,21655,21656,21657,21659,21660
16574;ia_2294;El Puertito;Madrid;Restaurantes;Atlántica / Marisquería, Bar de Ostras;0;3;3;;;
5795;el_qüenco_de_pepa;El Qüenco de Pepa;Madrid;Restaurantes;Top, Mediterranea, Restaurantes;0;3;3;49560;;
15489;ia_1076;El Quinto;Madrid;Restaurantes;"Mediterranea, Tapas; Arroces; Mariscos";0;3;3;;;
16526;ia_2217;El Rancho de Santa África;Madrid;Restaurantes;Latinoamericana / Española, Parrilla / Grill;0;3;3;;;
15774;ia_1368;El Rancho de Santa África Bernabéu;Madrid;Restaurantes;Española, Carnes, Parrilla;0;3;3;;;
250;el_rastro;El Rastro;Madrid;Ocio y eventos;Mercados;0;4;4;15423;15424;
1640;el_raval;El Raval;Barcelona;Qué ver;Barrios;0;4;4;18554;18552;18553,18555
386;el_rayen;El Rayén;Madrid;Restaurantes;Tradicionales, Vegetariano, Restaurantes;0;4;4;16599;16600;16601,16602,16603,16605,16606,16607,16608,16609
1042;el_reloj_de_sol_de_sombrerete;El reloj de sol de Sombrerete;Madrid;Qué ver;Cool Places;0;4;4;14750;14751;14752
1051;el_rey_leon;El Rey León;Madrid;Ocio y eventos;Espectáculos, Otro, Cultura, Otro;0;4;4;15046;15047;15048,15049
16109;ia_1728;El Rincón Andaluz;Madrid;Restaurantes;"Andaluza, Pescaíto frito; Salmorejo";0;3;3;;;
16068;ia_1687;El Rincón Asturiano;Madrid;Restaurantes;"Asturiana, Fabada; Cachopo";0;3;3;;;
16073;ia_1692;El Rincón Asturiano;Madrid;Restaurantes;"Asturiana, Fabada; Cachopo";0;3;3;;;
15694;ia_1288;El Rincón de Aroa;Madrid;Restaurantes;Española, Tapas, Cocina mediterránea;0;3;3;;;
15749;ia_1343;El Rincón de Cruz Blanca;Madrid;Restaurantes;Española, Carnes, Cocina tradicional;0;3;3;;;
368;el_rincon_de_goya;El Rincón de Goya;Madrid;Restaurantes;Tradicionales, Español, Restaurantes, Restaurant & Club;0;4;4;14825;14826;14827,14828,14830
16584;ia_2305;El Rincón de Jaén;Madrid;Restaurantes;Andaluza / Española, Marisquería / Taberna;0;3;3;;;
15115;ia_699;El Rincon de Katrina;Madrid;Restaurantes;Internacional, Tacos;0;3;3;;;
16090;ia_1709;El Rincón de Segovia;Madrid;Restaurantes;"Castellana, Cochinillo; Judiones";0;3;3;;;
14940;ia_522;El RINCON DE VESPOK JB;Madrid;Restaurantes;Española, Cocina Tradicional;0;3;3;;;
14616;ia_155;El Rincón del Chato;Madrid;Restaurantes;Española, Tapas, Embutidos, Cocina Castellana;0;3;3;;;
17136;ia_2956;El Rincón del Retro - Compramos tus Videojuegos y Consolas;Madrid;Compras;"Videojuegos y consolas, Compra-venta de consolas retro; Videojuegos clásicos; Servicio técnico";0;3;3;;;
562;el_rincon_del_sibarita;El Rincón del Sibarita;Madrid;Compras;Tiendas, Marcas y Productos Locales;0;4;4;15514;15515;15516
16499;ia_2185;El Rincón del Venezolano;Madrid;Restaurantes;Restaurante tradicional, Venezolana / Latinoamericana;0;3;3;;;
15629;ia_1223;El Rincón Del Venezolano;Madrid;Restaurantes;Venezolana / Tradicional, Arepas / Cachapas / Pabellón criollo;0;3;3;;;
16059;ia_1678;El Rincón Gallego;Madrid;Restaurantes;"Gallega, Pulpo; Empanada Gallega";0;3;3;;;
14519;ia_82;El Rinconcito;Madrid;Restaurantes;Española / Madrileña, Cocina Casera, Tapas;0;3;3;;;
5330;el_rinconcito_aranjuez;El Rinconcito Aranjuez;Aranjuez;Fiesta;Bares de copas;0;3;3;;;48061,48062,48063,48064,48065,48066,48067,48068,48069,48070
15995;ia_1612;El Rosario;Madrid;Restaurantes;"Española, Arroces; Carnes; Pescados";0;3;3;;;
14924;ia_506;El Rosario;Madrid;Restaurantes;Española, Tapas, Menú diario;0;3;3;;;
507;el_row;El Row;Madrid;Fiesta;Discotecas, Electrónica;0;4;4;17431;17432;17433,17434
15239;ia_824;EL S3CR3TO Madrid;Madrid;Restaurantes;Española, Cocina creativa, Alta cocina;0;3;3;;;
16255;ia_1874;El Sabor Gallego;Madrid;Restaurantes;"Gallega, Pulpo; Empanada";0;3;3;;;
15284;ia_869;El Secreto de Cea;Madrid;Restaurantes;Española, Platos mediterráneos, Cocina creativa;0;3;3;;;
16449;ia_2117;El Secreto de López;Madrid;Restaurantes;Española / Brasa, Taberna contemporánea;0;3;3;;;
15276;ia_861;El Senador;Madrid;Restaurantes;Española, Asados, Platos clásicos;0;3;3;;;
15390;ia_975;El Señor Martín;Madrid;Restaurantes;Española, Mariscos, Pescados;0;3;3;;;
17727;ia_3571;El Siglo de Oro de Madrid: Historia junto al río Manzanares;Madrid;Arte y Cultura;Excursión / day trip, Río Manzanares, Puente de Segovia, Puente de Toledo, Casa de Campo, Ermita de San Antonio de la Florida (Goya), Madrid Río, Virgen del Puerto;0;3;3;;;
16555;ia_2265;El Sitio (Madrid);Madrid;Restaurantes;Española / Castellana, Asador tradicional;0;3;3;;;
16644;ia_2366;EL SITIO DISCO CLUB;Madrid;Nightlife;Club latino;0;3;3;;;
15193;ia_778;El Social - Hernán Cortés;Madrid;Restaurantes;Española, Brunch | Tostas | Ensaladas & Bowls;0;3;3;74578;74581;74579,74580,74582
143;el_sol;El Sol;Madrid;Fiesta;Salas de concierto, Rock, Otro;0;4;4;17014;17015;
15610;ia_1201;El Sueño de Carmen;Madrid;Restaurantes;Española / Tradicional, Guisos / Casera / Menú del día;0;3;3;;;
3967;el_sueno_villa;El Sueño Villa;Santo Domingo;Alojamiento;Villas;0;4;4;28704;28697;28698,28699,28700,28701,28702,28703,28706
14662;ia_207;El Taconazo Mexicano;Madrid;Restaurantes;Mexicana / Tradicional, Tacos, Margaritas, Quesadillas;0;3;3;;;
3144;el_tapeo_de_cervantes_malaga;El Tapeo De Cervantes Málaga;Málaga;Restaurantes;Low cost;0;1;3;20707;20703;20704,20705,20706,20708,20709,20710,20711,20712
15357;ia_942;El Telégrafo;Madrid;Restaurantes;Española, Mariscos, Platos españoles;0;3;3;;;
14750;ia_304;El Telón - Hotel Indigo;Madrid;Restaurantes;Mediterranea, Mediterránea, Española;0;3;3;;;
15001;ia_585;El Tendido;Madrid;Restaurantes;India;0;3;3;;;
14674;ia_219;El Tesoro;Madrid;Restaurantes;Española / Madrileña, Tapas, Raciones, Platos tradicionales;0;3;3;;;
5974;el_tigre_;El Tigre ;Madrid;Restaurantes;Top, Tradicionales, Low cost, Español, Bares y Pubs;0;3;3;;;
1058;el_tigre_sidra_bar;El Tigre Sidra Bar;Madrid;Restaurantes;Low cost, Español, Restaurantes;1;4;4;17391;17392;17393,17394,17395
15663;ia_1257;El Timón Del Terraza;Madrid;Restaurantes;Mediterranea, Mariscos, Pescados;0;3;3;;;
15482;ia_1069;El Tinglao;Madrid;Restaurantes;"Española contemporánea, Tapas; Arroces; Croquetas";0;3;3;;;
15703;ia_1297;El Tinterillo De Málaga;Madrid;Restaurantes;Andaluza, Mariscos, Tapas;0;3;3;;;
1904;el_tintero;El Tintero;Málaga;Restaurantes;Tradicionales, Español, Restaurantes;0;4;4;25123;25125;25122,25124
5313;el_tomate_aranjuez;El Tomate Aranjuez;Aranjuez;Restaurantes;Top, Español, Mediterranea, Restaurantes;0;3;3;;;47901,47902,47903,47904,47905,47906,47907,47908,47909,47910
14914;ia_495;El Tormo;Madrid;Restaurantes;Castellano-Manchega, Migas, Carnes;0;3;3;;;
16032;ia_1649;El Torrezno Filipino;Madrid;Restaurantes;"Filipina, Adobo; Pancit; Lechón";0;3;3;;;
3910;el_triangle;El Triangle;Barcelona;Compras;Centros comerciales;0;4;4;26861;26874;26851,26852,26853,26854,26855,26856,26857,26858,26859
5012;el_trilero;El trilero;Madrid;Fiesta;Bares de copas;0;4;4;44784;;44785,44786,44787,44788
1908;el_trillo;El Trillo;Málaga;Restaurantes;Low cost, Español, Restaurantes;0;1;3;19796;;19797,19798
5620;el_ultimo_mono;El Último Mono;Málaga;Restaurantes;Low cost, Comida Regional, Vegetariano, Café y té;0;4;4;49124;49125;49122,49123
15228;el_urogallo_casa_de_campo;El Urogallo Casa de Campo;Madrid;Restaurantes;Española, Arroces, Carnes, Tapas;0;4;4;;;74496,74497,74498,74499,74500
15600;ia_1191;El Vagón de la Cerveza;Madrid;Restaurantes;Mediterránea / Española, Carnes / Hamburguesas / Tapas;0;3;3;;;
15614;ia_1205;EL VELÁZQUEZ 17;Madrid;Restaurantes;Internacional / Fusión, Brunch / Pasta / Cócteles;0;3;3;;;
14770;ia_332;El Venezolano;Madrid;Restaurantes;Venezolana, Pabellón criollo, Arepas, Tequeños;0;3;3;;;
15116;ia_700;El Venezolano- Getafe;Madrid;Restaurantes;Española, Arepas;0;3;3;;;
16401;ia_2037;El Vermut;Madrid;Restaurantes;Española;0;3;3;;;
212;el_viajero_;El Viajero ;Madrid;Fiesta, Restaurantes;Bares de copas, Trendy, Restaurant & Club;0;4;4;14420;14421;14422,14423,14424
15728;ia_1322;El Viejo Almacén de Buenos Aires;Madrid;Restaurantes;Argentino, Parrilla, Carnes;0;3;3;;;
17197;ia_3017;El Viejo Hortelano;Madrid;Compras;"Productos ecológicos y naturales, Tienda ecológica; Productos locales; Atención cercana";0;3;3;;;
15759;ia_1353;El Zócalo;Madrid;Restaurantes;Mexicana, Tacos, Cocina mexicana;0;3;3;;;
1758;el_zorrito;EL ZORRITO;Barcelona;Restaurantes;Trendy, Restaurantes;0;4;4;18829;18830;18827,18828
3244;el_zucio;El Zucio;Ronda;Restaurantes;Tradicionales, Español, Restaurantes;0;4;4;21170;21169;21150,21151,21152,21153,21154,21155,21156,21157,21158,21159
485;elba_benitez;Elba Benítez;Madrid;Compras;Galerías de arte, Decoración;0;4;4;17616;17617;17618,17619,17620
4303;eldevenir_art_gallery;Eldevenir Art Gallery;Málaga;Ocio y eventos;Exposiciones, Fotografía, Pintura, Escultura, Otro;0;4;4;36786;36787;36782,36783,36784,36785
17103;ia_2923;Electricidad Serrano;Madrid;Compras;"Tiendas de robótica, gadgets y dispositivos electrónicos, Material eléctrico profesional; Proyectos de instalación; Asesoría técnica";0;3;3;;;
17065;ia_2886;Electrónica Embajadores;Madrid;Compras;Tiendas de robótica, gadgets y dispositivos electrónicos, Amplio catálogo de componentes electrónicos, Repuestos inmediatos, Tienda de confianza en Madrid;0;3;3;;;
17075;ia_2896;Electrónica Embajadores;Madrid;Compras;"Tiendas de robótica, gadgets y dispositivos electrónicos, Catálogo completo de componentes; Asesoría técnica en mostrador; Venta online con recogida en tienda";0;3;3;;;
1341;elektra_comic_madrid;Elektra Cómic Madrid;Madrid;Compras;Tiendas, Libros, Coleccionista;0;4;4;14676;14677;14678,14680,14681,14682,14683,14684
15018;ia_602;Elemento Restaurante by La Cosecha;Madrid;Restaurantes;Mediterranea, Comida Fusión;0;3;3;;;
1006;elite_gaming_center;Elite Gaming Center;Madrid;Ocio y eventos;Experiencias y actividades;0;4;4;16269;16270;16271
17207;ia_3027;Elixir Perfumes;Madrid;Compras;"Perfumerías y cosmética, Perfumería selecta; Fragancias internacionales; Servicio experto";0;3;3;;;
16637;ia_2359;Ella Sky Bar Madrid;Madrid;Nightlife;Rooftop gastronómico;0;3;3;;;
15699;ia_1293;Ella Sky Bar Madrid;Madrid;Restaurantes;Internacional, Tapas, Platos internacionales;0;3;3;;;
5143;ellen's_stardust_diner;Ellen's Stardust Diner;Filipinas;Restaurantes;Trendy;0;4;4;46133;46131;46132,46134,46135,46136,46137,46138,46139,46140
5274;elsa_y_fred;Elsa y fred;Barcelona;Restaurantes;Dog Friendly;0;4;4;47625;47624;47626,47627,47628,47629,47630,47631,47632,47633
18434;ia_4544;Embalse de Picadas;Madrid;Naturaleza;Deportes acuáticos (kayak/SUP), Agua, bosque, montaña, Kayak, senderismo, fotografía;0;1;1;;;
18427;embalse_de_santillana;Embalse de Santillana;Madrid;Naturaleza;Excursión a La Entrada Norte Del Parque Na, Agua, montañas, pinares, Birdwatching, fotografía, paseo;0;4;4;;;
18431;embalse_de_valmayor;Embalse de Valmayor;Madrid;Naturaleza;Excursión / day trip, Agua, colinas, sierra, Kayak, fotografía, senderismo;0;4;4;;;
15745;ia_1339;Embarcadero26;Madrid;Restaurantes;Mediterranea, Mariscos, Cocina mediterránea;0;3;3;;;
4026;embutidos_melgar_ronda;Embutidos Melgar Ronda;Ronda;Experiencias y Actividades;Comercios, productos locales y artesanía;0;4;4;30969;30966;30786,30787,30788,30967,30968,30970,30971
16132;ia_1751;Empanadas Malvón;Madrid;Restaurantes;"Shopping gourmet y de alimentación, Tienda de empanadas; Recetas argentinas; Productos frescos";0;3;3;;;
15942;ia_1559;"Empanadillas ""Los Tres Cerditos""";Madrid;Restaurantes;"China, Dumplings; Empanadillas";0;3;3;;;
17502;ia_3323;Emporio Armani Watches;Madrid;Compras;"Joyerías y relojerías, Diseños elegantes; Moda internacional; Accesibilidad";0;3;3;;;
560;en_copa_de_balon;En Copa de Balón;Madrid;Compras;Tiendas;1;4;4;15555;15556;15557
15380;ia_965;En Paella;Madrid;Restaurantes;Española, Paellas, Arroces, Mariscos;0;3;3;;;
1525;enbabia_infused;Enbabia Infused;Madrid;Fiesta;Bares de copas, Comercial, Reggeaton, Otro;1;4;1;13584;;13581,13582,13583,13585
18589;ia_5792;Encordados y más;Madrid;Deportes;Tenis / Pádel / Bádminton;0;1;1;;;
18594;ia_5797;Encordados y más (CITA PREVIA);Madrid;Deportes;Tenis / Pádel / Bádminton;0;1;1;;;
18596;ia_5799;Encordados y más (SOLO A DOMICILIO);Madrid;Deportes;Tenis / Pádel / Bádminton;0;1;1;73353;73352;
5476;encuentros_con...;Encuentros Con...;Madrid;Qué ver, Ocio y eventos;Exposiciones;0;3;3;;;
15353;ia_938;Eneria;Madrid;Restaurantes;Española, Platos mediterráneos, Opciones veganas;0;3;3;;;
1395;enigmatium;Enigmatium;Madrid;Fiesta, Restaurantes;Salas de concierto, Trendy, Mediterranea, Restaurant & Club;0;4;3;17960;17961;17962,17964,17967
16525;ia_2216;Enkai Sushi Buffet;Madrid;Restaurantes;Japonesa, Buffet libre;0;3;3;;;
3441;enoturismo;Enoturismo;Ronda;Experiencias y Actividades;Experiencias y Actividades, Bodegas y Vinos de Ronda;1;1;4;26990;26061;26062,26987,26988,26989,26991
1612;enrique_iglesias_;Enrique Iglesias ;Madrid;Ocio y eventos;Conciertos, Comercial, Musical;1;4;3;18442;18443;18444
18576;ia_5779;ENTABLA Escuela de Skateboarding;Madrid;Deportes;Skateboarding;0;1;1;73350;73351;
16920;ia_2691;Entrada a La Sala Temple Flamenco en Madrid con bebida;Madrid;Eventos;Espectáculo flamenco en tablao;0;3;3;;;
16921;ia_2692;Entrada a Museum of Illusions Madrid;Madrid;Eventos;Museo interactivo / ilusiones ópticas;0;3;3;;;
16922;ia_2693;Entrada al Centro Cultural Flamenco de Madrid;Madrid;Eventos;Espectáculo flamenco en tablao;0;3;3;;;
16923;ia_2694;Entrada al Museo del Espacio Dulce;Madrid;Eventos;Museo / exposición permanente;0;3;3;;;
16910;ia_2680;Entrada al Palacio Real de El Pardo;Madrid;Eventos;Visita a palacio/monumento histórico;0;3;3;;;
16924;ia_2695;Entrada al Parque de Atracciones de Madrid;Madrid;Eventos;Parque temático de atracciones;0;3;3;;;
16925;ia_2696;Entrada al Sweet Space Museum en Madrid;Madrid;Eventos;Museo / exposición permanente;0;3;3;;;
18367;ia_4458;Entrada Faunia Madrid;Madrid;Naturaleza;Parque / jardín (general), Ecosistemas adaptados, jardines, Interacciones con animales, experiencias nocturnas;0;1;1;;;
16927;ia_2698;Entrada para el Madrid Bernabéu Stadium Tour;Madrid;Eventos;Museo / exposición permanente;0;3;3;;;
16928;ia_2699;Entrada para el tablao flamenco Las Tablas de Madrid;Madrid;Eventos;Espectáculo flamenco en tablao;0;3;3;;;
16926;ia_2697;Entrada para Espectáculo Flamenco Auténtico en Madrid;Madrid;Eventos;Espectáculo flamenco en tablao;0;3;3;;;
16919;ia_2690;Entrada Parque Warner Beach Madrid;Madrid;Eventos;Parque temático de atracciones;0;3;3;;;
16929;ia_2700;Entradas para el estadio del Real Madrid con Museo;Madrid;Eventos;Museo / exposición permanente;0;3;3;;;
15715;ia_1309;Entre Causas;Madrid;Restaurantes;Peruana, Ceviches, Causas, Cocina peruana;0;3;3;;;
15498;ia_1085;Entre Causas d'Jose y Sergio 2;Madrid;Restaurantes;restaurante, Peruana;0;3;3;;;
15753;ia_1347;Entre Suspiro y Suspiro;Madrid;Restaurantes;Española, Postres, Cafetería;0;3;3;;;
5296;entreamigos_;Entreamigos ;Aranjuez;Restaurantes;Low cost, Especial Delivery, Restaurantes;0;3;3;;;47807,47808,47809,47810,47811,47812,47813,47814,47815,47816
15831;ia_1425;Entreletras;Madrid;Restaurantes;Mediterranea, Cocina mediterránea, Platos saludables;0;3;3;;;
4300;entrevinos;Entrevinos;Ronda;Restaurantes;Tradicionales, Español, Bares y Pubs;0;3;3;42616;42615;36755
1729;equitacion;Equitación;Punta Cana;Ocio y eventos;Experiencias y actividades;0;4;4;18646;18648;18647,18649
17640;ia_3469;Er Baratillo;Madrid;Compras;Bazar y descuento, Venta directa, precios económicos;0;3;3;;;
446;erase_un_hotel;Erase un hotel;Madrid;Alojamiento;Hoteles;1;4;4;15912;15913;15914,15915,15916,15917,15918,15919,15920,15921,15922
211;eric_vökel_boutique_apartments;Eric Vökel boutique apartments;Madrid;Alojamiento;Apartamentos, Wifi;1;4;4;16691;16692;16693,16694,16695,16696,16697
3751;eric_vökel_gran_via_suites;Eric Vökel Gran Via suites;Barcelona;Alojamiento;Naturaleza, Wifi;0;4;4;24394;24391;24392,24393,24395,24396,24397,24398,24399,24400
3188;ermita_rupestre_de_la_virgen_de_la_cabeza;Ermita rupestre de la Virgen de la Cabeza;Ronda;Qué ver, Experiencias y Actividades;Arquitectura: plazas y monumentos, Monumentos Propios;0;4;4;42762;20940;20937,20939,20941,20942,20943,20944,20945,42761,42763
3359;ermita_virgen_de_la_cabeza;Ermita Virgen de la Cabeza;Ronda;Qué ver, Ocio y eventos, Experiencias y Actividades;Naturaleza y parques;0;1;1;44699;38361;38362,44700
18436;ia_4547;Escalada en La Pedriza;Madrid;Naturaleza;Escalada, Rocas, riscos, bosques, Escalada, fotografía, naturaleza;0;1;1;;;
5309;escalada_sport_mountain;Escalada sport mountain;Ronda;Experiencias y Actividades;Experiencias y Actividades, Actividades Deportivas;1;4;4;47863;47868;47860,47861,47862,47864,47865,47866,47867,47869
15205;ia_790;Escándalo;Madrid;Restaurantes;Española;0;3;3;;;
682;escape_room;Escape Room;Madrid;Ocio y eventos;Experiencias y actividades;0;4;4;17653;17654;17655
4312;escape_room_aranjuez;Escape Room Aranjuez;Aranjuez;Ocio y eventos;Experiencias y actividades, Indoor;0;4;4;36871;36865;36866,36867,36868,36869,36870,36872,36873
16957;ia_2733;Escape Room La Casa de Papel Madrid;Madrid;Eventos;Escape Rooms & Experiencias;0;3;3;;;
18342;ia_4389;Escuela Creativa (M)ARTE;Madrid;Arte y Cultura;Arquitectura / edificio emblemático, arte y creatividad, talleres de verano, actividades intergeneracionales, Talleres de pintura, escultura, creatividad;0;1;1;73655;73656;73654
17031;ia_2851;Espacio de Talleres Madrid Taller de Cerámica;Madrid;Eventos;Taller de cerámica;0;3;3;;;
18276;espacio_fundacion_telefonica;Espacio Fundación Telefónica;Madrid;Arte y Cultura;Museo de ciencia y tecnología, Arte digital, fotografía, divulgación tecnológica;0;4;4;74713;72816;74710,74711,74712
17744;ia_3588;Espacio Fundación Telefónica;Madrid;Arte y Cultura;Museo de arte contemporáneo, colección de teléfonos históricos, exposiciones de arte digital e instalaciones interactivas;1;3;3;;;
589;espacio_isaac_salido;Espacio Isaac Salido;Madrid;Compras;Para ti, Peluqueria;0;4;4;16959;16960;16961,16963,16964,16965,16966
18490;ia_5683;Espacio Mayán;Madrid;Wellness;Spa;0;1;1;;;
18355;ia_4402;Espacio Nueva Carolina;Madrid;Arte y Cultura;Lugar fotogénico / cool spot, música alternativa, conciertos íntimos de bandas emergentes, Conciertos de música alternativa;0;1;1;73653;73651;73652
5380;espacio_que_vuela_;Espacio que vuela ;Madrid;Ocio y eventos;Experiencias y actividades, Ocio, Deporte;0;3;3;48371;48368;48367,48369,48370
1497;espacio_realidad_extendida;Espacio Realidad Extendida;Madrid;Ocio y eventos;Exposiciones, Otro, Indoor, Ocio;1;4;1;12338;12341;12336,12337,12339,12340
5039;espacio_uma;Espacio UMA;Barcelona;Restaurantes;Trendy, Restaurantes;0;3;3;45329;45331;45325,45326,45327,45328,45330,45332,45333,45334
17018;ia_2838;Espacio Ventas;Madrid;Eventos;Espacio cultural y creativo;0;3;3;;;
18470;ia_5662;Espacio Yogideas;Madrid;Wellness;Centro de yoga;0;1;1;;;
18526;ia_5719;EspacioBetty;Madrid;Wellness;Spa;0;1;1;;;
18694;ia_4996;España virgen: Degustación de comida y vinos para amantes de la naturaleza - Madrid;Madrid;Experiencias Unicas;Clase/Taller (general);0;1;1;73904;73903;73905
16936;ia_2707;Espectáculo de Flamenco en Madrid con Cena de Tapas;Madrid;Eventos;Cena con espectáculo flamenco (tablao);0;3;3;;;
16937;ia_2708;Espectáculo de flamenco íntimo y bebida española en Madrid;Madrid;Eventos;Espectáculo flamenco en tablao;0;3;3;;;
16938;ia_2709;Espectáculo en vivo en el Teatro Flamenco Madrid;Madrid;Eventos;Espectáculo flamenco en tablao;0;3;3;;;
16931;ia_2702;Espectáculo Flamenco con el Alma en Madrid;Madrid;Eventos;Espectáculo flamenco en tablao;0;3;3;;;
5542;"espectaculo_flamenco_de_miguel_lorca_""lorca__poeta_flamenco""";"ESPECTÁCULO FLAMENCO DE MIGUEL LORCA ""LORCA, POETA FLAMENCO""";Ronda;Qué ver, Ocio y eventos, Experiencias y Actividades;Eventos;0;1;1;48736;48737;48735
16932;ia_2703;Espectáculo Flamenco en Café Ziryab: Madrid;Madrid;Eventos;Espectáculo flamenco en tablao;0;3;3;;;
16941;ia_2712;Espectáculo flamenco en el Corral de la Morería de Madrid;Madrid;Eventos;Cena con espectáculo flamenco (tablao);0;3;3;;;
16933;ia_2704;Espectáculo Flamenco en el Tablao La Carmela de Madrid;Madrid;Eventos;Espectáculo flamenco en tablao;0;3;3;;;
16934;ia_2705;Espectáculo Flamenco en el Tablao la Carmela en Madrid;Madrid;Eventos;Espectáculo flamenco en tablao;0;3;3;;;
16939;ia_2710;Espectáculo flamenco en Tablao La Carmela con cena opcional;Madrid;Eventos;Cena con espectáculo flamenco (tablao);0;3;3;;;
16940;ia_2711;Espectáculo flamenco en Torres Bermejas de Madrid;Madrid;Eventos;Espectáculo flamenco en tablao;0;3;3;;;
16935;ia_2706;Espectáculo Flamenco local con cena en El Cortijo;Madrid;Eventos;Cena con espectáculo flamenco (tablao);0;3;3;;;
16930;ia_2701;Espectáculo Flamenco Local en El Cortijo;Madrid;Eventos;Espectáculo flamenco en tablao;0;3;3;;;
16942;ia_2713;Espectáculo flamenco y menú especial en Torres Bermejas;Madrid;Eventos;Cena con espectáculo flamenco (tablao);0;3;3;;;
16943;ia_2714;Espectáculo y Cena Nocturna Flamenca en Madrid;Madrid;Eventos;Cena con espectáculo flamenco (tablao);0;3;3;;;
5305;espeleologia_ronda_;Espeleología Ronda ;Ronda;Experiencias y Actividades;Experiencias y Actividades, Actividades Deportivas;0;4;4;48000;47998;47999
1747;essential_flamenco;Essential Flamenco;Madrid;Ocio y eventos;Espectáculos, Otro, Otro, Musical, Otro, Cultura, Ocio;1;4;3;18837;18838;18899,18900
16944;ia_2715;Essential Flamenco: Puro flamenco en el corazón de Madrid;Madrid;Eventos;Espectáculo flamenco en tablao;0;3;3;;;
49;estadio_santiago_bernabeu;Estadio Santiago Bernabéu;Madrid;Qué ver;Arquitectura;0;4;4;14251;14252;14253
18563;ia_5766;Estadio Santiago Bernabéu;Madrid;Deportes;Turismo deportivo / Fútbol;0;1;1;;;
16945;ia_2716;Estadio Santiago Bernabéu y Museo del Real Madrid;Madrid;Eventos;Entrada al Museo del Real Madrid (sin tour);0;3;3;;;
16946;ia_2717;Estadio Santiago Bernabéu: Entrada al museo;Madrid;Eventos;Entrada al Museo del Real Madrid (sin tour);0;3;3;;;
16947;ia_2718;Estadio Santiago Bernabéu: Partido de fútbol;Madrid;Eventos;Partido de fútbol (en vivo) en el Bernabéu;0;3;3;;;
16948;ia_2719;Estadio Santiago Bernabéu: Tour guiado;Madrid;Eventos;Tour Bernabéu con guía oficial;0;3;3;;;
16949;ia_2720;Estadio Santiago Bernabéu: Tour guiado privado;Madrid;Eventos;Tour guiado privado por estadio + museo;0;3;3;;;
16950;ia_2721;Estadio Santiago Bernabéu: Visita guiada;Madrid;Eventos;Visita guiada al Estadio Santiago Bernabéu;0;3;3;;;
633;estadio_wanda_metropolitano;Estadio Wanda Metropolitano;Madrid;Qué ver;Arquitectura;0;4;4;14287;14288;14289,14290
15811;ia_1405;Estancia La Adriana;Madrid;Restaurantes;Española, Carnes, Cocina tradicional;0;3;3;;;
17618;ia_3447;Estanco Mercedes Díaz – Estanco 747 Villagarcía;Madrid;Compras;Estancos y tabaco, Recargas, regalos, servicio de loterías;0;3;3;;;
4110;estanque_de_los_chinescos;Estanque de los Chinescos;Aranjuez;Qué ver;Cool Places;0;3;3;34099;34015;34011,34013,34014,34018,34098
18407;ia_4517;Estanque Grande de El Retiro;Madrid;Naturaleza;Excursión a El Retiro Con Barcas Y Vistas, Estanque, avenidas arboladas, Alquiler de barcas, fotografía patrimonial;1;1;1;;;
18356;ia_4403;Estatua de Don Álvaro de Bazán;Madrid;Arte y Cultura;Monumento emblemático, escultura histórica, escultura de Benlliure, Escultura de Mariano Benlliure;0;1;1;73649;73650;
18336;estatua_de_isabel_ii;Estatua de Isabel II;Madrid;Arte y Cultura;Monumento emblemático, arte clásico y monumental, monumento histórico en plaza central, Escultura de Isabel II;0;1;1;73646;73647;73648
18524;esteban_cipriano;Esteban Cipriano;Madrid;Wellness;Peluquería;0;4;4;;;74023,74024,74025,74026,74027
14875;ia_451;Estebanez;Madrid;Restaurantes;Mediterranea, Platos mediterráneos, Ensaladas;0;3;3;;;
17255;ia_3075;ESTETICA CRUZ MERINERO ANTIEDAD&BELLEZA;Madrid;Compras;"Centros de estética, Centro de estética; Tratamientos antiedad; Belleza integral";0;3;3;;;
14720;ia_270;Estimar Madrid;Madrid;Restaurantes;Mediterránea, Marisquería, Mariscos, Pescados;0;3;3;74324;74323;74322,74325,74326
18497;estivalia;Estivalia;Madrid;Wellness;Centro de desarrollo personal;0;4;4;;;74028,74029,74030,74031,74032
5199;estopa;Estopa;Madrid;Ocio y eventos;Conciertos;0;3;3;46775;46774;46776
844;estudio_mao_y_cathy;Estudio Mao & Cathy;Madrid;Compras;Para ti;0;4;4;18120;18121;
19233;ia_5604;Estufa de Palmas (Estufa de Graells);Madrid;Experiencias Unicas;Tour/experiencia (general);0;1;1;73907;73908;73906
4234;estupenda_bar;Estupenda Bar;Madrid;Restaurantes;Top, Americano, Restaurantes;0;4;4;36198;36377;36201,36202,36206,36371,36372,36373,36374,36375,36376
15034;ia_618;Éter;Madrid;Restaurantes;Española, Parrillada/BBQ;0;3;3;;;
17428;ia_3249;Eterna;Madrid;Compras;"Joyería y relojería de lujo, Tradición relojera suiza; Innovación técnica; Diseños clásicos";0;3;3;;;
17471;ia_3292;Eterna;Madrid;Compras;"Joyería y relojería de lujo, Relojes automáticos; Tradición suiza; Innovación técnica";0;3;3;;;
5139;etnia_barcelona;Etnia Barcelona;Barcelona;Compras;Marcas y Productos Locales;0;3;3;46096;46091;46092,46093,46095,46097,46098,46099,46100
18348;ia_4395;European School of Architecture;Madrid;Arte y Cultura;Arquitectura / edificio emblemático, arquitectura contemporánea, proyectos internacionales de diseño, Proyectos arquitectónicos estudiantiles;0;1;1;;;
18528;ia_5721;Europreven Madrid;Madrid;Wellness;Clínica médica;0;1;1;;;
16686;ia_2441;Eurostars Arenas de Pinto;Madrid;Alojamiento;Hoteles, Spa, terraza, parking gratuito;0;3;3;;;
16727;ia_2482;Eurostars Gran Madrid;Madrid;Alojamiento;Business Hotel, Spa, gimnasio, restaurante, jardines;0;3;3;;;
16704;ia_2459;Eurostars I-Hotel Madrid;Madrid;Alojamiento;Business Hotel, Salas de reunión, restaurante, Wi‑Fi;0;3;3;;;
16793;ia_2548;Eurostars Madrid Mirasierra Suites;Madrid;Alojamiento;Luxury Hotel, Spa, piscina, restaurante;0;3;3;;;
16789;ia_2544;Eurostars Madrid Tower;Madrid;Alojamiento;Luxury Hotel, Spa, restaurante panorámico, gimnasio;0;3;3;;;
77;eurostars_madrid_tower_5;Eurostars Madrid Tower 5*;Madrid;Alojamiento;Hoteles;0;4;4;16742;16743;16744,16745,16746,16747,16748
16726;ia_2481;Eurostars Monte Real;Madrid;Alojamiento;Resort Hotel, Spa, restaurante, jardines;0;3;3;;;
424;eurostars_suites_mirasierra_5;Eurostars Suites Mirasierra 5*;Madrid;Alojamiento;Hoteles;0;4;4;17704;17705;17706,17707,17708,17709,17710
17054;ia_2874;Event Base;Madrid;Eventos;Agencia de DJs y eventos;0;3;3;;;
17050;ia_2870;Events Sa Edt — SOMOS Experiences;Madrid;Eventos;Agencia y productora de eventos;0;3;3;;;
835;everest_;Everest ;Madrid;Restaurantes;Tradicionales, Vegetariano, Hindú;0;4;4;17451;17452;17453
15874;ia_1473;Evranto;Madrid;Restaurantes;Mediterranea, Platos mediterráneos, Cocina creativa;0;3;3;;;
4788;excellence_punta_cana;Excellence Punta Cana;Punta Cana;Alojamiento;Hoteles;0;4;4;43889;43890;43885,43886,43887,43888,43891,43892,43893,43894
4463;exclusive_ronda;Exclusive Ronda;Ronda;Experiencias y Actividades;Comercios, productos locales y artesanía;0;4;3;;;
16635;ia_2357;Exclusive Rooftop Bar Lavapiés;Madrid;Nightlife;Rooftop alternativo;0;3;3;;;
18955;ia_5296;Excursión a Madrid después del anochecer en sidecar con cava ;Madrid;Experiencias Unicas;Excursión de día (Day trip);1;1;1;;;
18718;ia_5033;Excursión a Madrid después del anochecer en sidecar con cava ;Madrid;Experiencias Unicas;Excursión de día (Day trip);0;1;1;73909;73911;73910
17791;ia_3693;Excursión a Segovia y Toledo desde Madrid con Experiencia en el Alcázar;Madrid;Arte y Cultura;Excursión de un día a Segovia, Museo de Arte Abstracto Español, Zóbel, arte contemporáneo;0;3;3;;;
18717;ia_5032;Excursión de 12 días a Marruecos y el sur de España desde Madrid;Madrid;Experiencias Unicas;Tour de 12 días;0;1;1;73912;73913;
18954;ia_5295;Excursión de 12 días a Marruecos y el sur de España desde Madrid;Madrid;Experiencias Unicas;Tour de 12 días;1;1;1;;;
17756;ia_3628;Excursión de 7 días por Europa explorando lo mejor de España y Portugal;Madrid;Arte y Cultura;Museo de historia, Museo del Greco, El Greco, pintura manierista;0;3;3;;;
17757;ia_3629;Excursión de 8 días por España: Córdoba, Sevilla, Granada y Toledo desde Madrid;Madrid;Arte y Cultura;Museo de historia, Museo Taller del Moro, artesanía mudéjar, Toledo medieval;0;3;3;;;
17758;ia_3630;Excursión de día completo a Segovia y Versalles español con cata de vinos;Madrid;Arte y Cultura;Museo de historia, Museo de Tapices de la Catedral de Toledo, tapices flamencos;0;3;3;;;
17797;ia_3707;Excursión de un día a Chinchón, Aranjuez y Toledo desde Madrid;Madrid;Arte y Cultura;Excursión de un día a Chinchón, Museo Municipal de Consuegra, molinos, arqueología local;0;3;3;;;
17776;ia_3665;Excursión de un día a Madrid (personalizable);Madrid;Arte y Cultura;Museo arqueológico, Museo de Ciudad Real, arqueología, arte contemporáneo;0;3;3;;;
17777;ia_3666;Excursión de un día a Madrid: Palacio Real, Centro Histórico y Museo del Prado;Madrid;Arte y Cultura;Museo de arte clásico / pinacoteca, Museo de la Merced, arte sacro, imaginería religiosa;0;3;3;;;
17801;ia_3714;Excursión de un día a Toledo Segovia y Ávila desde Madrid;Madrid;Arte y Cultura;Excursión de un día a Toledo, Museo de los Concilios de Toledo, arte visigodo, arqueología religiosa;0;3;3;;;
16903;ia_2672;Excursión de un día al Parque Warner desde Madrid;Madrid;Eventos;Parque temático de atracciones;0;3;3;;;
17790;ia_3690;Excursión de un día completo a los museos privados de Madrid con conductor y guía;Madrid;Arte y Cultura;Excursión de un día a Toledo, Museo de Albacete, arqueología íbera, Bellas Artes;0;3;3;;;
17788;ia_3688;Excursión de un día completo a Segovia y Toledo desde Madrid con alcázar opcional;Madrid;Arte y Cultura;Excursión de un día a Segovia, Museo Etnográfico de Castilla-La Mancha, tradiciones rurales, herramientas antiguas;0;3;3;;;
17789;ia_3689;Excursión de un día completo a Toledo y Segovia desde Madrid;Madrid;Arte y Cultura;Excursión de un día a Toledo, Museo del Vino, tradición vitivinícola, bodegas manchegas;0;3;3;;;
18969;ia_5316;Excursión en bicicleta eléctrica persiguiendo la mejor puesta del sol en Madrid;Madrid;Experiencias Unicas;Excursión de día (Day trip);0;1;1;;;
18731;ia_5053;Excursión en bicicleta eléctrica persiguiendo la mejor puesta del sol en Madrid;Madrid;Experiencias Unicas;Excursión de día (Day trip);0;1;1;73915;73916;73914
18732;ia_5054;Excursión en bicicleta persiguiendo la mejor puesta del sol en Madrid;Madrid;Experiencias Unicas;Clase/Taller (general);1;1;1;;;
18970;ia_5317;Excursión en bicicleta persiguiendo la mejor puesta del sol en Madrid;Madrid;Experiencias Unicas;Excursión de día (Day trip);1;1;1;;;
18971;ia_5318;Excursión en bicicleta por Madrid;Madrid;Experiencias Unicas;Excursión de día (Day trip);1;1;1;;;
18733;ia_5055;Excursión en bicicleta por Madrid;Madrid;Experiencias Unicas;Excursión de día (Day trip);1;1;1;;;
18734;ia_5056;Excursión en bicicleta por Madrid con Churros y vino, jamón y queso;Madrid;Experiencias Unicas;Cata/Maridaje de vino / Bodega;0;1;1;73918;73917;
18981;ia_5329;Excursión en bicicleta por Madrid con Churros y vino, jamón y queso;Madrid;Experiencias Unicas;Excursión de día (Day trip) + Bodega y cata;1;1;1;;;
17814;ia_3758;Excursión en grupo pequeño al Museo Reina Sofía - 6 personas máximo -;Madrid;Arte y Cultura;Museo de arte moderno / contemporáneo, Museo de Arte Contemporáneo Infante, escultura, pintura moderna;0;3;3;;;
18982;ia_5330;Excursión gastronómica VIP de medio día para grupos pequeños en Madrid;Madrid;Experiencias Unicas;Excursión de día (Day trip);0;1;1;;;
18735;ia_5057;Excursión gastronómica VIP de medio día para grupos pequeños en Madrid;Madrid;Experiencias Unicas;Excursión de día (Day trip);0;1;1;73921;73919;73920
17769;ia_3652;Excursión privada a Madrid con guía local;Madrid;Arte y Cultura;Museo de historia, Museo del Cine, cámaras antiguas, carteles de películas;0;3;3;;;
17770;ia_3653;Excursión privada a Madrid con guía y conductor;Madrid;Arte y Cultura;Museo arqueológico, Museo Arqueológico Provincial, restos íberos, arqueología romana;0;3;3;;;
17771;ia_3654;Excursión privada a Madrid y la Inquisición española;Madrid;Arte y Cultura;Museo de historia, Museo del Agua, tradición hidráulica, molinos;0;3;3;;;
17778;ia_3673;Excursión privada a pie de 4 horas por Madrid a los Museos Thyssen-Bornemisya y Reina Sofía;Madrid;Arte y Cultura;Museo de arte clásico / pinacoteca, Museo Arqueológico, restos prehistóricos, mosaicos romanos;0;3;3;;;
17779;ia_3674;Excursión privada a pie de 4 horas por Madrid con guía certificado;Madrid;Arte y Cultura;Plaza Mayor (plaza histórica), Museo del Ferrocarril Regional, trenes antiguos, locomotoras;0;3;3;;;
17780;ia_3675;Excursión privada a pie de 6 horas por Madrid con guía certificado;Madrid;Arte y Cultura;Museo de arte moderno / contemporáneo, Museo de la Música, instrumentos antiguos, tradición musical;0;3;3;;;
17781;ia_3676;Excursión privada a pie en Madrid: Lo mejor del centro de la ciudad;Madrid;Arte y Cultura;Barrio de Las Letras (ruta a pie), Museo de la Agricultura, aperos, maquinaria agrícola;0;3;3;;;
18370;ia_4463;Excursión privada al Parque del Retiro con guía;Madrid;Naturaleza;Ruta de senderismo, Jardines, estanques, Tour privado, historias locales;0;1;1;;;
17786;ia_3684;Excursión privada de 8 horas a Madrid con visitas al Monasterio de El Escorial y el Valle de los Caídos;Madrid;Arte y Cultura;Excursión / day trip, Museo Lázaro Galdiano, Goya, El Bosco, coleccionismo;0;3;3;;;
17787;ia_3687;Excursión privada de lujo a Toledo y Aranjuez;Madrid;Arte y Cultura;Excursión / day trip, Museo Cerralbo, palacete decimonónico, colecciones privadas;0;3;3;;;
17803;ia_3722;Excursión privada de medio día en Madrid;Madrid;Arte y Cultura;Museo de historia, Museo ICO, arquitectura moderna, fotografía contemporánea;0;3;3;;;
17812;ia_3743;Excursión privada de medio día en Madrid con guía de historiador de arte;Madrid;Arte y Cultura;Museo de historia, Museo Nacional de Antropología, culturas del mundo, máscaras africanas;0;3;3;;;
17813;ia_3747;Excursión privada de un día a Madrid;Madrid;Arte y Cultura;Museo de ciencia y tecnología, Museo Nacional de Artes y Tradiciones Populares, cultura popular, folklore;0;3;3;;;
17806;ia_3727;Excursión privada de un día a Toledo, Alcalá y Aranjuez desde Madrid;Madrid;Arte y Cultura;Excursión de un día a Toledo, Museo de las Marionetas, títeres, artes escénicas;0;3;3;;;
17810;ia_3739;Excursión privada de un día para descubrir Toledo y Segovia;Madrid;Arte y Cultura;Excursión de un día a Toledo, Museo de Arte Contemporáneo, instalaciones, arte experimental;0;3;3;;;
17811;ia_3740;Excursión privada nocturna a pie por Madrid con tapa y bebida;Madrid;Arte y Cultura;Museo de historia, Museo de Historia Natural, fósiles, fauna y flora;0;3;3;;;
17767;ia_3648;Excursión privada: Recorrido a pie por Madrid de los Austrias;Madrid;Arte y Cultura;Museo de arte contemporáneo, Museo de Arte Moderno, pintura, escultura contemporánea;0;3;3;;;
17768;ia_3651;Excursión semiprivada al Museo del Prado de Madrid;Madrid;Arte y Cultura;Museo de arte clásico / pinacoteca, Museo de Bellas Artes, pintura clásica, escultura;0;3;3;;;
16702;ia_2457;Exe Convention Plaza Madrid;Madrid;Alojamiento;Business Hotel, Gimnasio, salas de reunión, restaurante;0;3;3;;;
16719;ia_2474;Exe Madrid Norte;Madrid;Alojamiento;Business Hotel, Piscina, restaurante, salas de reunión;0;3;3;;;
17039;ia_2859;Exit Brand Management S.L.;Madrid;Eventos;Agencia de organización de eventos;0;3;3;;;
18726;ia_5044;Experencia Gastronomica de Tapas en Gran Vía Madrid;Madrid;Experiencias Unicas;Visita guiada a museo/monumento;0;1;1;73924;73923;73922
18966;ia_5312;Experencia Gastronomica de Tapas en Gran Vía Madrid;Madrid;Experiencias Unicas;Tour guiado (general);0;1;1;;;
1499;experience_fighter;Experience Fighter;Madrid;Ocio y eventos;Ferias;1;4;1;12760;12761;12757,12758,12759,12762
18962;ia_5307;Experiencia a pie de las tapas en Madrid;Madrid;Experiencias Unicas;Walking tour;0;1;1;;;
18729;ia_5049;Experiencia a pie de las tapas en Madrid;Madrid;Experiencias Unicas;Walking tour;0;1;1;73925;73926;
18719;ia_5037;Experiencia de arte y vino: Tour al Museo Thyssen y cata de vinos;Madrid;Experiencias Unicas;Visita guiada a museo/monumento;0;1;1;73928;73927;
18977;ia_5325;Experiencia de arte y vino: Tour al Museo Thyssen y cata de vinos;Madrid;Experiencias Unicas;Tour guiado (general) · Privado;0;1;1;;;
16904;ia_2673;Experiencia de baile para amantes de la salsa y bachata;Madrid;Eventos;Clase/Taller experiencial;0;3;3;;;
18454;ia_5646;Experiencia de Baño, Kessa y Masaje;Madrid;Wellness;Hammam;0;1;1;;;
18720;ia_5038;Experiencia de baños árabes en Hammam Al Ándalus de Madrid;Madrid;Experiencias Unicas;Tour guiado (general) · Grupo;0;1;1;73929;73930;
18978;ia_5326;Experiencia de baños árabes en Hammam Al Ándalus de Madrid;Madrid;Experiencias Unicas;Excursión de día (Day trip);0;1;1;;;
18979;ia_5327;Experiencia de cata con excursión de castillos, ciudades medievales o las catedrales desde Madrid;Madrid;Experiencias Unicas;Excursión de día (Day trip) + Bodega y cata;0;1;1;;;
18721;ia_5039;Experiencia de cata con excursión de castillos, ciudades medievales o las catedrales desde Madrid;Madrid;Experiencias Unicas;Cata/Maridaje de vino / Bodega;0;1;1;73931;73932;73933
16905;ia_2674;Experiencia de clase de Flamenco de 1 hora en Madrid;Madrid;Eventos;Clase/Taller de baile flamenco;0;3;3;;;
18968;ia_5315;Experiencia de Cocina de Tapas y Paella en Madrid con Visita al Mercado Local;Madrid;Experiencias Unicas;Clase de cocina / Taller culinario;0;1;1;;;
18730;ia_5052;Experiencia de Cocina de Tapas y Paella en Madrid con Visita al Mercado Local;Madrid;Experiencias Unicas;Food tour / Ruta de tapas;0;1;1;73934;73936;73935
18722;ia_5040;Experiencia de jamón ibérico con desayuno tradicional en el centro de Madrid;Madrid;Experiencias Unicas;Taller de artes (pintura/cerámica/foto);0;1;1;73938;73939;73937
18980;ia_5328;Experiencia de jamón ibérico con desayuno tradicional en el centro de Madrid;Madrid;Experiencias Unicas;Taller de artes (pintura/cerámica/foto);0;1;1;;;
18963;ia_5309;Experiencia de pastelería de 2 horas para amantes de los postres;Madrid;Experiencias Unicas;Tour guiado (general);0;1;1;;;
18723;ia_5041;Experiencia de pastelería de 2 horas para amantes de los postres;Madrid;Experiencias Unicas;Degustación gastronómica (tapas/queso/cerveza, etc.);0;1;1;73940;73941;
18724;ia_5042;Experiencia de tapas españolas y showcooking de sangría en Madrid;Madrid;Experiencias Unicas;Food tour / Ruta de tapas;0;1;1;73942;73943;73944
18964;ia_5310;Experiencia de tapas españolas y showcooking de sangría en Madrid;Madrid;Experiencias Unicas;Clase de cocina / Taller culinario;0;1;1;;;
18965;ia_5311;Experiencia de tour por la ciudad a pie por Madrid con 6 tapas, Sangria y vino;Madrid;Experiencias Unicas;Excursión de día (Day trip) + Bodega y cata;0;1;1;;;
18725;ia_5043;Experiencia de tour por la ciudad a pie por Madrid con 6 tapas, Sangria y vino;Madrid;Experiencias Unicas;Deportes acuáticos (kayak/SUP/canoa);0;1;1;73945;73947;73946
18709;ia_5022;Experiencia de vino en Madrid: Tour de Bodega y Almuerzo en Chinchón;Madrid;Experiencias Unicas;Cata/Maridaje de vino / Bodega;0;1;1;73948;73950;73949
18946;ia_5285;Experiencia de vino en Madrid: Tour de Bodega y Almuerzo en Chinchón;Madrid;Experiencias Unicas;Taller de artes (pintura/cerámica/foto);0;1;1;;;
18967;ia_5313;Experiencia Don Quijote Quest en Madrid;Madrid;Experiencias Unicas;Clase/Taller de baile;0;1;1;;;
18727;ia_5045;Experiencia Don Quijote Quest en Madrid;Madrid;Experiencias Unicas;Clase/Taller de baile;0;1;1;73953;73951;73952
18710;ia_5023;Experiencia ecológica en tuk tuk con locales en Madrid;Madrid;Experiencias Unicas;Visita guiada a museo/monumento;0;1;1;73955;73954;73956
18947;ia_5286;Experiencia ecológica en tuk tuk con locales en Madrid;Madrid;Experiencias Unicas;Taller/Sesión de fotografía;0;1;1;;;
5646;experiencia_gadui_4d;Experiencia Gadui 4D;Barcelona;Ocio y eventos;Experiencias y actividades, Exposiciones, Otro, Indoor;0;3;3;;;
5643;experiencia_gaudi:_recorrido_en_4d_por_barcelona;Experiencia Gaudí: Recorrido en 4D por Barcelona;Barcelona;Ocio y eventos;Experiencias y actividades, Indoor;0;1;3;;;49247,49248,49249,49250,49251,49252,49253,49254,49255,49256
17796;ia_3702;Experiencia histórica de realidad virtual en Madrid con un guía oficial;Madrid;Arte y Cultura;Tour histórico/arquitectura, Realidad Virtual, historia de Madrid, experiencias inmersivas;0;3;3;;;
19219;ia_5583;Experiencia Inmersiva Minecraft – Espacio Movistar;Madrid;Experiencias Unicas;Experiencia inmersiva / VR / museo interactivo;0;1;1;73958;73957;73959
18961;ia_5304;Experiencia Pic-Nic en Madrid con juegos y aperitivos;Madrid;Experiencias Unicas;Tour guiado (general);0;1;1;;;
18728;ia_5046;Experiencia Pic-Nic en Madrid con juegos y aperitivos;Madrid;Experiencias Unicas;City tour en bus / Hop-on Hop-off;0;1;1;73962;73961;73960
18711;ia_5024;Experiencia por Madrid en bici o bici eléctrica: Estadio Santiago Bernabéu y picnic.;Madrid;Experiencias Unicas;Tour en bici / e-bike / segway;0;1;1;73963;73964;
18948;ia_5287;Experiencia por Madrid en bici o bici eléctrica: Estadio Santiago Bernabéu y picnic.;Madrid;Experiencias Unicas;Taller/Sesión de fotografía;0;1;1;;;
19173;ia_5539;Experiencia Retiro Oso Tigre Dragón;Madrid;Experiencias Unicas;Tour/experiencia (general);0;1;1;73966;73965;
16900;ia_2669;Experiencia única en OXO Museo del Videojuego;Madrid;Eventos;Museo / exposición permanente;0;3;3;;;
18949;ia_5288;Experiencia vinícola en el campo de Madrid con degustación en grupo reducido;Madrid;Experiencias Unicas;Clase/Taller (general);0;1;1;;;
18712;ia_5025;Experiencia vinícola en el campo de Madrid con degustación en grupo reducido;Madrid;Experiencias Unicas;Cata/Maridaje de vino / Bodega;0;1;1;73967;73968;
17800;ia_3710;Explora el Palacio Real de Madrid;Madrid;Arte y Cultura;Museo enciclopédico / colección privada, Museo Thyssen-Bornemisza, Caravaggio, Hopper, Van Gogh;0;3;3;;;
18698;ia_5011;Explora los bares en azoteas de Madrid;Madrid;Experiencias Unicas;Tour/experiencia (general);0;1;1;73971;73969;73970
18935;ia_5274;Explora los bares en azoteas de Madrid;Madrid;Experiencias Unicas;Tour guiado (general);0;1;1;;;
18936;ia_5275;Explora los lugares dignos de Instagram de Madrid con un local;Madrid;Experiencias Unicas;Taller/Sesión de fotografía;0;1;1;;;
18699;ia_5012;Explora los lugares dignos de Instagram de Madrid con un local;Madrid;Experiencias Unicas;Walking tour;0;1;1;73972;73973;
17792;ia_3698;Explora los tesoros del Museo del Prado;Madrid;Arte y Cultura;Museo de arte clásico / pinacoteca, Velázquez, Las Meninas, Goya, Museo del Prado;0;3;3;;;
17798;ia_3708;Explora Madrid en 90 minutos con un local;Madrid;Arte y Cultura;Tour panorámico en bus, histórico/arquitectura, Palacio Real, Salón del Trono, Stradivarius, colección real;0;3;3;;;
17799;ia_3709;Explora Malasaña con un local;Madrid;Arte y Cultura;Excursión / day trip, El Escorial, biblioteca renacentista, panteón de reyes;0;3;3;;;
17793;ia_3699;Explorando Madrid – Tour familiar a pie;Madrid;Arte y Cultura;Plaza Mayor (plaza histórica), Plaza Mayor, Puerta del Sol, Madrid familiar;0;3;3;;;
17794;ia_3700;Explore el Museo de Arte Reina Sofía: visita guiada privada de 2,5 horas;Madrid;Arte y Cultura;Museo de arte moderno / contemporáneo, Picasso, Guernica, Dalí, Miró, Museo Reina Sofía;0;3;3;;;
18264;ia_4422;Expo imperdible en Madrid (sin nombre especificado);Madrid;Arte y Cultura;Museo / galería (general), Arte emergente, instalaciones efímeras;0;3;3;;;
18263;ia_4421;Exposición 'Flamboyant' – Joana Vasconcelos;Madrid;Arte y Cultura;Museo de arte contemporáneo, Instalaciones contemporáneas monumentales;0;3;3;;;
4437;exposicion_de_vampiros_en_caixa_forum_barcelona;Exposición de vampiros en Caixa Forum Barcelona;Barcelona;Qué ver;Museos;0;4;4;40122;40126;39881,39882,39883,40123,40124,40125
5705;exposicion_frida_kahlo;Exposición Frida Kahlo;Madrid;Ocio y eventos;Exposiciones, Pintura;1;3;3;;;
18259;ia_4417;Exposición gratuita en Madrid (nombre no especificado);Madrid;Arte y Cultura;Museo de arte contemporáneo, Arte emergente contemporáneo;0;3;3;;;
16953;ia_2725;Exposición The Witcher (Fundación Telefónica);Madrid;Eventos;Museos y Exposiciones;0;3;3;;;
3118;extravirgen_olive_oil_store;Extravirgen Olive Oil Store;Málaga;Compras;Tiendas, Marcas y Productos Locales, Gastronomía;0;4;4;20381;20380;20379
5493;extreme_barcelona;Extreme Barcelona;Barcelona;Qué ver, Ocio y eventos;Parques, Cool Places, Experiencias y actividades;0;4;4;48655;48659;48656,48657,48658,48660
17545;ia_3366;Fabergé Watches;Madrid;Compras;"Joyería y relojería de lujo, Joyas históricas; Huevos icónicos; Relojes artísticos";0;3;3;;;
199;fabrica_maravillas_;Fábrica Maravillas ;Madrid;Fiesta, Compras;Bares de copas, Marcas y Productos Locales, Gatronomía, Otro, Gastronomía;0;4;4;18053;18054;18055
5113;fabrica_moritz_;Fábrica Moritz ;Barcelona;Restaurantes;Dog Friendly;0;4;4;45972;45973;45971,45974,45975,45976,45977,45978,45979,45980
126;fabrik;Fabrik;Madrid;Fiesta;Discotecas, Electrónica, Comercial;0;4;4;16178;16179;16180,16182,16184,16185
16626;ia_2348;Factory Air-Show Girls Discoteca — Factory Air - Sala & Hotel;Madrid;Nightlife;Club de espectáculos;0;3;3;;;
5162;fairmont__maldives;Fairmont, Maldives;Filipinas;Alojamiento;Hoteles;0;4;4;46388;46387;46386,46389,46390,46391,46392,46393,46394,46395
5908;fanatico;Fanático;Madrid;Restaurantes;Trendy;0;4;4;49806;49804;49784,49791,49805,49807
5405;fanatico_madrid;Fanatico Madrid;Madrid;Restaurantes;Top, Trendy, Restaurantes;0;3;3;;;48393,48394,48395,48396,48397,48398,48399,48400,48401,48402
5148;fangweng;Fangweng;Filipinas;Restaurantes;Trendy;0;4;4;46230;46229;46227,46228,46231,46232,46233,46234,46235,46236
18700;ia_5013;Fantasmas de Madrid: Exploración Juego y Tour;Madrid;Experiencias Unicas;Tour guiado (general) · Grupo;0;1;1;73976;73974;73975
18937;ia_5276;Fantasmas de Madrid: Exploración Juego y Tour;Madrid;Experiencias Unicas;Tour guiado (general);0;1;1;;;
16714;ia_2469;Far Home Bernabeu;Madrid;Alojamiento;hostel, Wi‑Fi, ambiente social;0;3;3;;;
213;far_home_hostel_atocha;Far Home Hostel Atocha;Madrid;Alojamiento;Low cost;0;4;4;16578;16579;16580,16581,16582
3278;faro_a_colon;Faro a Colón;Santo Domingo;Qué ver;Museos, Cool Places;0;4;4;21446;21447;21440,21441,21442,21443,21444,21445,21448,21449
17342;ia_3163;Farrutx;Madrid;Compras;"Calzado y zapatillas, Calzado artesanal; Estilo mediterráneo; Calidad balear";0;3;3;;;
17347;ia_3168;Farrutx;Madrid;Compras;"Calzado y zapatillas, Calzado artesanal; Estilo mediterráneo; Calidad balear";0;3;3;;;
239;fashion_week_madrid_;Fashion week Madrid ;Madrid;Ocio y eventos;Ferias;0;4;4;15594;15595;
15469;ia_1055;Fatoush;Madrid;Restaurantes;"Libanesa, Meze; Shawarma; Postres árabes";0;3;3;;;
15731;ia_1325;Fatoush;Madrid;Restaurantes;Libanesa, Cocina libanesa, Platos saludables;0;3;3;;;
302;faunia_;Faunia ;Madrid;Ocio y eventos;Parques Temáticos;0;4;4;17601;17602;17603,17604
17472;ia_3293;Favre-Leuba;Madrid;Compras;"Joyería y relojería de lujo, Alta relojería suiza; Relojes deportivos; Diseño histórico";0;3;3;;;
5024;fayer__madrid;FAYER  Madrid;Madrid;Restaurantes;Con terraza;1;4;4;44940;44941;44942,44943,44944,44945,44946,44947,44948,44949
5921;feast_of_the_epiphany;Feast of the Epiphany;Ibiza;Fiesta;Festivales;0;4;3;49846;49841;49842,49843,49844,49845
16421;federal_cafe;Federal Café;Madrid;Restaurantes;Australiana;0;4;4;74488;74487;74489,74490,74491,74492
738;feel_flow_design;Feel Flow Design;Madrid;Compras;Marcas y Productos Locales;0;4;4;17636;17637;
3257;feel_hostels_city_center;Feel Hostels City Center;Málaga;Alojamiento;Low cost;0;1;3;21276;21274;21271,21272,21273,21275,21277,21278,21279,21280
17660;ia_3489;Félix Deportes;Madrid;Compras;Tiendas de deporte, Venta de artículos deportivos, asesoramiento técnico;0;3;3;;;
590;fellina_madrid;Fellina ;Madrid;Restaurantes;Trendy, Italiano, Restaurantes, Restaurant & Club;0;4;4;15937;15938;15939,15941,15942,15943,15944,15945
17518;ia_3339;Fendi Watches;Madrid;Compras;"Joyería y relojería de lujo, Moda italiana; Diseño de lujo; Innovación creativa";0;3;3;;;
3754;feria_de_santiago_y_santa_ana_torre_del_mar_;Feria de Santiago y Santa Ana Torre del Mar ;Málaga;Fiesta;Fiesta de barrios;0;4;4;24419;24420;24421
715;feria_del_libro;Feria del Libro;Madrid;Ocio y eventos;Ferias;0;4;4;15872;15873;15874
1245;feria_internacional_del_juego;Feria Internacional del Juego;Madrid;Ocio y eventos;Ferias;0;4;3;16383;16384;16385,16386
221;feria_medieval_-_buitrago_de_lozoya;Feria Medieval - Buitrago de Lozoya;Madrid;Ocio y eventos;Mercados;0;4;4;18259;18260;
1211;feria_mercado_de_artesania;Feria Mercado de Artesanía;Madrid;Ocio y eventos;Ferias, Mercados;0;4;3;14731;14732;14733,14735,14736
3518;feria_y_fiestas_de_pedro_romero;Feria y Fiestas de Pedro Romero;Ronda;Fiesta;Festivales y Fiestas Populares;1;4;4;25554;25553;25552
15150;ia_734;Ferreiro La Florida;Madrid;Restaurantes;Internacional, Fabada asturiana | Cachopo | Verdinas con marisco;0;3;3;;;
18527;ia_5720;Fertility Clinic URH — URH GARCIA DEL REAL;Madrid;Wellness;Clínica de fertilidad;0;1;1;;;
113;festimad;Festimad;Madrid;Fiesta;Festivales, Rock;0;4;4;16680;16681;
3030;festival_3_culturas;Festival 3 Culturas;Málaga;Fiesta;Festivales, Fiesta de barrios;0;4;4;20145;20144;
5635;festival_alameda;Festival Alameda;Málaga;Ocio y eventos;Conciertos;0;3;3;49238;49237;
16678;ia_2431;Festival Arriquiñam;Madrid;Nightlife;Music Festival, Latin / Afrobeat / Electronic;0;3;3;;;
3862;festival_cante_grande;Festival Cante Grande;Ronda;Fiesta;Festivales y Fiestas Populares;1;4;4;25559;25562;25561
1875;festival_de_cine;Festival de Cine;Málaga;Fiesta;Festivales;0;4;4;19611;19612;19610
5470;festival_de_cine_malaga;Festival de Cine Malaga;Málaga;Ocio y eventos;Cines y Teatros, Exposiciones, Espectáculos;0;4;4;;;48544,48545,48546,48547,48548,48549,48550,48551,48552,48553
1198;festival_de_otono:_masacre_en_nebraska;Festival de Otoño: Masacre en Nebraska;Madrid;Ocio y eventos;Espectáculos;0;3;3;17638;17639;17640,17641
17023;ia_2843;Festival Visibles;Madrid;Eventos;Festival cultural;0;3;3;;;
4264;feten_club_clandestino;Fetén Club Clandestino;Madrid;Restaurantes, Ocio y eventos;Top, Experiencias y actividades, Más de 18, Español, Americano, Bares y Pubs, Indoor, Ocio, Gastronomía, Deporte, Otro;0;4;4;36482;36489;36481,36483,36484,36485,36486,36487,36488
15387;ia_972;FIDELIO Cocina y Coctelería Peruana;Madrid;Restaurantes;Peruana, Ceviche, Tiraditos, Anticuchos;0;3;3;;;
232;fiesta_de_la_virgen_de_los_remedios;Fiesta de la Virgen de los Remedios;Madrid;Fiesta;Fiesta de barrios;0;4;4;16893;16894;
5918;fiesta_del_agua;Fiesta del Agua;Madrid;Fiesta;Discotecas, Zonas de fiesta;0;4;3;49833;49830;49829,49831,49834
229;fiestas_cristo_de_los_remedios;Fiestas Cristo de los Remedios;Madrid;Fiesta;Fiesta de barrios;0;4;4;17672;17673;
1812;fiestas_de_gràcia;Fiestas de Gràcia;Barcelona;Fiesta;Fiesta de barrios;0;4;4;19214;19210;19208,19209,19211,19212,19213
1810;fiestas_de_la_merce;Fiestas de la Mercé;Barcelona;Fiesta;Zonas de fiesta;0;4;4;19183;19184;19181,19182,19185
226;fiestas_de_la_paloma;Fiestas de la Paloma;Madrid;Fiesta;Fiesta de barrios;0;4;4;17592;17593;17594
231;fiestas_de_la_virgen_de_la_soledad;Fiestas de la Virgen de la Soledad;Madrid;Fiesta;Fiesta de barrios;0;4;4;15790;15791;
3028;fiestas_de_la_virgen_del_carmen_;Fiestas de la Virgen del Carmen ;Málaga;Fiesta;Fiesta de barrios;0;4;4;20067;20070;20068,20069
233;fiestas_de_nuestra_senora_de_los_angeles;Fiestas de Nuestra Señora de Los Ángeles;Madrid;Fiesta;Fiesta de barrios;0;4;4;17179;17180;17181
227;fiestas_de_san_cayetano;Fiestas de San Cayetano;Madrid;Fiesta;Fiesta de barrios;0;4;4;16015;16016;16017
219;fiestas_de_san_isidro;Fiestas de San Isidro;Madrid;Fiesta, Ocio y eventos;Fiesta de barrios;0;4;4;15715;15716;15718
230;fiestas_del_cristo_de_los_remedios;Fiestas del Cristo de los Remedios;Madrid;Fiesta;Fiesta de barrios;0;4;4;18275;18276;
1814;fiestas_del_raval;Fiestas del Raval;Barcelona;Fiesta;Fiesta de barrios;1;4;4;19221;19220;19222,19223,19224,19225
5759;fiestas_diurnas_-_'after_brunch';Fiestas diurnas - 'After Brunch';Madrid;Fiesta;Zonas de fiesta;0;4;4;49415;;49418,49419,49420,49421
236;fiestas_nuestra_sra._de_la_asuncion;Fiestas Nuestra Sra. de la Asunción;Madrid;Fiesta;Fiesta de barrios;0;4;4;14554;14555;
14516;ia_76;FINA CATALINA;Madrid;Restaurantes;Española / Madrileña, Cocina Madrileña, Tapas, Tradicional;0;3;3;;;
15255;ia_840;Finca Bandida;Madrid;Restaurantes;Española, Carnes, Pescados, Tapas;0;3;3;;;
3454;finca_la_donaira;Finca La Donaira;Ronda;Alojamiento, Experiencias y Actividades;Villas, Experiencias y Actividades, Wifi, Estética, Restaurante, Bar, Spa, Concierge;0;4;4;22391;22392;22386,22387,22388,22389,22390,22393,22394
4321;finca_la_montana;Finca La Montaña;Aranjuez;Ocio y eventos;Experiencias y actividades, Ocio, Gastronomía;0;4;4;36982;36983;36984,36985,36986,36987,36988,36989,36990,36991
5315;finca_la_ribera;Finca La Ribera;Aranjuez;Ocio y eventos;Experiencias y actividades;0;3;3;;;47921,47922,47923,47924,47925,47926,47927,47928,47929,47930
16982;ia_2801;Finca Las Jarillas;Madrid;Eventos;Finca / espacio para eventos;0;3;3;;;
14786;ia_355;Fisher's Madrid;Madrid;Restaurantes;Internacional, Mexicana, Pescados, Mariscos;0;3;3;;;
3943;fishing_lodge_cap_cana;Fishing Lodge Cap Cana;Punta Cana;Alojamiento;Apartamentos;0;4;4;28506;28505;28504,28507,28508,28509,28510,28511,28512,28513
16379;ia_1998;Fit & Go;Madrid;Restaurantes;"Healthy, Bowls; Smoothies";0;3;3;;;
18643;ia_5846;Fit Avenue S.L.;Madrid;Deportes;Fitness;0;1;1;73345;73344;
16289;ia_1908;Fit Corner;Madrid;Restaurantes;"Healthy, Bowls; Smoothies";0;3;3;;;
16229;ia_1848;Fit Garden;Madrid;Restaurantes;"Healthy, Bowls; Smoothies";0;3;3;;;
16319;ia_1938;Fit Kitchen;Madrid;Restaurantes;"Healthy, Bowls; Wraps";0;3;3;;;
241;fitur;Fitur;Madrid;Ocio y eventos;Ferias;1;4;4;16124;16125;16126,16127
16550;ia_2260;Flama Burgers by BNET;Madrid;Restaurantes;Americana (Burgers), Hamburguesería / Fast‑Casual (delivery);0;3;3;;;
16412;ia_2053;Flamago;Madrid;Restaurantes;Internacional, Parrillada/BBQ;0;3;3;;;
17560;ia_3381;Flamago Ibéricos;Madrid;Compras;Food and gourmet shopping, Packs regalo & envío a domicilio;0;3;3;;;
17571;ia_3393;Flamago Ibéricos;Madrid;Compras;Packs regalo & envío a domicilio, Food‑gourmet shopping;0;3;3;;;
17575;ia_3398;Flamago Ibéricos;Madrid;Compras;Tienda gourmet ibérica, Catering, loncheado, packs regalo y envíos;0;3;3;;;
3500;flamenco_;Flamenco ;Ronda;Ocio y eventos;Eventos;1;4;4;22603;22604;22601,22602
16997;ia_2816;Flamenco Essential;Madrid;Eventos;Show flamenco;0;3;3;;;
17052;ia_2872;FLAMENCO Las Tablas — Tablao Flamenco Las Tablas;Madrid;Eventos;Tablao flamenco;0;3;3;;;
16897;ia_2666;Flamenco Show at La Manuela - An Intimate Experience;Madrid;Eventos;Espectáculo flamenco en tablao;0;3;3;;;
887;flavia_madrid;Flavia Madrid;Madrid;Restaurantes;Tradicionales, Restaurant & Club;0;4;4;17122;17123;17124,17125,17126,17127
15410;ia_995;Flavia Madrid | Serrano;Madrid;Restaurantes;Italiana, Pasta, Pizzas, Vinos;0;3;3;;;
3516;flavio_acuna_spa_natural_center;Flavio Acuna Spa Natural Center;Punta Cana;Compras;Para ti;0;4;4;22743;22747;22742,22744,22746,22748,22749,22750,22751
19186;ia_5550;Flavours of Madrid;Madrid;Experiencias Unicas;Tour guiado (general);0;1;1;73977;73978;
3549;flaxykale_passage;Flax&Kale passage;Barcelona;Restaurantes;Top, Japonés, Pizza, Restaurantes, Celiacos ;0;4;4;22902;22903;22904
1757;flexykale_passage;FLEX&KALE PASSAGE;Barcelona;Restaurantes;Trendy, Vegetariano, Restaurantes;0;4;4;18821;18819;18820,18822
17499;ia_3320;Flik Flak;Madrid;Compras;"Joyerías y relojerías, Relojes para niños; Alta resistencia; Diseño educativo";0;3;3;;;
14907;ia_486;Flor y Nata;Madrid;Restaurantes;Española, Desayunos, Menú diario;0;3;3;;;
751;florea;Florea;Madrid;Compras;Marcas y Productos Locales, Decoración;0;4;4;17427;17428;
17130;ia_2950;Flores y Plantas;Madrid;Compras;"Floristerías y plantas, Floristería de barrio; Ramos creativos; Plantas frescas";0;3;3;;;
17132;ia_2952;Flores y Plantas Moreno;Madrid;Compras;"Floristerías y plantas, Floristería tradicional; Plantas variadas; Arreglos florales personalizados";0;3;3;;;
17117;ia_2937;Florida Garden;Madrid;Compras;"Floristerías y plantas, Decoración de jardín; Muebles de exterior; Proyectos personalizados de paisajismo";0;3;3;;;
16667;ia_2389;Florida Park;Madrid;Nightlife;Club restaurante, Pop, Jazz, Electrónica;0;3;3;;;
15846;ia_1440;Florida Park;Madrid;Restaurantes;Mediterranea, Cocina mediterránea, Platos creativos;0;3;3;;;
137;florida_park_retiro;Florida Park Retiro;Madrid;Fiesta, Restaurantes;Bares de copas, Salas de concierto, Restaurant & Club;0;4;4;14794;14793;14792,14796,14797,14798,14799,14800,14801
16674;ia_2396;Florida Retiro;Madrid;Nightlife;Club restaurante, Pop, Jazz, Electrónica;0;3;3;;;
17131;ia_2951;FLORIDEA;Madrid;Compras;"Floristerías y plantas, Diseño floral exclusivo; Ramos personalizados; Decoración para eventos";0;3;3;;;
17135;ia_2955;Floristeria Jardin;Madrid;Compras;"Floristerías y plantas, Floristería de barrio; Ramos creativos; Plantas frescas";0;3;3;;;
17120;ia_2940;floristeria y plantas la enrollada;Madrid;Compras;"Floristerías y plantas, Plantas naturales; Ramos creativos; Servicio de decoración";0;3;3;;;
15623;ia_1216;Flower Burger;Madrid;Restaurantes;Vegana / Fast food, Hamburguesas / Guarniciones veganas;0;3;3;;;
679;fly_art_trapecio_volante;Fly Art Trapecio volante;Madrid;Ocio y eventos;Experiencias y actividades;0;4;4;15478;15479;
18938;ia_5277;Flying dress Photoshoot in Madrid;Madrid;Experiencias Unicas;Taller/Sesión de fotografía;0;1;1;;;
18701;ia_5014;Flying dress Photoshoot in Madrid ;Madrid;Experiencias Unicas;Tour/experiencia (general);0;1;1;;;
17448;ia_3269;Fonderie 47;Madrid;Compras;"Joyería y relojería de lujo, Relojes con historia; Diseño exclusivo; Producción limitada";0;3;3;;;
359;fonty;Fonty;Madrid;Restaurantes;Trendy, Restaurantes, Pastelerias y Panaderias;0;4;4;15179;15180;15181,15182,15183,15184
17004;ia_2824;Food Truck España;Madrid;Eventos;Food trucks y catering;0;3;3;;;
595;foot_district;Foot District;Madrid;Compras;Tiendas, Moda, Moda;0;4;4;14453;14454;14455,14456,14457
5237;formaje;Formaje;Madrid;Compras;Tiendas;0;4;4;47311;47310;47309,47312,47313,47314,47315,47316,47317,47318
5410;formula_gt_experience;Formula GT Experience;Madrid;Ocio y eventos;Experiencias y actividades, Ocio, Deporte;0;4;4;48485;48490;48459,48460,48461,48462,48463,48464,48465,48466,48467,48468,48486,48491
3629;fortaleza_ozama;Fortaleza Ozama;Santo Domingo;Qué ver;Parques;0;4;4;23383;23387;23384,23385,23386,23388,23389,23390,23391
17478;ia_3299;Fortis;Madrid;Compras;"Joyería y relojería de lujo, Relojes de aviación; Tradición suiza; Innovación mecánica";0;3;3;;;
1503;fortuny;Fortuny;Madrid;Fiesta, Restaurantes;Discotecas, Bares de copas, Top, Trendy, Restaurantes;1;4;3;;;
1506;fortuny_;Fortuny ;Madrid;Fiesta, Restaurantes;Discotecas, Bares de copas, Top, Trendy, Español, Japonés, Mediterranea, Fusión, Restaurantes, Bares y Pubs;0;4;4;36472;36469;12991,12992,12993,36468,36470,36471
17506;ia_3327;Fossil Watches;Madrid;Compras;"Joyerías y relojerías, Moda asequible; Relojes modernos; Diseños globales";0;3;3;;;
18939;ia_5278;Foto de luna de miel en Madrid;Madrid;Experiencias Unicas;Taller/Sesión de fotografía;0;1;1;;;
18702;ia_5015;Foto de luna de miel en Madrid;Madrid;Experiencias Unicas;Tour/experiencia (general);0;1;1;73979;73980;
18703;ia_5016;Fotógrafo de alquiler, sesión de fotos profesional - Madrid;Madrid;Experiencias Unicas;Food tour / Ruta de tapas;0;1;1;73983;73981;73982
18940;ia_5279;Fotógrafo de alquiler, sesión de fotos profesional - Madrid;Madrid;Experiencias Unicas;Taller/Sesión de fotografía;0;1;1;;;
18983;ia_5331;Fotógrafo de vacaciones en madrid;Madrid;Experiencias Unicas;Taller/Sesión de fotografía;0;1;1;73986;73984;73985
18736;ia_5058;Fotógrafo de vacaciones en madrid;Madrid;Experiencias Unicas;Clase/Taller de baile;0;1;1;;;
18737;ia_5059;Fotógrafo de vacaciones. Sesión de fotos de Madrid. ¡Llévate a casa algo más que una selfie!;Madrid;Experiencias Unicas;Food tour / Ruta de tapas;0;1;1;;;
18984;ia_5332;Fotógrafo de vacaciones. Sesión de fotos de Madrid. ¡Llévate a casa algo más que una selfie!;Madrid;Experiencias Unicas;Taller/Sesión de fotografía;0;1;1;;;
5642;fotos_de_prensa_mundial;Fotos de Prensa Mundial;Barcelona;Ocio y eventos;Exposiciones, Fotografía;0;3;3;;;
1336;four_points;Four Points;Punta Cana;Alojamiento;Hoteles;0;4;4;17945;17946;17947,17948,17949,17950,17951,17952
19250;ia_5626;Fox in a Box + Spoiler Bar;Madrid;Experiencias Unicas;Experiencia inmersiva / VR / museo interactivo;0;1;1;73989;73988;73987
5156;foxglove__hong_kong;Foxglove, Hong Kong;Filipinas;Fiesta;Discotecas;0;4;4;46321;46320;46316,46317,46318,46319,46322,46323,46324,46325
17655;ia_3484;FRAME Studio Architects;Madrid;Compras;Estudios de arquitectura e interiorismo, Arquitectura, interiorismo, reformas;0;3;3;;;
17393;ia_3214;Franck Muller;Madrid;Compras;"Joyería y relojería de lujo, Complicaciones relojeras; Diseños únicos; Alta relojería";0;3;3;;;
5161;frank's_bar__buenos_aires;Frank's Bar, Buenos Aires;Filipinas;Fiesta;Bares de copas;0;4;4;46377;46380;46376,46378,46379,46381,46382,46383,46384,46385
4048;frankfurt_aranjuez;Frankfurt Aranjuez;Aranjuez;Restaurantes;Tradicionales;0;4;4;31492;31427;31490,31491
15066;ia_650;Fratelli D'Italia - Retiro;Madrid;Restaurantes;Pizza, Internacional;0;3;3;;;
15531;ia_1118;Freaks Burger Gabriel Lobo;Madrid;Restaurantes;Americana, Hamburguesas;0;3;3;;;
4770;fred_perry_madrid_;Fred Perry Madrid ;Madrid;Compras;Tiendas, Para ti;0;3;3;43736;43733;43729,43730,43731,43732,43734,43735,43737,43738
657;free_tour;Free Tour;Madrid;Ocio y eventos;Experiencias y actividades;0;4;4;16257;16258;16259
17782;ia_3677;Free Tour de 2 horas por el Madrid antiguo;Madrid;Arte y Cultura;Tour histórico/arquitectura, Museo del Chocolate, dulces, tradición artesanal;0;3;3;;;
17019;ia_2839;Free Walking Tours Madrid — Madrid a Pie;Madrid;Eventos;Tour guiado a pie;0;3;3;;;
16211;ia_1830;Freedom Burger;Madrid;Restaurantes;"Americana, Hamburguesas; Costillas BBQ";0;3;3;;;
1005;freiduria_de_gallinejas_;Freiduría de Gallinejas ;Madrid;Restaurantes;Tradicionales, Español, Restaurantes;0;4;4;16682;16683;16684
16219;ia_1838;Fresh & Co.;Madrid;Restaurantes;"Healthy, Wraps; Ensaladas";0;3;3;;;
16264;ia_1883;Fresh & Fit;Madrid;Restaurantes;"Healthy, Ensaladas; Wraps";0;3;3;;;
16244;ia_1863;Fresh Corner;Madrid;Restaurantes;"Healthy, Bowls; Smoothies";0;3;3;;;
16339;ia_1958;Fresh Corner;Madrid;Restaurantes;"Healthy, Bowls; Smoothies";0;3;3;;;
16374;ia_1993;Fresh Corner;Madrid;Restaurantes;"Healthy, Bowls; Smoothies";0;3;3;;;
16329;ia_1948;Fresh Mood;Madrid;Restaurantes;"Healthy, Bowls; Smoothies";0;3;3;;;
17166;ia_2986;Freshis;Madrid;Compras;"Fruterías y verdulerías, Tienda saludable; Productos frescos; Servicio a domicilio";0;3;3;;;
17303;ia_3124;Frev Boutique;Madrid;Compras;"Ropa y accesorios, Boutique femenina; Moda elegante; Atención personalizada";0;3;3;74216;74217;74214,74215
14540;ia_14;Frida;Madrid;Restaurantes;Internacional, Cocina Internacional, Tapas;0;3;3;;;
5761;frida_kahlo;Frida Kahlo;Madrid;Ocio y eventos;Exposiciones, Fotografía;0;4;4;49410;;49431,49432,49433
3026;frigiliana;Frigiliana;Málaga;Qué ver;Escapadas;0;4;4;20041;20040;20042
1481;friking;Friking;Madrid;Compras;Tiendas, Moda, Coleccionista, Moda;0;4;4;11967;11970;11965,11966,11968,11969
525;frinsa_la_conservera;Frinsa La Conservera;Madrid;Compras;Tiendas;0;4;4;15538;15539;15540,15541,15542,15543
17656;ia_3485;FRPO Rodríguez & Oriol Arquitectos;Madrid;Compras;Estudios de arquitectura e interiorismo, Diseño arquitectónico, proyectos internacionales;0;3;3;;;
17252;ia_3072;Frut Natura - Cafetería (Especializados en Zumos-Batidos);Madrid;Compras;"Fruterías y verdulerías, Cafetería saludable; Zumos y batidos; Ambiente fresco";0;3;3;;;
17250;ia_3070;Fruta en casa Barceló;Madrid;Compras;"Fruterías y verdulerías, Frutería local; Productos frescos; Servicio a domicilio";0;3;3;;;
17258;ia_3078;Frutas Mariano;Madrid;Compras;"Fruterías y verdulerías, Frutería tradicional; Productos frescos; Atención cercana";0;3;3;;;
17261;ia_3081;Frutas Prohibidas;Madrid;Compras;"Fruterías y verdulerías, Frutería moderna; Frutas exóticas; Ambiente innovador";0;3;3;;;
17264;ia_3084;Frutas Tropical;Madrid;Compras;"Fruterías y verdulerías, Frutería especializada; Frutas exóticas; Frescura diaria";0;3;3;;;
17146;ia_2966;Frutas Vidal. Tienda wasap +652064200;Madrid;Compras;"Fruterías y verdulerías, Frutas frescas; Verduras de temporada; Encargos por WhatsApp";0;3;3;;;
17249;ia_3069;Frutería vitaminas;Madrid;Compras;"Fruterías y verdulerías, Frutas frescas; Zumos naturales; Atención cercana";0;3;3;;;
17247;ia_3067;Fruy San;Madrid;Compras;"Tatuajes y piercings, Estudio de tatuajes; Estilo exclusivo; Atención personalizada";0;3;3;;;
16657;ia_2379;Fucking Monday Madrid;Madrid;Nightlife;Fiesta universitaria;0;3;3;;;
15138;ia_722;Fuego Steak House;Madrid;Restaurantes;Internacional, Parrillada/BBQ;0;3;3;;;
15148;ia_732;Fuego y Sabor;Madrid;Restaurantes;Peruana, Pollo a la brasa | Ají de gallina | Ceviche;0;3;3;;;
3018;fuente_de_hercules_y_anteo;Fuente de Hércules y Anteo;Aranjuez;Qué ver;Arquitectura: museos, plazas y monumentos;0;4;4;49201;49195;20000,20009,49193,49194,49197,49198,49199,49200,49202
4089;fuente_de_la_mariblanca;Fuente de la Mariblanca;Aranjuez;Qué ver;Arquitectura: museos, plazas y monumentos;0;4;4;33803;33806;33804,33805,33807,33808,33809,33810,33812
3439;fuente_dulce;Fuente Dulce;Ronda;Alojamiento;Camping y Casa rural;0;4;4;44602;22239;44601,44603
16045;ia_1664;Fuentearcos;Madrid;Restaurantes;"Española, Cocina Clásica; Banquetes; Menú Degustación";0;3;3;;;
16054;ia_1673;Fuentearcos;Madrid;Restaurantes;Española;0;3;3;;;
15593;ia_1184;Fuku;Madrid;Restaurantes;Japonesa / Fusión, Sushi / Creativa / Cocina asiática;0;3;3;;;
1734;fun_aquatic:_crucero_en_catamaranyaquapark;Fun Aquatic: Crucero en Catamarán&Aquapark;Punta Cana;Ocio y eventos;Experiencias y actividades;0;4;4;18690;18691;18692
5287;fun_park;Fun Park;Filipinas;;;0;1;3;;;
1430;funciona_ahora;funciona ahora;Madrid;Alojamiento;Hoteles;1;3;3;;10961;
828;fundacion_botin;Fundación Botín;Madrid;Qué ver;Arquitectura;0;4;4;15668;15669;
18315;ia_4363;Fundación Canal;Madrid;Arte y Cultura;Centro cultural / sala de exposiciones, arte moderno y contemporáneo, exposiciones internacionales, talleres familiares, Exposiciones de Picasso, Sorolla, Frida Kahlo;0;1;1;73627;73625;
18291;ia_4339;Fundación Canal – Sala Castellana 214;Madrid;Arte y Cultura;Centro cultural / sala de exposiciones, arte contemporáneo / museografía expositiva, exposiciones tematizadas en espacio singular, Exposiciones temporales;0;1;1;73622;73619;
823;fundacion_giner_de_los_rios;Fundación Giner de los Rios;Madrid;Qué ver;Arquitectura;0;4;4;14315;14316;14317
17762;ia_3638;Fundación MAPFRE Madrid - Sala Recoletos: Entrada;Madrid;Arte y Cultura;Centro cultural / sala de exposiciones, Museo del Automóvil, coches clásicos, vehículos históricos;0;3;3;;;
18258;ia_4416;Fundación MAPFRE – Recoletos;Madrid;Arte y Cultura;Centro cultural / sala de exposiciones, Fotografía, pintura, escultura;0;3;3;;;
14942;ia_524;Fuori Mercato;Madrid;Restaurantes;Italiana, Pastas, Pizzas;0;3;3;;;
18604;ia_5807;Fútbol In Events;Madrid;Deportes;Fútbol;0;1;1;73340;73342;
132;gabana_club;Gabana Club;Madrid;Fiesta;Discotecas;0;4;4;;;74117,74118,74119,74120,74121
16618;ia_2340;Gabana Music Club;Madrid;Nightlife;Club premium;0;3;3;;;
18504;gabinete_studio_tattoos;Gabinete Studio Tattoos;Madrid;Wellness;Estudio de tatuajes;0;4;4;;;73745,73746,73747,73748,73749
15812;ia_1406;Gabri;Madrid;Restaurantes;Internacional, Platos internacionales, Tapas;0;3;3;;;
1452;gafa_vintage;Gafa Vintage;Madrid;Compras;Tiendas;1;4;1;11054;;11049,11050,11051,11052,11053,11055
5890;galeota_tourism;Galeota Tourism;Ronda;;;0;1;3;;;
5898;galeota_tourism_1;Galeota tourism 1;Ronda;;;0;1;3;;;
3908;galeria_a34;Galería A34;Barcelona;Compras;Galerías de arte;0;4;4;26864;26862;
4304;galeria_alfajar;Galeria Alfajar;Málaga;Ocio y eventos;Exposiciones, Escultura, Otro;1;3;3;;;
18303;ia_4351;Galería Álvaro Alcázar;Madrid;Arte y Cultura;Museo de arte contemporáneo, pintura y escultura contemporánea, obras de gran formato, catálogos curatoriales, Blanca Muñoz, Hugo Fontela, Carlos Evangelista;0;1;1;73589;73588;
18299;ia_4347;Galería BAT Alberto Cornejo;Madrid;Arte y Cultura;Museo de arte contemporáneo, Arte contemporáneo, ediciones gráficas y ferias internacionales, Obras de pintura, escultura y obra gráfica;0;1;1;73616;73617;
18304;ia_4352;Galería Canalejas;Madrid;Arte y Cultura;Museo de arte contemporáneo, arte contemporáneo / diseño, eventos culturales, exposiciones temporales, Exposiciones temporales de arte y moda;0;1;1;73612;73611;
17608;ia_3437;Galería Comercial Concept Store;Madrid;Compras;Concept Stores, Eventos, exposiciones, venta de arte;0;3;3;;;
17617;ia_3446;Galería de Alimentación Valle Inclán;Madrid;Compras;Mercados de abastos, Tapas, catas, producto fresco;0;3;3;;;
17613;ia_3442;Galería de Alimentación Villaviciosa;Madrid;Compras;Mercados de abastos, Atención personalizada, productos frescos;0;3;3;;;
17763;ia_3639;Galería de las Colecciones Reales con opción visita Palacio Real;Madrid;Arte y Cultura;Museo de historia, Museo de la Imprenta, tipografía, prensa histórica;0;3;3;;;
17764;galeria_de_las_colecciones_reales_de_madrid:_entrada_+_guia_cultural_digital;Galería de las Colecciones Reales de Madrid: Entrada + Guía cultural digital;Madrid;Arte y Cultura;Museo / galería (general), Museo Textil, telares, moda histórica;0;4;4;;;74501,74502,74503
17765;ia_3641;Galería de las Colecciones Reales: Entrada + Tour guiado;Madrid;Arte y Cultura;Museo / galería (general), Museo del Juguete, juguetes antiguos, infancia;0;3;3;;;
479;galeria_elvira_gonzalez;Galería Elvira Gonzalez;Madrid;Compras;Galerías de arte;0;4;4;;16292;16293,16294,16295,16296
18295;ia_4343;Galería Gaudí;Madrid;Arte y Cultura;Museo de arte contemporáneo, Arte contemporáneo, exposiciones temáticas rotativas, Exposiciones temporales de pintura y fotografía;0;1;1;73610;73607;
18319;ia_4367;Galería Guillermo de Osma;Madrid;Arte y Cultura;Excursión / day trip, arte moderno y vanguardias, exposiciones temáticas de vanguardias, Dalí, Miró, Tàpies, Chillida, Juan Gris;0;1;1;73603;73604;
474;galeria_heinrich_ehrhardt;Galería Heinrich Ehrhardt;Madrid;Compras;Galerías de arte, Decoración;0;4;4;17778;17779;17780
483;galeria_helga_de_alvear;Galería Helga de Alvear;Madrid;Compras;Galerías de arte;0;4;4;16524;16525;16526
481;galeria_juana_de_aizpuru;Galería Juana de Aizpuru;Madrid;Compras;Galerías de arte;0;4;4;14718;14719;
18294;ia_4342;Galería La Cometa;Madrid;Arte y Cultura;Museo / galería (general), arte contemporáneo latinoamericano / español, encuentros con artistas, Artistas: Camilo Restrepo, Juan Baraja, Paloma Gámez;0;1;1;73600;73599;
18298;ia_4346;Galería Orfila;Madrid;Arte y Cultura;Museo de arte contemporáneo, arte contemporáneo español, catálogo editorial y artistas históricos, Artistas españoles contemporáneos (años 70–actualidad);0;1;1;73596;73595;
480;galeria_parra_y_romero;Galería Parra & Romero;Madrid;Compras;Galerías de arte;0;4;4;17968;17969;17970
18296;ia_4344;Galería Rafael Pérez Hernando;Madrid;Arte y Cultura;Museo de arte contemporáneo, Arte contemporáneo, formatos duo shows, encuentros con artistas, Obras de Giorgio Griffa, Claude Viallat, entre otros;0;1;1;73592;73593;
4363;galeria_taller_gravura;Galería Taller Gravura;Málaga;Ocio y eventos;Exposiciones;0;4;4;38550;38546;38542,38543,38544,38545,38547,38548,38549,38551
476;galeria_travesia_4;Galería Travesía 4;Madrid;Arte y Cultura;Galerías de arte;0;4;4;17685;17686;17687
17766;ia_3642;Galerías de arte ocultas y estudio de artista en Madrid;Madrid;Arte y Cultura;Museo de historia, Museo Naval, maquetas, navegación;0;3;3;;;
17013;ia_2833;Galileo Galilei;Madrid;Eventos;Sala de conciertos;0;3;3;;;
140;galileo_galilei;Galileo Galilei;Madrid;Fiesta;Salas de concierto;0;4;4;17191;17192;17193,17194,17195
15170;ia_754;Galipán Cuatro Caminos;Madrid;Restaurantes;Internacional, Perros calientes (venezolanos) | Tequeños | Arepas;0;3;3;;;
17654;ia_3483;Galöw Arquitectura Saludable e Interiorismo;Madrid;Compras;Estudios de arquitectura e interiorismo, Arquitectura saludable, interiorismo sostenible;0;3;3;;;
14548;ia_33;GAMAN de Luis Arévalo;Madrid;Restaurantes;Japonesa, Peruana, Nikkei, Japonesa-Peruana, Alta Cocina;0;3;3;;;
1474;gamergy;Gamergy;Madrid;Ocio y eventos;Ferias, Otro, Ocio;0;4;4;11857;11858;11853,11854,11855,11856,13497,13498,13499,13500,13501
15537;ia_1124;Gandhi Grill House;Madrid;Restaurantes;India / Tradicional, Carnes / Curry / Entrantes;0;3;3;;;
15709;ia_1303;Gangnam;Madrid;Restaurantes;Coreana, Cocina coreana, Platos asiáticos;0;3;3;;;
16501;ia_2187;Gangnam;Madrid;Restaurantes;Restaurante tradicional, Coreana / Asiática;0;3;3;;;
720;garage_sound;Garage sound;Madrid;Fiesta;Festivales, Rock, Otro;0;4;4;17288;17289;
17293;ia_3114;García Madrid;Madrid;Compras;"Ropa y accesorios, Moda masculina; Sastrería moderna; Estilo contemporáneo";0;3;3;;;
15590;ia_1181;Garelos - Galería Canalejas;Madrid;Restaurantes;Gallega / Española, Mariscos / Cocina tradicional / Alta cocina;0;3;3;;;
5314;gastrobar_almibar;Gastrobar Almibar;Aranjuez;Restaurantes;Top, Con terraza, Español, Restaurantes;0;3;3;;;47911,47912,47913,47914,47915,47916,47917,47918,47919,47920
16510;ia_2198;Gastrobar Lusitano;Madrid;Restaurantes;Portuguesa, Gastrobar;0;3;3;;;
5648;gastrofest_2022;GastroFest 2022;Madrid;Ocio y eventos;Ferias, Experiencias y actividades, Gastronomía;1;4;3;;;
1243;gastrofestival;Gastrofestival;Madrid;Ocio y eventos;Ferias;0;4;3;15194;15195;15196
18952;ia_5293;Gastronomix: recorrido gastronómico privado por de Madrid;Madrid;Experiencias Unicas;Tour guiado (general) · Privado;0;1;1;;;
18715;ia_5030;Gastronomix: recorrido gastronómico privado por de Madrid;Madrid;Experiencias Unicas;Food tour / Ruta de tapas · Privado;0;1;1;73990;73991;
14864;ia_440;GastroVía 61 – Hotel Mayorazgo;Madrid;Restaurantes;Madrileña, Comida Fusión, Cocido madrileño, Cocina de autor;0;3;3;;;
14721;ia_271;Gato Gato;Madrid;Restaurantes;Española, Tapas, Vinos;0;3;3;;;
4282;gav_holiday_apartments;Gav Holiday Apartments;Ronda;Alojamiento;Apartamentos, Wifi;1;4;4;38713;38709;38707,38708,38710,38711,38712
17162;ia_2982;Gelatería La Dolce Fina;Madrid;Compras;"Heladerías, Helados gourmet; Sabores únicos; Atención personalizada";0;3;3;;;
4459;gelateria_la_romana;Gelateria La Romana;Madrid;Restaurantes;Top, Heladerias;0;4;4;40400;40399;40364,40365,40366,40367,40368,40369,40370,40371,40372,40373,40401,40402,40403
17205;ia_3025;Gelateria La Romana dal 1947;Madrid;Compras;"Heladerías, Heladería artesanal; Recetas italianas; Sabores tradicionales";0;3;3;;;
17161;ia_2981;Gelateria La Romana dal 1947;Madrid;Compras;"Heladerías, Heladería histórica; Recetas originales; Ingredientes frescos";0;3;3;;;
17164;ia_2984;Gelateria La Romana dal 1947;Madrid;Compras;"Heladerías, Heladería histórica; Recetas originales; Ingredientes frescos";0;3;3;;;
17165;ia_2985;Gelateria La Romana dal 1947;Madrid;Compras;"Heladerías, Heladería histórica; Recetas originales; Ingredientes frescos";0;3;3;;;
17157;ia_2977;Gelati Dino;Madrid;Compras;"Heladerías, Heladería artesanal; Sabores exclusivos; Productos frescos";0;3;3;;;
17163;ia_2983;Gelati Dino;Madrid;Compras;"Heladerías, Heladería artesanal; Sabores exclusivos; Productos frescos";0;3;3;;;
18953;ia_5294;Gemas de Madrid – Tour privado a pie para parejas;Madrid;Experiencias Unicas;Walking tour · Privado;0;1;1;;;
18716;ia_5031;Gemas de Madrid – Tour privado a pie para parejas;Madrid;Experiencias Unicas;Walking tour · Privado;0;1;1;73994;73992;73993
3483;genalguacil_pueblo_museo;Genalguacil Pueblo Museo;Ronda;Qué ver;Museos;0;4;4;22553;22550;22551,22552,22554,22555,22556,22557
1484;generacion_x;Generación X;Madrid;Compras;Tiendas, Accesorios, Libros, Coleccionista, Accesorios;0;4;1;12080;;12081,12082,12083,12084,12085
3703;generator;Generator;Barcelona;Alojamiento;Apartamentos;0;4;4;29579;29580;29578,29581,29582,29583
684;generator_hostel;Generator Hostel;Madrid;Alojamiento;Low cost;0;4;4;14951;14952;14953
15153;ia_737;Genko;Madrid;Restaurantes;Internacional, Sushi | Dim sum | Bao | Curry thai;0;3;3;;;
17669;ia_3498;Gentleman The BarberShop;Madrid;Compras;Peluquerías y barberías, Cortes, afeitado, tratamientos masculinos;0;3;3;;;
17202;ia_3022;Georgánico Bio Market;Madrid;Compras;"Productos ecológicos y naturales, Supermercado ecológico; Productos orgánicos; Atención cercana";0;3;3;;;
15210;ia_795;Gerardo;Madrid;Restaurantes;Española, Platos clásicos, Tapas, Cocina casera;0;3;3;;;
19172;ia_5538;Getaways;Madrid;Experiencias Unicas;Excursión de día (Day trip);0;1;1;73995;73996;
728;getmad!;Getmad!;Madrid;Fiesta;Festivales, Rock, Otro;0;4;4;17500;17501;
5116;gigamesh_;Gigamesh ;Barcelona;Compras;Marcas y Productos Locales;0;3;3;45992;45993;45994,45996,45997,45998,45999,46000
15624;ia_1217;Gilda;Madrid;Restaurantes;Internacional / Fusión, Ensaladas / Tacos / Bowls;0;3;3;;;
17634;ia_3463;Gilgo Perfumerías;Madrid;Compras;Perfumerías y cosmética, Asesoría personalizada, promociones;0;3;3;;;
17681;ia_3510;GILMAR Promociones;Madrid;Compras;Inmobiliarias y alquiler, Venta de obra nueva, asesoría inmobiliaria, promociones;0;3;3;;;
18605;ia_5808;Gimnasio VivaGym;Madrid;Deportes;Fitness / Clases colectivas;0;1;1;73336;73337;
3182;ginyt_bar_ronda;Gin&T Bar Ronda;Ronda;Fiesta;Bares de copas y Discotecas;1;4;4;20878;20879;20880,20881,20882,20883,20884,20885
371;ginger;Ginger;Madrid;Restaurantes;Trendy, Mediterranea, Restaurantes;0;4;4;15506;15507;15508,15509,15510,15511,15512,15513
16664;ginkgo_sky_bar;Ginkgo Sky Bar;Madrid;Nightlife;Rooftop bar, Lounge, Chill;0;4;4;74748;74751;74747,74749,74750
14595;ia_130;Ginza Asian Food Hall;Madrid;Restaurantes;Asiática / Japonesa, Sushi, Dim Sum, Noodles, Cocina Asiática;0;3;3;;;
14620;ia_159;Gioia by Davide Bonato;Madrid;Restaurantes;Italiana, Pasta Fresca, Risotto, Cocina Italiana Gourmet;0;3;3;;;
1197;gipsy_kings_en_wizink;Gipsy Kings en WiZink;Madrid;Ocio y eventos;Conciertos;0;3;3;16857;16858;16859,16860,16861,16862,16863
17395;ia_3216;Girard-Perregaux;Madrid;Compras;"Joyería y relojería de lujo, Alta relojería; Cronógrafos exclusivos; Tradición artesanal";0;3;3;;;
17397;ia_3218;Glashütte Original;Madrid;Compras;"Joyería y relojería de lujo, Relojes alemanes; Tradición sajona; Innovación técnica";0;3;3;;;
16636;ia_2358;Glass Bar — Glass Bar by SIPS;Madrid;Nightlife;Coctelería de autor;0;3;3;;;
5909;glitterbox_;Glitterbox ;Ibiza;Fiesta;Discotecas, Festivales;0;4;3;49802;49798;49799,49800,49801,49803
242;global_robot_expo_;Global Robot Expo ;Madrid;Ocio y eventos;Ferias;0;3;3;16012;16013;16014
3864;globus_kon-tiki_barcelona;Globus Kon-Tiki Barcelona;Barcelona;Ocio y eventos;Experiencias y actividades;0;4;4;25666;25667;25567,25568,25569,25570,25571,25572,25573,25575,25576,25668,25669,25670
17481;ia_3302;Glycine;Madrid;Compras;"Joyería y relojería de lujo, Relojes de aviación; Tradición suiza; Innovación técnica";0;3;3;;;
17785;ia_3682;Go City: Madrid Explorer Pass;Madrid;Arte y Cultura;Excursión de un día a Chinchón, Museo del Traje, indumentaria histórica, moda contemporánea;0;3;3;;;
14804;ia_374;Go Hyang Mat;Madrid;Restaurantes;Coreana, Bibimbap, Bulgogi, Kimchi;0;3;3;;;
15127;ia_711;GOAT MADRID MALASAÑA;Madrid;Restaurantes;Internacional, Hamburguesas;0;3;3;;;
1636;god_level_2020;GOD LEVEL 2020;Madrid;Ocio y eventos;Conciertos, Espectáculos, Otro, Otro, Musical;0;3;3;18532;18534;18533
16479;ia_2162;Godeo (The Champions Burger – Royale);Madrid;Restaurantes;Americana / Gourmet, Hamburguesería artesanal;0;3;3;;;
15455;ia_1040;Godere;Madrid;Restaurantes;Mediterránea, Local Cuisine, Platos mediterráneos, Tapas frescas;0;3;3;;;
2415;goiko;Goiko;Madrid;Restaurantes;Top, Hamburguesa, Fusión, Restaurantes;0;4;4;19878;42941;19876,19877,19879,19880,19881,19882,19883,19884
1509;goiko_grill;Goiko Grill;Madrid;Restaurantes;Trendy, Español, Americano, Restaurantes, Restaurant & Shop, Streetfood, Temático;1;4;1;13148;13144;13145,13146,13147,13149,13150,13151
16121;ia_1740;Goizeko Kabi;Madrid;Restaurantes;"Vasca, Pescados; Alta Cocina Vasca";0;3;3;;;
552;gold_gourmet_;Gold Gourmet ;Madrid;Compras;Tiendas;1;4;4;17234;17235;17236,17237,17238
5153;gold_on_27;Gold on 27;Filipinas;Fiesta;Bares de copas;0;4;4;46286;46292;46287,46288,46289,46290,46291,46293,46294,46295
3757;golden_tips;Golden Tips;Málaga;Compras;Tiendas;0;4;4;24440;24445;24441,24442,24443,24444,24446,24447,24448,24449
291;golf_canal;Golf Canal;Madrid;Ocio y eventos;Experiencias y actividades;1;4;4;17767;17768;17769,17770,17771,17772,17773,17774,17775,17776,17777
16533;ia_2230;González & Co (Velázquez 87);Madrid;Restaurantes;Mexicana / Tex-Mex, Taquería / Fast-casual;0;3;3;;;
4751;gonzalez_y_gonzalez;González & González;Madrid;Compras;Tiendas, Para ti, Accesorios;0;4;4;43639;43638;43640,43641,43642,43643,43644,43645,43646,43647
641;google_campus;Google Campus;Madrid;Qué ver;Cool Places;0;4;4;16319;16320;16321
16552;ia_2262;Gottan Grill (Pop‑Up);Madrid;Restaurantes;Americana / Contemporánea, Hamburguesería / Pop‑Up;0;3;3;;;
17172;ia_2992;Gourmand's;Madrid;Compras;"Tiendas gourmet, Tienda gourmet; Selección internacional; Atención experta";0;3;3;;;
19248;ia_5623;Gourmet Golf Experience;Madrid;Experiencias Unicas;Clase/Taller (general);0;1;1;73998;73997;
561;gourmet_iberica;Gourmet Ibérica;Madrid;Compras;Tiendas, Marcas y Productos Locales, Gastronomía;0;4;4;14714;14715;14716
16099;ia_1718;Gourmet Italia;Madrid;Restaurantes;"Italiana, Lasagna; Pizza";0;3;3;;;
17175;ia_2995;Gourmet Jamonera Castellana;Madrid;Compras;"Jamones y embutidos, Tienda de jamones; Embutidos ibéricos; Productos gourmet";0;3;3;;;
19197;ia_5561;Gourmet Madrid Tours;Madrid;Experiencias Unicas;Excursión de día (Day trip) + Bodega y cata;0;1;1;74001;74000;73999
1283;gourmet_market;Gourmet Market;Punta Cana;Restaurantes;Mediterranea;0;4;4;14853;14854;14855,14856,14857,14858,14859,14860,14861,14862,14863,14864,14865
3458;gourmet_market_punta_cana;Gourmet Market Punta Cana;Punta Cana;Restaurantes;Trendy;0;4;4;22425;22427;22426,22428,22429,22430,22431,22432,22433,22434
4964;goxo_;GoXO ;Madrid;Restaurantes;Especial Delivery;1;4;4;44508;44507;44509,44510
3661;goya;Goya;Barcelona;Ocio y eventos;Cines y Teatros;0;4;4;23592;23593;23591,23594
16721;ia_2476;Goya75;Madrid;Alojamiento;Aparthotel, Cocina equipada, Wi‑Fi;0;3;3;;;
4032;grabados_somera;Grabados Somera;Ronda;Experiencias y Actividades;Comercios, productos locales y artesanía;1;4;4;31218;31212;31093,31209,31210,31211,31213,31214,31215,31216,31217
17367;ia_3188;Graff;Madrid;Compras;"Joyería y relojería de lujo, Joyas con diamantes; Alta joyería británica; Exclusividad total";0;3;3;;;
17530;ia_3351;Graff Watches;Madrid;Compras;"Joyería y relojería de lujo, Alta joyería; Relojes con diamantes; Exclusividad internacional";0;3;3;;;
18328;ia_4376;Graffiti Malasaña;Madrid;Arte y Cultura;Museo / galería (general), arte urbano contemporáneo, murales efímeros, recorrido libre, Okuda San Miguel, El Rey de la Ruina;0;1;1;73586;73584;
15361;ia_946;Grama Lounge;Madrid;Restaurantes;Platos creativos, Cócteles, Caribeña;0;3;3;;;
15599;ia_1190;Grama Villaverde;Madrid;Restaurantes;Japonesa / Fusión, Sushi / Ramen / Gyozas;0;3;3;;;
15864;ia_1458;Gran Barril de Castellana;Madrid;Restaurantes;Mediterranea, Tapas, Cocina mediterránea;0;3;3;;;
15667;ia_1261;GRAN CAFE EL ESPEJO;Madrid;Restaurantes;Internacional, Café, Repostería, Platos internacionales;0;3;3;;;
15273;ia_858;Gran Café Shanghai;Madrid;Restaurantes;Española, Pato laqueado, Dim sum, Tallarines;0;3;3;;;
254;gran_casino_de_aranjuez;Gran Casino de Aranjuez;Madrid;Ocio y eventos;Más de 18, Indoor, Ocio, Casino;0;4;4;16084;16085;16086
16902;ia_2671;Gran Gala Flamenco – Over 3 Million Spectators;Madrid;Eventos;Espectáculo flamenco en tablao;0;3;3;;;
16834;ia_2597;Gran Hotel Inglés: lujo histórico en el Barrio de las Letras;Madrid;Alojamiento;Hoteles, Spa y coctelería art déco;0;3;3;;;
1891;gran_hotel_miramar;Gran Hotel Miramar;Málaga;Alojamiento;Hoteles, Terraza, Wifi, Estética;0;1;3;19689;19693;19690,19691,19692,19694
216;gran_melia_fenix_5;Gran Meliá Fénix 5*;Madrid;Alojamiento;Hoteles;0;4;4;16895;16896;16897,16898,16899,16900,16901,16902
463;gran_plaza_2;Gran Plaza 2;Madrid;Compras;Centros comerciales;0;4;4;16945;16946;16947
16976;ia_2795;Gran Teatro Auditorio;Madrid;Eventos;Teatro / Show temático;0;3;3;;;
1594;gran_teatro_del_liceu;Gran Teatro del Liceu;Barcelona;Qué ver;Plazas y monumentos;1;1;3;;;
17592;ia_3421;Gran Vía de Hortaleza;Madrid;Compras;Centros comerciales, Ambiente local, shopping de calle;0;3;3;;;
3913;granada_;Granada ;Ronda;Qué ver;Escapadas;0;4;4;27067;27068;27069,27070,27071,27072,27073,27075,27076
3896;grand_bavaro_princess;Grand Bávaro Princess;Punta Cana;Alojamiento;Hoteles;0;4;4;26638;26640;26636,26637,26639,26641,26642,26643,26644,26645
3727;grand_hotel_barcelona;Grand Hotel Barcelona;Barcelona;Alojamiento;Hoteles;0;4;4;24235;24257;24234,24236,24237,24238,24239,24240,24241,24242,24243
3895;grand_palladium_punta_cana_resort_y_spa;Grand Palladium Punta Cana Resort & Spa;Punta Cana;Alojamiento;Hoteles;0;4;4;26626;26634;26627,26628,26629,26630,26631,26632,26633,26635
5967;grand_palladium_white_island_resort_y_spa;Grand Palladium White Island Resort & Spa;Ibiza;Alojamiento;Hoteles;0;4;3;49968;49970;49969,49972,49973
16249;ia_1868;Green Bites;Madrid;Restaurantes;"Healthy, Bowls; Smoothies";0;3;3;;;
16309;ia_1928;Green Bites;Madrid;Restaurantes;"Healthy, Ensaladas; Bowls";0;3;3;;;
16104;ia_1723;Green Bowl;Madrid;Restaurantes;"Vegetariana, Bowls; Smoothies";0;3;3;;;
16194;ia_1813;Green Choice;Madrid;Restaurantes;"Healthy, Bowls; Smoothies";0;3;3;;;
1391;green_club_cafe;Green Club Café;Madrid;Fiesta, Restaurantes;Bares de copas, Salas de concierto, Low cost, Americano, Hamburguesa, Restaurantes, Bares y Pubs, Café y té, Restaurant & Club;1;4;3;17344;17345;17346,17347,17348,17349,17350,17351,17352,17353,17354,17355
1398;green_house;Green House;Madrid;Fiesta, Restaurantes;Salas de concierto, Trendy, Restaurant & Club;0;4;3;17805;17806;17807,17808,17809,17810,17811
3769;green_indor_park;Green Indor Park;Barcelona;Ocio y eventos;Parques Temáticos;0;4;4;24631;24640;24632,24633,24634,24635,24636,24637,24638,24639
16164;ia_1783;Green Life;Madrid;Restaurantes;"Healthy, Bowls; Ensaladas";0;3;3;;;
16364;ia_1983;Green Life;Madrid;Restaurantes;"Healthy, Bowls; Smoothies";0;3;3;;;
16149;ia_1768;Green Market;Madrid;Restaurantes;"Healthy, Ensaladas; Wraps";0;3;3;;;
16344;ia_1963;Green Market;Madrid;Restaurantes;"Healthy, Bowls; Smoothies";0;3;3;;;
16385;ia_2004;Green Market;Madrid;Restaurantes;"Healthy, Bowls; Smoothies";0;3;3;;;
14787;ia_357;Green Marta II;Madrid;Restaurantes;Mediterránea, Española;0;3;3;;;
16304;ia_1923;Green Soul;Madrid;Restaurantes;"Healthy, Bowls; Ensaladas";0;3;3;;;
16299;ia_1918;Green Spot;Madrid;Restaurantes;"Vegetariana, Ensaladas; Bowls";0;3;3;;;
16314;ia_1933;Green Table;Madrid;Restaurantes;"Healthy, Ensaladas; Bowls";0;3;3;;;
16234;ia_1853;Green Vibes;Madrid;Restaurantes;"Healthy, Bowls; Ensaladas";0;3;3;;;
5567;gresca;Gresca;Barcelona;Restaurantes;Trendy, Tradicionales, Español, Comida Regional, Mediterranea, Restaurantes, Bares y Pubs;0;4;4;48827;48820;48821,48822,48823,48824,48825,48826,48828,48829
17407;ia_3228;Greubel Forsey;Madrid;Compras;"Joyería y relojería de lujo, Complicaciones excepcionales; Alta relojería suiza; Innovación artesanal";0;3;3;;;
14653;ia_198;Grillao;Madrid;Restaurantes;Americana / Fusión, Hamburguesas, Parrillada/BBQ, Carnes a la brasa;0;3;3;;;
17429;ia_3250;Grönefeld;Madrid;Compras;"Joyería y relojería de lujo, Relojería independiente; Alta complicación; Artesanía suiza";0;3;3;;;
4497;grosso_napoletano;Grosso Napoletano;Madrid;Restaurantes;Top, Italiano, Restaurantes;0;4;4;40928;40936;40929,40930,40931,40932,40933,40934,40935
4496;grosso_napoletano_madrid;Grosso Napoletano Madrid;Madrid;Restaurantes;Top, Italiano, Restaurantes;1;4;3;;;
16458;ia_2129;Grotesco Madrid;Madrid;Restaurantes;Americana / Street food, Burger bar / Sandwichería;0;3;3;;;
15112;ia_696;GRUPETA BAR;Madrid;Restaurantes;Internacional, Bocatas & Sandwiches;0;3;3;;;
14926;ia_508;Grupo La Muñoza;Madrid;Restaurantes;Española, Tapas, Platos españoles;0;3;3;;;
260;grupo_smedia;Grupo Smedia;Madrid;Ocio y eventos;Cines y Teatros;0;4;4;14605;14606;
14582;ia_115;Guanabara Madrid;Madrid;Restaurantes;Brasileña, Feijoada, Picanha, Cocina Brasileña;0;3;3;;;
4028;guarnicioneria_pinteno;Guarnicioneria Pinteño;Ronda;Experiencias y Actividades;Comercios, productos locales y artesanía;0;4;4;30990;30985;30982,30983,30984,30986,30987,30988,30989,30991
17501;ia_3322;Gucci Timepieces;Madrid;Compras;"Joyerías y relojerías, Relojes de moda; Estilo italiano; Alta relojería de lujo";0;3;3;;;
17802;ia_3719;Guerra Civil Española inicio de 2 Guerra Mundial, Guernica Franco;Madrid;Arte y Cultura;Museo de historia, Museo Nacional de Artes Decorativas, porcelanas, textiles históricos;0;3;3;;;
17504;ia_3325;Guess Watches;Madrid;Compras;"Joyerías y relojerías, Estilo juvenil; Moda internacional; Accesibilidad";0;3;3;;;
15327;ia_912;Guetaria Asador 2.zero;Madrid;Restaurantes;Española, Carnes a la brasa, Pescados;0;3;3;;;
19245;ia_5619;Guía de Roscones 2024;Madrid;Experiencias Unicas;Tour/experiencia (general);1;1;1;;;
19242;ia_5616;Guía: Cena Romántica en Madrid;Madrid;Experiencias Unicas;Tour/experiencia (general);0;1;1;74039;74040;74041
14839;ia_413;Guido's Nation Pasta & Pizza;Madrid;Restaurantes;Italiana, Americana, Pizzas, Pastas;0;3;3;;;
14535;ia_2;GuisaOh! Delicias Venezolanas;Madrid;Restaurantes;Venezolana, Comida Casera, Arepas, Street Food;0;3;3;;;
5034;guixot_;Guixot ;Barcelona;Restaurantes;Low cost, Español, Restaurantes;0;4;4;45045;45031;45032,45033,45035,45036,45038,45039,45040
1400;gula_gula;Gula Gula;Madrid;Fiesta, Restaurantes;Salas de concierto, Trendy, Mediterranea, Restaurantes, Bares y Pubs, Restaurant & Club;0;4;3;18214;18215;18216,18218,18220,18221,18222,18223
15129;ia_713;Gula Pintxosbar;Madrid;Restaurantes;Creativa, Pinchos & Montaditos | Croquetas | Tortilla Española;0;3;3;;;
18595;ia_5798;GurúdelPádel;Madrid;Deportes;Pádel;0;1;1;73333;73334;
15010;ia_594;Gusto;Madrid;Restaurantes;Española;0;3;3;;;
15637;ia_1231;Gustos Madrid Plaza Mayor;Madrid;Restaurantes;Internacional / Bar moderno, Hamburguesas / Tacos / Tapas / Cócteles;0;3;3;;;
210;gymage_lounge_resort;Gymage Lounge resort;Madrid;Fiesta, Restaurantes;Bares de copas, Trendy, Español, Restaurantes;0;4;4;17959;17954;17953,17956,17957,17958
18613;ia_5816;Gymm5;Madrid;Deportes;Fitness;0;1;1;73329;73331;
16433;ia_2092;Gyogyozas;Madrid;Restaurantes;Asiática, Dumplings / Gyozas;0;3;3;;;
1332;gyros_greek_food;Gyros Greek Food;Punta Cana;Restaurantes;Trendy, Griego, Especialista en carne, Fusión, Restaurant & Shop, Restaurant & Club;0;1;1;14297;14298;14299,14300,14301
17400;ia_3221;H. Moser & Cie.;Madrid;Compras;"Joyería y relojería de lujo, Producción independiente; Relojes suizos exclusivos; Diseño minimalista";0;3;3;;;
3748;h10_madison;H10 Madison;Barcelona;Alojamiento;Hoteles, Terraza, Wifi;0;4;4;24364;24361;24363,24365,24366,24367,24368,24369,24370
16768;ia_2524;H10 Tribeca;Madrid;Alojamiento;Design Hotel, Restaurante, bar, salas de reuniones;0;3;3;;;
265;h10_tribeca_4;H10 Tribeca 4*;Madrid;Alojamiento;Hoteles;0;4;4;17725;17726;17727,17728,17729,17730,17731
88;h10_villa_de_la_reina_4;H10 Villa de la Reina 4*;Madrid;Alojamiento;Hoteles;0;4;4;16721;16722;16723,16724,16725,16726
937;habana_5;Habana 5;Madrid;Restaurantes, Ocio y eventos;Trendy, Más de 18, Español, Bares y Pubs, Restaurant & Club, Gastronomía, Otro;0;4;4;15616;15617;
5318;habana_cafe;Habana Café;Aranjuez;Fiesta;Bares de copas;0;3;3;;;47956,47957,47958,47959,47960,47961,47962,47963,47964,47965
16046;ia_1665;Habana Madrid;Madrid;Restaurantes;"Cubana, Ropa Vieja; Mojitos; Yuca Frita";0;3;3;;;
181;habanera;Habanera;Madrid;Fiesta, Restaurantes;Bares de copas, Trendy, Español, Mediterranea, Fusión, Restaurantes;0;4;4;18050;18051;18052
15195;ia_780;Habanera;Madrid;Restaurantes;Española, Tacos | Sándwich cubano | Brioche de lechón | Brunch;0;3;3;;;
15858;ia_1452;Habesha;Madrid;Restaurantes;Africana, Cocina etíope, Platos tradicionales;0;3;3;;;
19189;ia_5553;Haima Experience;Madrid;Experiencias Unicas;Cata/Maridaje de vino / Bodega;0;1;1;74042;;
18475;ia_5667;Hair Space Centro de Salud Capilar;Madrid;Wellness;Clínica capilar;0;1;1;;;
14503;ia_46;Haiti Cherie;Madrid;Restaurantes;Caribeña / Haitiana, Platos haitianos, Caribeños;0;3;3;;;
14668;ia_213;Hakuna Matata Veggie;Madrid;Restaurantes;Vegetariana / Internacional, Platos veganos, Bowls saludables, Postres sin gluten;0;3;3;;;
17431;ia_3252;Haldimann;Madrid;Compras;"Joyería y relojería de lujo, Alta relojería artesanal; Relojes independientes; Complicaciones exclusivas";0;3;3;;;
5464;hallowefest_en_fabrik;Hallowefest en Fabrik;Madrid;Fiesta, Ocio y eventos;Discotecas, Zonas de fiesta, Más de 18;0;3;3;48612;48614;48613,48615,48616
5462;hallowfest_en_fabrik;Hallowfest en Fabrik;Madrid;Fiesta, Ocio y eventos;;1;1;3;;;
18529;ia_5722;Halmma;Madrid;Wellness;Gimnasio;0;1;1;;;
15838;ia_1432;Hambrientos Hasta El Amanecer;Madrid;Restaurantes;Internacional, Cocina internacional, Platos creativos;0;3;3;;;
15881;ia_1495;Hamburguesa Nostra;Madrid;Restaurantes;Americana, Hamburguesas, Comida rápida;0;3;3;;;
409;hamburguesa_nostra;Hamburguesa Nostra;Madrid;Restaurantes;Trendy, Hamburguesa, Restaurantes, Restaurant & Shop;0;4;4;16519;16520;16521,16522,16523
14869;ia_445;Hamburguesa Nostra - Boj;Madrid;Restaurantes;Internacional, Americana, Hamburguesas gourmet;0;3;3;;;
15341;ia_926;Hamburguesa Nostra - Castellana 257;Madrid;Restaurantes;Española, Hamburguesas, Patatas, Cervezas;0;3;3;;;
15447;ia_1032;Hamburguesa Nostra - CC Equinocio Park;Madrid;Restaurantes;Internacional, Americana, Hamburguesas, Platos internacionales, Vegetarianos;0;3;3;;;
15260;ia_845;Hamburguesa Nostra - Centro Oeste;Madrid;Restaurantes;Española, Hamburguesas, Patatas, Tapas;0;3;3;;;
15636;ia_1230;Hamburguesa Nostra - Ortega y Gasset;Madrid;Restaurantes;Mediterránea / Española tradicional, Arroces / Pescados / Tapas;0;3;3;;;
15004;ia_588;Hamburguesa Nostra - Pozuelo;Madrid;Restaurantes;Argentino, Hamburguesas;0;3;3;;;
15670;ia_1264;Hamburguesa Nostra - Princesa;Madrid;Restaurantes;Americana, Hamburguesas, Carnes;0;3;3;;;
15478;ia_1065;Hamburguesa Nostra – Tres Aguas;Madrid;Restaurantes;"Americana, Hamburguesas; Patatas; Entrantes";0;3;3;;;
14963;ia_547;Hamburguesa Nostra- La Vaguada;Madrid;Restaurantes;Argentino, Hamburguesas;0;3;3;;;
1057;hamburgueseria_don_oso;Hamburguesería Don Oso;Madrid;Restaurantes;Low cost, Americano, Hamburguesa, Restaurantes;1;4;4;16817;16818;16819
16438;ia_2102;Hamburguesería La Demo;Madrid;Restaurantes;Americana, Hamburguesas;0;3;3;;;
17494;ia_3315;Hamilton;Madrid;Compras;"Joyerías y relojerías, Relojes de aviación y cine; Tradición americana; Innovación suiza";0;3;3;;;
16960;ia_2739;Hammam Al Ándalus Madrid;Madrid;Eventos;Wellness & Baños Árabes;0;4;4;;;
18941;ia_5280;Hammam Al Andalus Puerta de Hierro: Ritual de baño árabe con masaje de 15 minutos;Madrid;Experiencias Unicas;Clase de cocina / Taller culinario;0;1;1;;;
18704;ia_5017;Hammam Al Andalus Puerta de Hierro: Ritual de baño árabe con masaje de 15 minutos;Madrid;Experiencias Unicas;Tour guiado (general) · Privado;0;1;1;74043;74044;
18705;ia_5018;Hammam Al Andalus Puerta de Hierro: Ritual de baño árabe de 90 minutos;Madrid;Experiencias Unicas;Clase/Taller de baile;0;1;1;;;
18942;ia_5281;Hammam Al Andalus Puerta de Hierro: Ritual de baño árabe de 90 minutos;Madrid;Experiencias Unicas;Taller/Sesión de fotografía;0;1;1;;;
15414;ia_999;Han;Madrid;Restaurantes;China, Platos globales, Tapas modernas, Cócteles;0;3;3;;;
15057;ia_641;Hanakura;Madrid;Restaurantes;Japonesa, Okonomiyaki;0;3;3;;;
5165;hanging_gardens_of_bali;Hanging Gardens Of Bali;Filipinas;Alojamiento;Hoteles;0;4;4;46416;46420;46417,46418,46419,46421,46422,46423,46424,46425
16423;hanso_cafe;HanSo Café;Madrid;Restaurantes;Asiática;0;4;4;74468;74467;74469,74470,74472,74473
1223;happiness_beach_bar;Happiness Beach Bar;Filipinas;Restaurantes;Trendy, Comida Regional, Vegetariano, Fusión;0;1;3;18226;18227;18228,18229
1272;harbor_view;Harbor View;Filipinas;Restaurantes;Tradicionales;0;1;3;15707;15708;15709,15710
898;hard_rock;Hard Rock;Madrid;Restaurantes;Trendy, Restaurant & Club;0;4;4;15104;15105;15106,15107
1251;hard_rock_-_hotel_y_casino;Hard Rock - Hotel & Casino;Punta Cana;Alojamiento, Ocio y eventos;Hoteles, Experiencias y actividades;0;4;4;14910;14911;
376;harina;Harina;Madrid;Restaurantes;Trendy, Español, Café y té, Pastelerias y Panaderias;0;4;4;15484;15485;15486,15487
14738;ia_289;Haroma por Mario Sandoval - Hotel Heritage;Madrid;Restaurantes;Española contemporánea, Comida Fusión, Alta cocina, Menú degustación;0;3;3;;;
17142;ia_2962;Harry Winston;Madrid;Compras;"Joyería y relojería de lujo, Joyas con diamantes; Relojería de lujo; Servicio VIP";0;3;3;;;
17380;ia_3201;Harry Winston;Madrid;Compras;"Joyería y relojería de lujo, Joyas con diamantes; Relojería de lujo; Servicio VIP";0;3;3;;;
17535;ia_3356;Harry Winston Watches;Madrid;Compras;"Joyería y relojería de lujo, Alta joyería; Relojes con diamantes; Exclusividad global";0;3;3;;;
15111;ia_695;Harrytokys - Vallecas;Madrid;Restaurantes;Creativa, Arepas;0;3;3;;;
17412;ia_3233;Hautlence;Madrid;Compras;"Joyería y relojería de lujo, Alta relojería creativa; Diseño suizo; Complicaciones modernas";0;3;3;;;
17450;ia_3271;Hautlence;Madrid;Compras;"Joyería y relojería de lujo, Relojería independiente; Innovación creativa; Diseños únicos";0;3;3;;;
17437;ia_3258;Hautlence HL2;Madrid;Compras;"Joyería y relojería de lujo, Complicaciones innovadoras; Diseño arquitectónico; Alta relojería";0;3;3;;;
16086;ia_1705;Haveli Indio;Madrid;Restaurantes;"India, Currys; Pollo Tandoori";0;3;3;;;
4841;headbanger_rare_guitars;Headbanger Rare Guitars;Madrid;Compras;Tiendas, Para ti, Música;0;3;3;44144;44143;44145,44146,44147,44148,44149,44150,44151,44152
16189;ia_1808;Healthy Balance;Madrid;Restaurantes;"Healthy, Bowls; Ensaladas";0;3;3;;;
16259;ia_1878;Healthy Bites;Madrid;Restaurantes;"Healthy, Wraps; Smoothies";0;3;3;;;
16334;ia_1953;Healthy Corner;Madrid;Restaurantes;"Healthy, Bowls; Smoothies";0;3;3;;;
16169;ia_1788;Healthy Mood;Madrid;Restaurantes;"Healthy, Bowls; Smoothies";0;3;3;;;
16254;ia_1873;Healthy Mood;Madrid;Restaurantes;"Healthy, Bowls; Smoothies";0;3;3;;;
15433;ia_1018;Healthy Poke Pardiñas;Madrid;Restaurantes;Japonesa, Poke bowls, Platos saludables, Sushi;0;3;3;;;
15242;ia_827;Healthy Poke Peñagrande;Madrid;Restaurantes;Española, Poke bowls, Comida saludable;0;3;3;;;
14651;ia_196;Healthy Poke Plaza Eliptica;Madrid;Restaurantes;Hawaiana / Fusión, Poké bowls, Opciones veganas, Comida saludable;0;3;3;;;
14678;ia_223;Healthy Poke Toledo;Madrid;Restaurantes;Hawaiana / Saludable, Poké bowls, Smoothies, Postres sin gluten;0;3;3;;;
16119;ia_1738;Healthy Spot;Madrid;Restaurantes;"Healthy, Ensaladas; Smoothies";0;3;3;;;
16154;ia_1773;Healthy Spot;Madrid;Restaurantes;"Healthy, Bowls; Smoothies";0;3;3;;;
16354;ia_1973;Healthy Spot;Madrid;Restaurantes;"Healthy, Bowls; Smoothies";0;3;3;;;
16179;ia_1798;Healthy Spotlight;Madrid;Restaurantes;"Healthy, Bowls; Smoothies";0;3;3;;;
16279;ia_1898;Healthy Way;Madrid;Restaurantes;"Healthy, Bowls; Wraps";0;3;3;;;
3273;heaven_irish_tavern;Heaven Irish Tavern;Ronda;Fiesta;Bares de copas y Discotecas;0;4;4;21396;21392;21390,21391,21393,21399
4350;heladeria_isabelo_aranjuez;Heladería Isabelo Aranjuez;Aranjuez;Restaurantes;Tradicionales, Heladerias;0;4;4;37980;37931;37932,37936,37937,37938,37939,37940,37979
17322;ia_3143;Helena Rohner;Madrid;Compras;"Joyerías y relojerías, Joyería artesanal; Diseños exclusivos; Hecho en España";0;3;3;;;
16645;ia_2367;Hellraiser;Madrid;Nightlife;Rock bar;0;3;3;;;
4306;hemingway_cocktail_bar_madrid;Hemingway Cocktail Bar Madrid;Madrid;Fiesta;Bares de copas;0;4;4;36813;36816;36814,36815,36817,36818,36819,36820,36821,36822
4974;henna_morena;Henna Morena;Madrid;Compras;Tiendas;1;4;3;;;
4995;henna_morena_madrid;Henna Morena Madrid;Madrid;Compras;Tiendas;1;4;4;44462;44459;44457,44458,44460,44463,44464,44465,44466
17178;ia_2998;Hermanos García;Madrid;Compras;"Carnicerías y charcuterías, Charcutería tradicional; Productos frescos; Atención cercana";0;3;3;;;
14;hermes_iberica_s_a;Hermes Ibérica S A;Madrid;Compras;Tiendas;0;4;4;;;
17525;ia_3346;Hermès Watches;Madrid;Compras;"Joyería y relojería de lujo, Diseño artesanal; Relojes de lujo; Moda parisina";0;3;3;;;
266;hesperia_madrid_5;Hesperia Madrid 5*;Madrid;Alojamiento;Hoteles;0;4;4;15211;15212;15213,15214,15215,15216
5867;hi_ibiza_;Hi Ibiza ;Ibiza;Fiesta, Ocio y eventos;Discotecas, Zonas de fiesta;0;4;4;49659;49888;49660,49661,49662,49889,49890,49891,49892,49893
5349;hide_de_observacion_para_aves_;Hide de observación para aves ;Ronda;Experiencias y Actividades;Naturaleza y Turismo Activo, Experiencias y Actividades;0;4;4;48666;48667;
17664;ia_3493;Hidro Vinisa Pools Maintenance;Madrid;Compras;Mantenimiento de piscinas y jardinería, Mantenimiento, reparación y limpieza de piscinas;0;3;3;;;
15588;ia_1179;Hielo y Carbón;Madrid;Restaurantes;Internacional / Fusión / Peruana, Alta cocina / Brunch / Parrilla;0;3;3;;;
3918;hilton_la_romana__an_all-inclusive_adult_only_resort;Hilton La Romana, an All-Inclusive Adult Only Resort;Punta Cana;Alojamiento;Hoteles;0;4;4;28200;28198;28191,28192,28193,28194,28195,28196,28197,28199
14918;ia_500;Himalaya Tandoori;Madrid;Restaurantes;India, Nepalí, Curries, Momos;0;3;3;;;
15406;ia_991;Himalayan Tandoori;Madrid;Restaurantes;India, Curries, Momos, Tandoori;0;3;3;;;
5292;hipica_el_cortao;Hípica El Cortao;Aranjuez;Ocio y eventos;Experiencias y actividades, Naturaleza, Deporte, Otro;0;3;3;;;47767,47768,47769,47770,47771,47772,47773,47774,47775,47776
17033;ia_2853;Hipódromo de la Zarzuela;Madrid;Eventos;Hipódromo y espectáculos;0;3;3;;;
5858;hippy_market_benirras;Hippy Market Benirrás;Ibiza;Compras;Mercados;0;4;3;49636;49633;49634,49635,49637,49638
15044;ia_628;Hiro;Madrid;Restaurantes;Japonesa;0;3;3;;;
4064;hispania_flamenco;Hispania Flamenco;Ronda;Experiencias y Actividades;Comercios, productos locales y artesanía;0;4;4;33125;33119;33120,33121,33122,33123,33124
18943;ia_5282;Historia, bocados y sorbos de Madrid – Un tour íntimo desde 2018;Madrid;Experiencias Unicas;Tour por barrio;0;1;1;;;
18706;ia_5019;Historia, bocados y sorbos de Madrid – Un tour íntimo desde 2018;Madrid;Experiencias Unicas;Tour guiado (general);0;1;1;74045;74047;74046
17795;ia_3701;Historia, cultura y arquitectura en un tour privado por Madrid con un experto local;Madrid;Arte y Cultura;Barrio de Las Letras (ruta a pie), Plaza Mayor, Barrio de las Letras, Catedral de la Almudena;0;3;3;;;
18707;ia_5020;Historias oscuras de Madrid – Tour privado a pie;Madrid;Experiencias Unicas;Cata/Maridaje de vino / Bodega;0;1;1;74048;74049;74050
18944;ia_5283;Historias oscuras de Madrid – Tour privado a pie;Madrid;Experiencias Unicas;Clase/Taller de baile;0;1;1;;;
1822;hoffmann;Hoffmann;Barcelona;Restaurantes;Top, Español, Restaurantes;0;4;4;19310;19311;19308,19309
3688;hofmann_barcelona;Hofmann Barcelona;Barcelona;Restaurantes;Trendy;0;4;4;29553;29554;29552,29555,29556
15398;ia_983;Hoku Fusion;Madrid;Restaurantes;Japonesa, Sushi, Ceviche, Platos de fusión;0;3;3;;;
14693;ia_238;Hola India;Madrid;Restaurantes;India / Asiática, Massaman Curry, Naan, Tandoori;0;3;3;;;
4283;holiday_homes_ronda;Holiday Homes Ronda;Ronda;Alojamiento;Apartamentos;1;3;3;;;
16701;ia_2456;Holiday Inn Express Madrid - Getafe;Madrid;Alojamiento;Desayuno buffet, Wi‑Fi, Business Hotel;0;3;3;;;
16682;ia_2437;Holiday Inn Express Madrid Rivas;Madrid;Alojamiento;hotel economico, Desayuno incluido, Wi‑Fi;0;3;3;;;
16690;ia_2445;Holiday Inn Express Madrid San Sebastián de los Reyes;Madrid;Alojamiento;hotel economico, Desayuno buffet, Wi‑Fi;0;3;3;;;
16694;ia_2449;Holiday Inn Express Madrid-Alcorcon;Madrid;Alojamiento;Desayuno buffet, Wi‑Fi, Business Hotel;0;3;3;;;
16766;ia_2521;Holiday Inn Madrid Las Tablas;Madrid;Alojamiento;Business Hotel, Gimnasio, restaurante, salas de reuniones;0;3;3;;;
16346;ia_1965;Hollywood Burger;Madrid;Restaurantes;"Americana, Hamburguesas; Costillas BBQ";0;3;3;;;
804;holmes_place;Holmes Place;Madrid;Compras;Marcas y Productos Locales, Para ti;0;4;4;16461;16462;16463,16464
17682;ia_3511;Home Select Real Estate;Madrid;Compras;Inmobiliarias y alquiler, Venta y alquiler de propiedades, gestión inmobiliaria premium;0;3;3;;;
362;homecake;HomeCake;Madrid;Restaurantes;Trendy, Pastelerias y Panaderias;0;4;4;15041;15042;15043,15044,15045
16538;ia_2245;Honest Greens Fuencarral;Madrid;Restaurantes;Saludable / Internacional, Healthy Fast-Casual;0;3;3;;;
16517;ia_2206;Hong Kong 70;Madrid;Restaurantes;China / Cantonesa, Dim Sum / Wok;0;3;3;;;
14486;ia_4;Hontanares;Madrid;Restaurantes;Mediterranea, Tapas, Postres, Comida Casera;0;3;3;;;
16762;ia_2517;Hoom Apartments Juan Bravo 56 Madrid;Madrid;Alojamiento;Aparthotel, Piscina, gimnasio, cocina equipada;0;3;3;;;
1917;hop_on_hop_off_bus;HOP ON HOP OFF BUS;Málaga;Ocio y eventos;Experiencias y actividades, Cultura, Ocio;0;1;3;19827;19823;19824,19825,19826
18601;ia_5804;Horacio Surfboards;Madrid;Deportes;Surf;0;1;1;73327;73326;
15771;ia_1365;Horno de Juan Argüelles;Madrid;Restaurantes;Española, Panadería, Platos tradicionales;0;3;3;;;
356;horno_de_san_onofre;Horno de San Onofre;Madrid;Restaurantes;Tradicionales, Pastelerias y Panaderias;0;4;4;14326;14327;14328,14329
18368;ia_4460;Horse Riding Madrid Natural Park Private Trip;Madrid;Naturaleza;Ruta a caballo, Senderos, bosque mediterráneo, Ruta privada, guía, paisaje ecuestre;0;1;1;;;
16748;ia_2503;Hospedium Hotel Los Condes;Madrid;Alojamiento;Desayuno buffet, Wi‑Fi, City Hotel;0;3;3;;;
4085;hospital_san_carlos_aranjuez;Hospital San Carlos Aranjuez;Aranjuez;Qué ver;Arquitectura: museos, plazas y monumentos;0;4;4;33720;33782;33724,33728
17331;ia_3152;Hoss Intropia;Madrid;Compras;"Ropa y accesorios, Moda femenina; Colecciones exclusivas; Estilo boho chic";0;3;3;;;
16679;ia_2434;Hostal Aravaca Garden;Madrid;Alojamiento;hostal, Wi‑Fi, parking;0;3;3;;;
16688;ia_2443;Hostal Condestable;Madrid;Alojamiento;hostal, Wi‑Fi, ubicación céntrica;0;3;3;;;
16840;ia_2603;Hostal funcional con coworking – <b>Far Home Bernabéu</b>;Madrid;Alojamiento;"Hostal / Hostel, Coworking; Terraza";0;3;3;;;
318;hostal_oriente;Hostal Oriente;Madrid;Alojamiento;Low cost;0;4;4;15653;15654;15655,15657,15658,15659
4316;hostal_real_aranjuez;Hostal Real Aranjuez;Aranjuez;Alojamiento;Hoteles, Terraza, Wifi, Restaurante;0;4;4;36928;36921;36920,36922,36923,36924,36925,36926,36927,36929
321;hostal_salamanca;Hostal Salamanca;Madrid;Alojamiento;Low cost;0;4;4;15558;15559;15560,15562,15563,15564
3405;hostal_san_cayetano;Hostal San Cayetano;Ronda;Alojamiento;Hoteles, Wifi, Restaurante, Bar;1;3;3;;;
16839;ia_2602;Hostal tech junto al Palacio Real – <b>Petit Hostel Palacio Real</b>;Madrid;Alojamiento;"Hostal / Hostel, Acceso digital; Bar social";0;3;3;;;
3322;hostal_virgen_del_rocio_;Hostal Virgen Del Rocío ;Ronda;Alojamiento;Hoteles, Wifi, Restaurante, Bar;0;1;1;21610;21606;21607,21608,21609,21611,21612,21613,21614,21615
16838;ia_2601;Hostel con rooftop en Centro – <b>The Hat Madrid</b>;Madrid;Alojamiento;"Hostal / Hostel, Rooftop bar; Cocina compartida";0;3;3;;;
16841;ia_2604;Hostel histórico en Sol – <b>TOC Hostel Madrid</b>;Madrid;Alojamiento;"Hostal / Hostel, Bar; Cocina común";0;3;3;;;
323;hostel_uhostel;Hostel UHostel;Madrid;Alojamiento;Low cost;1;4;4;15137;15138;15139,15140,15141,15142,15143,15144,15145
16236;ia_1855;Hot Dogs & More;Madrid;Restaurantes;"Americana, Hot dogs; Patatas fritas";0;3;3;;;
4800;hotel_aires_de_ronda;Hotel Aires de Ronda;Ronda;Alojamiento;Hoteles, Apartamentos;0;3;3;;;
4485;hotel_alavera_de_los_banos;Hotel Alavera de los Baños;Ronda;Alojamiento;Hoteles, Terraza, Wifi, Bar;0;4;4;42626;47439;
5169;hotel_alpin_spa_tuxerhof__austria;Hotel Alpin Spa Tuxerhof, Austria;Filipinas;Alojamiento;Hoteles, Naturaleza;0;4;4;46462;46456;46457,46458,46459,46460,46461,46463,46464,46465
16740;ia_2495;Hotel Aravaca Village;Madrid;Alojamiento;Business Hotel, Spa, gimnasio, restaurantes;0;3;3;;;
5181;hotel_arctic_fox_igloos__finlandia;Hotel Arctic Fox Igloos, Finlandia;Filipinas;Alojamiento;Hoteles;0;4;4;46582;46579;46576,46577,46578,46580,46581,46583,46584,46585
4487;hotel_arts;Hotel Arts;Barcelona;Alojamiento;Hoteles, Terraza, Wifi, Restaurante, Bar, Spa;0;4;4;40651;40646;40644,40645,40647,40648,40649,40650
5288;hotel_baraka;Hotel Baraka;Ronda;Alojamiento;Hoteles;0;4;4;48002;48001;
4782;hotel_berlanga;Hotel Berlanga;Ronda;Alojamiento;Hoteles;0;3;3;43862;43863;43864
3443;hotel_bodega_el_juncal;Hotel Bodega El Juncal;Ronda;Alojamiento;Hoteles, Terraza, Wifi, Restaurante, Bar;0;4;4;22279;22277;22275,22276,22278,22280,22281,22282,22283,22284
16837;hotel_boutique_en_almagro_–_<b>casa_almagro_by_the_pavilions</b>;Hotel boutique en Almagro – <b>Casa Almagro by The Pavilions</b>;Madrid;Alojamiento;"Hotel Boutique, Desayuno gourmet; Terraza íntima";0;4;4;74682;74679;74680,74681
4286;hotel_boutique_molino_del_arco;Hotel Boutique Molino del Arco;Ronda;Alojamiento;Hoteles;0;4;4;39829;39831;39827,39828,39830,39832,39833
6113;hotel_boutique_palacio_de_la_duquesa;Hotel Boutique Palacio de la Duquesa;Ronda;Alojamiento;Hoteles, Terraza, Wifi, Restaurante, Bar, Concierge;1;3;3;;50321;
5971;hotel_can_talaias_;Hotel Can Talaias ;Ibiza;Alojamiento;Hoteles;0;4;3;49984;49987;49985,49988,49989
1035;hotel_casa_de_labranza;Hotel Casa de Labranza;Madrid;Alojamiento;Naturaleza;0;4;4;16232;16233;16234,16235,16236
4315;hotel_castilla_aranjuez;Hotel Castilla Aranjuez;Aranjuez;Alojamiento;Hoteles, Terraza, Wifi;0;4;4;36915;36911;36910,36912,36913,36914,36916,36917,36918,36919
3444;hotel_catalonia_reina_victoria;Hotel Catalonia Reina Victoria;Ronda;Alojamiento;Hoteles, Terraza, Gimnasio, Wifi, Estética, Restaurante, Bar, Spa;0;4;4;22285;22289;22286,22287,22288,22290,22291,22292,22293,22294,48247,48248,48249,48250
3440;hotel_catalonia_ronda;Hotel Catalonia Ronda;Ronda;Alojamiento;Hoteles;0;4;4;48931;48921;48919,48920,48922,48923,48924,48925,48926,48927,48928,48929,48930,48932,48933,48934
5191;hotel_chalet_al_foss__italia;Hotel Chalet Al Foss, Italia;Filipinas;Alojamiento;Hoteles;0;4;4;46662;46656;46657,46658,46659,46660,46661,46663,46664,46665
16767;ia_2522;Hotel Chamartin the One;Madrid;Alojamiento;Business Hotel, Restaurante, gimnasio, salas de reuniones;0;3;3;;;
3432;hotel_cortijo_las_piletas;Hotel Cortijo Las Piletas;Ronda;Alojamiento;Hoteles, Villas;0;4;4;22180;22181;22179,22182,22184,22185,22186,22188
5189;hotel_costa_verde_727__costa_rica;Hotel Costa Verde 727, Costa Rica;Filipinas;Alojamiento;Hoteles;0;4;4;46636;46638;46637,46639,46640,46641,46642,46643,46644,46645
1897;hotel_don_curro;Hotel Don Curro;Málaga;Alojamiento;Low cost, Gimnasio, Wifi;0;1;3;19724;19725;19723,19726
5249;hotel_don_javier;Hotel Don Javier;Ronda;Alojamiento;Hoteles, Restaurante;0;4;4;47436;47433;47429,47430,47431,47432,47434,47435,47437,47438
3250;hotel_don_miguel;Hotel Don Miguel;Ronda;Alojamiento;Hoteles, Terraza, Wifi, Restaurante, Bar;0;4;4;21210;21207;21203,21206,21208,21211,21212,21220
4349;hotel_el_cocheron_1919;Hotel el Cocheron 1919;Aranjuez;Alojamiento;Hoteles;0;4;4;37909;37883;37868,37869,37870,37871,37872,37873,37908
4464;hotel_el_horcajo;Hotel El Horcajo;Ronda;Alojamiento;Hoteles;0;4;4;42612;42610;42608,42609,42611,42613,42614
1350;hotel_exe_moncloa_4;Hotel Exe Moncloa 4*;Madrid;Alojamiento;Hoteles, Terraza;1;4;3;15170;15171;15172,15173,15174,15175,15176,15177,15178
4501;hotel_fuente_de_la_higuera;Hotel Fuente de la Higuera;Ronda;Alojamiento;Hoteles, Terraza, Wifi;0;3;3;41288;41296;41289,41290,41291,41292,41293,41294,41295
5180;hotel_giraffe_manor__kenia__africa;Hotel Giraffe Manor, Kenia, Africa;Filipinas;Alojamiento;Hoteles;0;4;4;46569;46566;46567,46568,46570,46571,46572,46573,46574,46575
268;hotel_hospes_puerta_alcala_5;Hotel Hospes Puerta Alcalá 5*;Madrid;Alojamiento;Hoteles;0;4;4;16989;16990;16991,16992,16993,16994,16995,16996,16997
3222;hotel_ilunion_malaga;Hotel Ilunion Málaga;Málaga;Alojamiento;Hoteles;0;1;3;21110;21106;21107,21108,21109,21111,21112,21113,21114,21115
87;hotel_indigo_4;Hotel Indigo 4*;Madrid;Alojamiento;Hoteles;0;4;4;17517;17518;17519,17520,17521,17522
16771;ia_2527;Hotel Indigo Madrid - Gran Via;Madrid;Alojamiento;Design Hotel, Rooftop, piscina, restaurante, gimnasio;0;3;3;;;
16749;ia_2504;Hotel Indigo Madrid - Princesa;Madrid;Alojamiento;Boutique Hotel, Restaurante, bar, gimnasio;0;3;3;;;
326;hotel_intercontinental_5;Hotel Intercontinental 5*;Madrid;Alojamiento;Hoteles;0;4;4;14696;14697;14698,14699,14700,14701,14702,14703,14704
3920;hotel_intercontinental_real_santo_domingo;Hotel Intercontinental Real Santo Domingo;Santo Domingo;Alojamiento;Hoteles;0;4;4;28211;28213;28212,28214,28215,28216,28217,28218,28219,28220
4313;hotel_jardin_de_aranjuez;Hotel Jardín de Aranjuez;Aranjuez;Alojamiento;Hoteles, Wifi, Restaurante;0;4;4;37927;37928;36891,36892,36893,36894,36895,36896,36897,36898,36899
5187;hotel_katajanokka_helsinki__finlandia;Hotel Katajanokka Helsinki, Finlandia;Filipinas;Alojamiento;Hoteles;0;4;4;46617;46624;46616,46618,46619,46620,46621,46622,46623,46625
16734;ia_2489;Hotel Luze Castellana;Madrid;Alojamiento;City Hotel, Wi‑Fi, climatización;0;3;3;;;
16779;ia_2534;Hotel Madrid Gran Via 25 Affiliated by Meliá;Madrid;Alojamiento;City Hotel, Restaurante, bar;0;3;3;;;
5219;hotel_maestranza;Hotel Maestranza;Ronda;Alojamiento;Hoteles, Wifi, Restaurante, Bar, Concierge, Traslados;0;4;4;47080;47085;47079,47081,47082,47083,47084,47086,47087,47088
16804;ia_2559;Hotel Mediodia;Madrid;Alojamiento;Budget Hotel, Desayuno, Wi‑Fi;0;3;3;;;
91;hotel_meninas_4;Hotel Meninas 4*;Madrid;Alojamiento;Hoteles;0;4;4;17217;17218;17219,17221,17222,17223,17224
4314;hotel_mercedes_aranjuez;Hotel Mercedes Aranjuez;Aranjuez;Alojamiento;Hoteles, Restaurante, Bar;0;4;4;36909;37930;36900,36901,36902,36903,36905,36907
5904;hotel_mim_ibiza_-_es_vive;Hotel MIM Ibiza - Es Vive;Ibiza;Alojamiento;Hoteles, Wifi, Restaurante, Bar, Spa;0;3;3;49772;;49773,49774
16785;ia_2540;Hotel Mirador De Chamartin;Madrid;Alojamiento;City Hotel, Piscina, restaurante, gimnasio;0;3;3;;;
5973;hotel_mirador_de_dalt_vila;Hotel Mirador de Dalt Vila;Ibiza;Alojamiento;Hoteles;0;4;3;49995;49994;49990,49991,49992
3253;hotel_molina_lario;Hotel Molina Lario;Málaga;Alojamiento;Hoteles;0;1;3;21242;21241;21243,21244,21245,21246,21247,21248,21249,21250
3424;hotel_montelirio;Hotel Montelirio;Ronda;Alojamiento;Hoteles;1;4;4;22126;22122;22118,22119,22121,22123,22124,22125,22127
16819;ia_2571;Hotel Montera Madrid, Curio Collection by Hilton;Madrid;Alojamiento;Rooftop, restaurante, gimnasio, Luxury Hotel;0;3;3;;;
4061;hotel_nh_collection_palacio_de_aranjuez;Hotel NH Collection Palacio de Aranjuez;Aranjuez;Alojamiento;Hoteles;0;4;4;33076;33117;33077,33078,33079,33080,33081,33082,33083,33084,33085,33118
145;hotel_nuevo_boston_4;Hotel Nuevo Boston 4*;Madrid;Alojamiento;Hoteles;0;4;4;15985;15986;15987,15988,15989,15990
174;hotel_occidental_aranjuez_4;Hotel Occidental Aranjuez 4*;Madrid;Alojamiento;Hoteles;1;4;4;17454;17455;17456,17457,17458,17459,17460
105;hotel_only_you_boutique_4;Hotel Only You Boutique 4*;Madrid;Alojamiento;Hoteles;0;4;4;15864;15865;15866,15867,15868,15869,15870,15871
3419;hotel_palacio_de_hemingway;Hotel Palacio de Hemingway;Ronda;Alojamiento;Hoteles, Terraza, Wifi, Restaurante, Bar;0;4;4;50307;50304;50306,50308,50309
16831;ia_2594;Hotel Palacio del Retiro: arte y elegancia frente al parque;Madrid;Alojamiento;Hoteles, Spa y arte en hotel histórico;0;3;3;;;
5277;hotel_plaza_de_toros;Hotel Plaza De Toros;Ronda;Alojamiento;Hoteles;0;4;4;47655;47654;47656,47657,47658,47659,47660,47661,47662,47663
3251;hotel_polo;Hotel Polo;Ronda;Alojamiento;Hoteles, Terraza, Wifi, Bar;0;3;3;21224;21227;21221,21222,21223,21225,21226,21228,21229,21230
3453;hotel_posada_de_ronda;Hotel Posada de Ronda;Ronda;Alojamiento;Hoteles, Terraza, Wifi, Restaurante, Bar, Concierge;1;4;4;22379;22382;22375,22376,22377,22378,22380,22381,22383,22384
327;hotel_ritz_5;Hotel Ritz 5*;Madrid;Alojamiento;Hoteles;0;4;4;16506;16507;16508,16509,16510,16511,16512
16823;ia_2577;Hotel Riu Plaza España;Madrid;Alojamiento;Hoteles, Rooftop 360º y pasarela de cristal;0;3;3;;;
3416;hotel_ronda_moments;Hotel Ronda Moments;Ronda;Alojamiento;Hoteles, Wifi, Restaurante, Bar;0;4;4;22073;22070;22071,22072,22074,22077,22078
1033;hotel_rural_casa_de_la_marquesa_chinchon;Hotel Rural Casa de La Marquesa Chinchón;Madrid;Alojamiento;Naturaleza;0;4;4;16237;16238;16239,16240,16241
3426;hotel_san_cayetano;Hotel San Cayetano;Ronda;Alojamiento;Hostales y Albergues, Terraza, Wifi;0;4;4;26088;26904;22144,26901,26902,26903
3183;hotel_san_francisco_ronda;Hotel San Francisco Ronda;Ronda;Alojamiento;Hoteles, Hostales y Albergues, Wifi, Bar;0;4;4;20886;20890;20887,20888,20889,20891,20892,20893,20894,20895
16736;ia_2491;Hotel Santo Domingo;Madrid;Alojamiento;City Hotel, Piscina, azotea, jardín colgante;0;3;3;;;
333;hotel_santo_domingo_4;Hotel Santo Domingo 4*;Madrid;Alojamiento;Hoteles, Terraza;0;4;4;17823;17824;17825,17826,17827,17828
3481;hotel_soho_boutique_palacio_san_gabriel;Hotel Soho Boutique Palacio San Gabriel;Ronda;Alojamiento;Hoteles, Wifi;0;3;3;40957;40958;22496,22498,22501,22502,22503,22504,22505,43924,43925,43926,43927,43928,43929,43930,43931,43932,43933,43934,43935,43936
16710;ia_2465;Hotel Suites Feria de Madrid;Madrid;Alojamiento;Business Hotel, Suites, restaurante, salas de reuniones;0;3;3;;;
709;hotel_tapa_tour;Hotel Tapa Tour;Madrid;Ocio y eventos;;0;4;4;14501;14502;14503
5186;hotel_the_glace__quebec__canada_;Hotel The Glace, Quebec, Canadá ;Filipinas;Alojamiento;Hoteles;0;4;4;46609;46610;46606,46607,46608,46611,46612,46613,46614,46615
5188;hotel_treehotel__suecia;Hotel Treehotel, Suecia;Filipinas;Alojamiento;Hoteles;0;4;4;46632;46628;46626,46627,46629,46630,46631,46633,46634,46635
334;hotel_unico_madrid_5;Hotel Unico Madrid 5*;Madrid;Alojamiento;Hoteles;0;4;4;16075;16076;16077,16078,16079,16080,16081,16082,16083
335;hotel_urban_5_gl;Hotel Urban 5* GL;Madrid;Alojamiento;Hoteles;0;4;4;16108;16109;16110,16111,16113,16114,16115,16116
16731;ia_2486;Hotel Villa de Barajas;Madrid;Alojamiento;Desayuno buffet, Wi‑Fi, Airport Hotel;0;3;3;;;
336;hotel_villa_magna_5;Hotel Villa Magna 5*;Madrid;Alojamiento;Hoteles;0;4;4;14585;14586;14587,14589,14590,14591,14592,14593
16801;ia_2556;Hotel Villa Real;Madrid;Alojamiento;Luxury Hotel, Restaurante, bar, gimnasio, arte;0;3;3;;;
86;hotel_villa_real_5;Hotel Villa Real 5*;Madrid;Alojamiento;Hoteles;0;4;4;16243;16244;16245,16246,16247,16248,16249,16250
3616;hotel_w;Hotel W;Barcelona;Alojamiento;Hoteles, Terraza, Gimnasio, Wifi, Estética, Restaurante, Bar, Spa;0;4;4;23357;23360;23356,23358,23359,23361
78;hotel_weare_chamartin_4;Hotel Weare Chamartín 4*;Madrid;Alojamiento;Hoteles;1;4;4;14638;14639;14640,14641,14642,14643,14644
672;hoy_es_marketing;Hoy Es Marketing;Madrid;Ocio y eventos;Ferias;0;4;4;17231;17232;17233
3327;hoyo_azul_punta_cana;Hoyo Azul Punta Cana;Punta Cana;Qué ver;Cool Places;0;4;4;21634;21633;21631,21632,21635,21636,21637,21638,21639,21640
14779;ia_346;Huacatay;Madrid;Restaurantes;Peruana, Ceviches, Tiraditos;0;3;3;;;
17115;ia_2935;Huadan Armarios;Madrid;Compras;"Armarios a medida, Armarios a medida; Soluciones de almacenaje; Diseño personalizado";0;3;3;;;
17374;ia_3195;Hublot;Madrid;Compras;"Joyería y relojería de lujo, Relojes de lujo; Innovación suiza; Diseños exclusivos";0;3;3;;;
169;huertas;Huertas;Madrid;Fiesta, Qué ver;Zonas de fiesta, Barrios;0;4;4;14872;14873;14874
17509;ia_3330;Hugo Boss Watches;Madrid;Compras;"Joyerías y relojerías, Moda alemana; Diseños elegantes; Relojes accesibles";0;3;3;;;
14753;ia_307;Humo Goya;Madrid;Restaurantes;Mediterránea, Española, Carnes, Pescados;0;3;3;;;
15136;ia_720;HUMO Goya Pollos a la Brasa by Jhosef Arias;Madrid;Restaurantes;Peruana, Parrillada/BBQ;0;3;3;;;
16432;ia_2091;Humo Madrid;Madrid;Restaurantes;Fusión / Japonesa, Brasa Contemporánea;0;3;3;;;
15423;ia_1008;Humo Vallecas;Madrid;Restaurantes;Española, Ceviches, Tiraditos, Carnes;0;3;3;;;
946;humor_amarillo;Humor amarillo;Madrid;Ocio y eventos;Espectáculos;1;4;4;17502;17503;
5028;humor_amarillo_madrid;Humor Amarillo Madrid;Madrid;Ocio y eventos;Experiencias y actividades;0;4;4;44995;44993;44989,44990,44991,44992,44994,45002,45003
14833;ia_407;Hunan;Madrid;Restaurantes;China (Hunan), Platos picantes, Wok;0;3;3;;;
16468;ia_2147;Hundred Burgers;Madrid;Restaurantes;Americana / Street food, Hamburguesería artesanal;0;3;3;;;
1514;hurricane_factory;Hurricane Factory;Madrid;Ocio y eventos;Experiencias y actividades, Ocio;1;4;1;13475;13473;13474,13476,13477
1397;hurricane_skate_house;Hurricane Skate House;Madrid;Ocio y eventos;Experiencias y actividades;0;4;4;14866;14868;14867,14869,14870,14871
3277;hyatt_zilara_capcana;Hyatt Zilara Capcana;Punta Cana;Alojamiento;Hoteles, Terraza, Gimnasio, Estética, Restaurante, Bar, Spa, Concierge;0;4;4;21434;21430;21431,21432,21433,21435,21436,21437,21438,21439
3252;hyatt_ziva_cap_cana;Hyatt Ziva Cap Cana;Punta Cana;Alojamiento;Hoteles, Terraza, Gimnasio, Wifi, Restaurante, Spa, Concierge, Traslados;0;4;4;21233;21231;21232,21234,21235,21236,21237,21238,21239,21240
5765;hybrid_art_fair_;Hybrid Art Fair ;Madrid;Ocio y eventos;Exposiciones, Pintura;0;4;4;49458;;49459
15266;ia_851;Hygge Bar;Madrid;Restaurantes;Española, Tapas, Desayunos, Brunch;0;3;3;;;
18945;ia_5284;Hypno Tasting Cata de Vinos bajo Hipnosis en Madrid;Madrid;Experiencias Unicas;Cata/Maridaje de vino / Bodega;0;1;1;;;
18708;ia_5021;Hypno Tasting Cata de Vinos bajo Hipnosis en Madrid;Madrid;Experiencias Unicas;Food tour / Ruta de tapas;0;1;1;74051;74052;74054
17455;ia_3276;HYSEK;Madrid;Compras;"Joyería y relojería de lujo, Diseños modernos; Alta relojería suiza; Producción exclusiva";0;3;3;;;
17403;ia_3224;HYT;Madrid;Compras;"Joyería y relojería de lujo, Relojes hidromecánicos; Innovación extrema; Diseño futurista";0;3;3;;;
17410;ia_3231;HYT;Madrid;Compras;"Joyería y relojería de lujo, Relojes fluidos; Innovación tecnológica; Estilo vanguardista";0;3;3;;;
17440;ia_3261;HYT H1;Madrid;Compras;"Joyería y relojería de lujo, Relojes fluidos; Complicaciones innovadoras; Diseño vanguardista";0;3;3;;;
1382;i_love_lego;I Love Lego;Madrid;Ocio y eventos;Exposiciones;1;4;4;17077;17078;17079,17081,17082
3130;i_want_u_back:_tributo_a_michael_jackson;I want u back: Tributo a Michael Jackson;Madrid;Ocio y eventos;Conciertos;1;4;1;20594;20596;20593,20595,20597
103;iberostar_las_letras_4;Iberostar Las Letras 4*;Madrid;Alojamiento;Hoteles;0;4;4;15833;15834;15835,15836,15838,15839,15840
16692;ia_2447;Ibis Budget Madrid Aeropuerto;Madrid;Alojamiento;hotel economico, Wi‑Fi, desayuno económico;0;3;3;;;
16730;ia_2485;ibis budget Madrid Centro Lavapies;Madrid;Alojamiento;Budget Hotel, Wi‑Fi gratuito;0;3;3;;;
16680;ia_2435;ibis budget Madrid Getafe;Madrid;Alojamiento;hotel economico, Wi‑Fi, pet‑friendly;0;3;3;;;
16685;ia_2440;ibis budget Madrid Vallecas;Madrid;Alojamiento;hotel economico, Wi‑Fi, restaurante, parking;0;3;3;;;
16746;ia_2501;Ibis styles Madrid City Las Ventas;Madrid;Alojamiento;Design Hotel, Wi‑Fi, decoración moderna;0;3;3;;;
5905;ibiza_spray;IBIZA SPRAY;Ibiza;Fiesta;Festivales;0;4;3;49792;49796;49793,49794,49795,49797
16808;ia_2563;ICON Wipton;Madrid;Alojamiento;Boutique Hotel, Restaurante, bar;0;3;3;;;
4087;iglesia_de_alpajes;Iglesia de Alpajes;Aranjuez;Qué ver;Arquitectura: museos, plazas y monumentos;0;4;4;33783;33784;33785,33786,33787,33788,33789,33790,33791,33792
902;iglesia_de_san_anton;Iglesia de San Antón;Madrid;Qué ver;Arquitectura;0;4;4;15151;15152;
3023;iglesia_de_san_antonio_de_padua;Iglesia de San Antonio de Padua;Aranjuez;Qué ver;Arquitectura: museos, plazas y monumentos;0;4;4;33843;33840;20030,20031,20032,20033,20036,20037,20038,20039,33841,33842
4086;iglesia_de_san_pascual_aranjuez;Iglesia de San Pascual Aranjuez;Aranjuez;Qué ver;Arquitectura: museos, plazas y monumentos;0;4;4;33762;33761;33763,33764,33765,33766,33767,33768,33769,33770
1841;iglesia_de_santiago;Iglesia de Santiago;Málaga;Qué ver;Plazas y monumentos;0;1;3;19430;19429;19431
3198;iglesia_del_espiritu_santo_ronda;Iglesia del Espiritu Santo Ronda;Ronda;Qué ver, Experiencias y Actividades;Arquitectura: plazas y monumentos, Monumentos Propios;0;4;4;20998;21001;20999,21000
3192;iglesia_santa_maria_la_mayor;Iglesia Santa María La Mayor;Ronda;Qué ver, Experiencias y Actividades;Arquitectura: plazas y monumentos, Monumentos Propios;0;4;4;26816;20969;20966,20967,20968,26813,26814
14547;iguazu_cocktail_club;Iguazú Cocktail Club;Madrid;Restaurantes;Latina / Internacional, Cócteles, Cocina Latina;0;4;4;74740;74741;74739
520;ikb191_;IKB191;Madrid;Compras;Tiendas, Decoración;1;4;4;17531;17532;17533,17534,17535,17536
5043;ikibana_barcelona_;Ikibana Barcelona ;Barcelona;Restaurantes;Especial Delivery;0;3;3;45451;45429;45430,45431,45432,45433,45434,45436,45437,45438,45450,45452
15151;ia_735;Ikigai Velazquez;Madrid;Restaurantes;Japonesa, Sushi | Nigiri | Sashimi;0;3;3;;;
3615;ikono_madrid;IKONO Madrid;Madrid;Ocio y eventos;Experiencias y actividades;0;4;4;23352;23354;23353,23355,24145
16898;ia_2667;IKONO Madrid: Entrada;Madrid;Eventos;Experiencia guiada / cultural;0;3;3;;;
16899;ia_2668;IKONO Madrid: una Experiencia Sensorial y Fotografiable Única;Madrid;Eventos;Museo / exposición permanente;0;3;3;;;
17221;ia_3041;IL Barbiere - Barbería Peluquería;Madrid;Compras;"Peluquerías y barberías, Barbería italiana; Estilo clásico; Servicio de afeitado";0;3;3;;;
14714;ia_263;Il Cratere del Gusto;Madrid;Restaurantes;Italiana, Mediterránea, Pastas, Pizzas;0;3;3;;;
15056;ia_640;Il Rincontro Kitchenbar;Madrid;Restaurantes;Pizza, Española;0;3;3;;;
14489;ia_11;Illunbe Castellana;Madrid;Restaurantes;Española, Asados, Parrillada/BBQ, Cocina Vasca;0;3;3;;;
3768;iloftmalaga_estacion_central;Iloftmalaga Estación Central;Málaga;Alojamiento;Apartamentos;0;4;4;24592;24586;24585,24587,24588,24589,24590,24591,24593,24594,24627,24628,24629,24630
17102;ia_2922;Iluminación Zadar;Madrid;Compras;"Iluminación y lámparas, Iluminación decorativa; Lámparas exclusivas; Instalación profesional";0;3;3;;;
16711;ia_2466;Ilunion Alcalá Norte;Madrid;Alojamiento;Business Hotel, Accesibilidad, restaurante, gimnasio;0;3;3;;;
16724;ia_2479;Ilunion Atrium;Madrid;Alojamiento;Business Hotel, Piscina, gimnasio, accesibilidad;0;3;3;;;
16738;ia_2493;Ilunion Pio XII;Madrid;Alojamiento;Business Hotel, Restaurante, gimnasio, accesibilidad;0;3;3;;;
1271;ilustrado;Ilustrado;Filipinas;Restaurantes;Top;0;1;3;16176;16177;
1609;ilustres_ignorantes;Ilustres Ignorantes;Madrid;Ocio y eventos;Espectáculos, Otro, Ocio;0;4;4;30159;18430;18428,18429
1229;"imagine_""the_cave""";"Imagine ""The Cave""";Punta Cana;Fiesta;Discotecas;0;4;4;14318;14319;14320,14321,14322,14323
17043;ia_2863;Imagine Digital Events;Madrid;Eventos;Agencia creativa de eventos;0;3;3;;;
17020;ia_2840;Imagine. Creativity Workshop — Imagina Escuela Creativa;Madrid;Eventos;Escuela creativa y talleres;0;3;3;;;
319;imanol;Imanol;Madrid;Restaurantes;Tradicionales;0;4;4;16253;16254;16255,16256
14767;ia_329;Impero Ristorante;Madrid;Restaurantes;Italiana, Pastas, Carnes;0;3;3;;;
3127;in_situ_coffee_and_cocktail_malaga;In Situ Coffee And Cocktail Málaga;Málaga;Fiesta;Bares de copas;0;1;3;20525;20523;20522,20524,20526,20527,20528,20529,20530,20531
15955;ia_1572;In-Pulso Restaurante;Madrid;Restaurantes;"Mediterranea, Cocina de Autor; Mediterránea Moderna";0;3;3;;;
14583;ia_117;Inari - General Pardiñas;Madrid;Restaurantes;Japonesa / Fusión, Sushi, Sashimi, Cocina Japonesa Moderna;0;3;3;;;
508;independance_club;Independance Club;Madrid;Fiesta;Discotecas, Salas de concierto, Electrónica, Rock, Otro;0;4;4;17361;17362;17363
4700;india_martinez;India Martinez;Barcelona;Ocio y eventos;Conciertos;0;3;3;;;
16168;ia_1787;India Palace;Madrid;Restaurantes;"India, Chicken curry; Paneer tikka";0;3;3;;;
14809;ia_381;Indian Accent Madrid;Madrid;Restaurantes;India, Comida Fusión, Curries, Cócteles;0;3;3;;;
16368;ia_1987;Indian Aroma;Madrid;Restaurantes;"India, Pollo tikka masala; Biryani";0;3;3;;;
14764;ia_324;Indian Aroma;Madrid;Restaurantes;India, Curries, Tandoor;0;3;3;;;
15917;ia_1534;Indian Baisakhi restaurante;Madrid;Restaurantes;India, Biryani;0;3;3;;;
15213;ia_798;Indian Bombay;Madrid;Restaurantes;India, Curris, Tandoori, Biryani;0;3;3;;;
14537;ia_8;Indian Flavour;Madrid;Restaurantes;Massaman Curry, Tandoor, Comida India;0;3;3;;;
16188;ia_1807;Indian Garden;Madrid;Restaurantes;"India, Pollo korma; Curry vegetal";0;3;3;;;
16173;ia_1792;Indian Spice;Madrid;Restaurantes;"India, Pollo korma; Curry vegetal";0;3;3;;;
16273;ia_1892;Indian Spice;Madrid;Restaurantes;"India, Pollo curry; Biryani";0;3;3;;;
15805;ia_1399;Indómito Majadahonda;Madrid;Restaurantes;Mediterranea, Tapas, Cocina mediterránea;0;3;3;;;
17299;ia_3120;Indómito108;Madrid;Compras;"Ropa y accesorios, Moda urbana; Estilo alternativo; Diseños creativos";0;3;3;;;
5087;indoor_karting_barcelona;Indoor Karting Barcelona;Barcelona;Ocio y eventos;Experiencias y actividades, Indoor, Ocio, Deporte;0;4;4;45739;45740;45738,45741,45742,45743,45744,45745,45747
15093;ia_677;Infame Restaurant;Madrid;Restaurantes;Española, Callos | Chipirones encebollados | Ceviche | Tiradito;0;3;3;;;
1558;infierno_sala_stella;Infierno Sala Stella;Madrid;Fiesta;Discotecas, Reggeaton, Otro;0;4;3;47709;18314;18313,18315
18515;ia_5708;INKLAB Tattoo & Piercing;Madrid;Wellness;Estudio de tatuajes y piercings;0;1;1;;;
18369;ia_4461;Inmersión nocturna con interpretación del cielo;Madrid;Naturaleza;Ruta de senderismo, Cielo estrellado, entorno rural, Observación especializada, telescopios, guías;0;1;1;;;
17804;ia_3723;Inquisición, El Verdugo, Brujas, Expulsión Judíos y Musulmanes;Madrid;Arte y Cultura;Museo / galería (general), Museo de Arte Precolombino, esculturas, cerámica;0;3;3;;;
5408;insectpark;InsectPark;Madrid;Ocio y eventos;Experiencias y actividades, Exposiciones, Otro, Naturaleza, Indoor;1;3;3;48436;48438;48431,48432,48433,48434,48435,48437,48439,48440
18646;ia_5849;Instalación Deportiva Municipal Básica - Baloncesto Osiris;Madrid;Deportes;Baloncesto;0;1;1;73323;73325;
17093;ia_2914;Instalaciones de Enlace;Madrid;Compras;"Shopping de hogar y decoración, Instalaciones eléctricas; Material eléctrico especializado; Proyectos de iluminación";0;3;3;;;
1012;instituto_cervantes;Instituto Cervantes;Madrid;Qué ver;Arquitectura;0;4;4;17832;17833;17834,17835
17263;insurgente;Insurgente;Madrid;Compras;"Moda y ropa, Tienda alternativa; Moda urbana; Estilo underground";0;4;4;;;
16803;ia_2558;InterContinental Madrid;Madrid;Alojamiento;Luxury Hotel, Spa, restaurante, brunch dominical;0;3;3;;;
18738;ia_5060;Internet ilimitado con datos móviles eSIM en Madrid, España;Madrid;Experiencias Unicas;Excursión de día (Day trip);0;1;1;74055;74056;
18985;ia_5333;Internet ilimitado con datos móviles eSIM en Madrid, España;Madrid;Experiencias Unicas;Clase/Taller de baile;0;1;1;;;
17246;ia_3066;Inti Tattoo Studio;Madrid;Compras;"Tatuajes y piercings, Arte corporal; Inspiración cultural; Diseños únicos";0;3;3;;;
15682;invernadero_-_hotel_y_spa_urso;Invernadero - Hotel & Spa Urso;Madrid;Restaurantes;Mediterranea, Cocina de autor, Platos gourmet;0;4;4;;;74171,74172,74173,74174,74175,74176
5689;inversfest;Inversfest;Madrid;Fiesta, Qué ver;Festivales, Cool Places;0;3;3;;;
15060;ia_644;Inverso Not the classic Italian;Madrid;Restaurantes;Pizza, Creativa;0;3;3;;;
5693;invertfest;Invertfest;Madrid;Fiesta, Ocio y eventos;Festivales, Experiencias y actividades, Conciertos, Indoor;0;3;3;;;
17673;ia_3502;IPA BRAND;Madrid;Compras;Ropa y accesorios, Diseño local, moda urbana, colecciones cápsula;0;3;3;;;
17805;ia_3724;Ir a la Ciudad: Madrid Pase Todo Incluido;Madrid;Arte y Cultura;Museo / galería (general), Museo del Cartel, diseño gráfico, publicidad;0;3;3;;;
14590;ia_125;Irreverente Madrid;Madrid;Restaurantes;Mediterránea / Moderna, Tapas Modernas, Platos Mediterráneos;0;3;3;;;
14958;ia_542;Irukas Cooking;Madrid;Restaurantes;Española, Saludable;0;3;3;;;
498;isabel_lopez_quesada;Isabel López Quesada;Madrid;Compras;Tiendas, Decoración;0;4;4;15731;15732;15733,15734
5634;isabela_warner;Isabela Warner;Barcelona;Ocio y eventos;Conciertos;0;4;3;;;
19215;ia_5579;ISADIA Aventura;Madrid;Experiencias Unicas;Clase/Taller (general);0;1;1;74058;74057;74059
1267;isla_catalina;Isla Catalina;Punta Cana;Qué ver;Escapadas, Cool Places;0;4;4;16040;16041;16042,16043,16044,16045,16046,16047
5843;isla_de_es_vedrà;Isla de Es Vedrà;Ibiza;Qué ver, Ocio y eventos;Cool Places, Experiencias y actividades, Naturaleza, Cultura, Ocio;0;4;4;49954;49956;49955,49957,49958,49959,49960,49961,49962
1266;isla_saona;Isla Saona;Punta Cana;Qué ver;Cool Places;0;4;4;17211;17212;17213,17214,17215,17216
449;islazul;Islazul;Madrid;Compras;Centros comerciales;0;4;4;17983;17984;17985
493;isolee_delicatessen;Isoleé;Madrid;Compras;Tiendas;0;4;4;17681;17682;17683,17684
15579;ia_1169;Issei;Madrid;Restaurantes;Nikkei / Fusión, Cocina japonesa‑peruana;0;3;3;;;
15567;ia_1157;Itakua;Madrid;Restaurantes;Fusión, Latinoamericana;0;3;3;;;
17385;ia_3206;IWC Schaffhausen;Madrid;Compras;"Joyería y relojería de lujo, Alta relojería suiza; Diseños exclusivos; Servicio personalizado";0;3;3;;;
15554;ia_1142;Izakaya Han;Madrid;Restaurantes;Japonesa, Sushi, Ramen;0;3;3;;;
1217;izal;IZAL;Madrid;Ocio y eventos;Conciertos;1;4;3;14399;14400;
15442;ia_1027;Izariya by Masahito Okazoe;Madrid;Restaurantes;Japonesa, Menú kaiseki, Platos de autor;0;3;3;;;
15577;ia_1167;Izo Ramen;Madrid;Restaurantes;Japonesa, Ramen / Street food;0;3;3;;;
14538;ia_10;Iztac;Madrid;Restaurantes;Gourmet, Comida Fusión;0;3;3;;;
17444;ia_3265;Jacob & Co.;Madrid;Compras;"Joyería y relojería de lujo, Relojes joya; Diseños extravagantes; Alta relojería";0;3;3;;;
17546;ia_3367;Jacob & Co. Watches;Madrid;Compras;"Joyería y relojería de lujo, Alta relojería; Diseño extravagante; Joyas de lujo";0;3;3;;;
17386;ia_3207;Jaeger-LeCoultre;Madrid;Compras;"Joyería y relojería de lujo, Alta relojería suiza; Complicaciones icónicas; Servicio personalizado";0;3;3;;;
14703;ia_251;Jaen71;Madrid;Restaurantes;Española, Tapas, Arroces;0;3;3;;;
14740;ia_292;Jalo;Madrid;Restaurantes;Mediterránea, Española, Cocina de mercado;0;3;3;;;
15561;ia_1150;Jama Fusion Carabanchel;Madrid;Restaurantes;Chifa, Cocina fusión;0;3;3;;;
5083;jamboree_dance_club;Jamboree dance club;Barcelona;Fiesta;Discotecas;0;3;3;45706;;45698,45699,45700,45701,45702,45703,45704,45705,45707
17262;ia_3082;Jamonería de juan;Madrid;Compras;"Jamones y embutidos, Charcutería especializada; Jamones selectos; Atención experta";0;3;3;;;
1339;jarabacoa;Jarabacoa;Punta Cana;Qué ver;Escapadas, Barrios;0;4;4;14488;14489;14490,14491,14492
14944;ia_526;Jardin Colgante;Madrid;Restaurantes;Mediterránea, Internacional, Cocina mediterránea, Tapas;0;3;3;;;
18389;ia_4499;Jardín de El Capricho;Madrid;Naturaleza;Excursión a Barajas Jardín De El Capricho, Paisaje histórico, lagos, bosquetes, Recorridos paisajísticos, arquitectura de jardín;0;1;1;;;
18443;ia_4855;Jardín de Gabriel García Márquez;Madrid;Naturaleza;Paseo / relax urbano, Jardin;0;1;1;;;
3020;jardin_de_la_isla;Jardín de la Isla;Aranjuez;Qué ver;Parques;0;4;4;49097;20023;20026,20028,49092,49093,49094,49095,49096,49098,49099,49100,49101,49102,49103,49104,49105,49106,49107,49108,49109
18400;ia_4510;Jardín de las Tres Culturas;Madrid;Naturaleza;Excursión a Barajas Dedicado A La Conviven, Parterres y esculturas, Reflexión cultural, fotografía urbana;1;1;1;;;
3016;jardin_del_parterre;Jardín del Parterre;Aranjuez;Qué ver;Parques;0;4;4;49163;49172;49157,49158,49159,49160,49161,49162,49164,49165,49166,49167,49168,49169,49170,49171,49173,49174,49175
3056;jardin_del_principe;Jardin del Príncipe;Aranjuez;Qué ver;Parques;0;4;4;49148;33526;33527,33531,49137,49139,49140,49141,49142,49143,49144,49145,49146,49147,49149,49150,49151,49152,49153
3431;jardines_de_cuenca;Jardines de Cuenca;Málaga;Qué ver;Cool Places;0;4;4;22174;22169;22170,22171,22172,22173,22175,22176,22177,22178
3771;jardines_de_pedro_luis_alonso;Jardines de Pedro Luis Alonso;Málaga;Qué ver;Parques;0;1;3;24651;24659;24652,24653,24654,24655,24656,24657,24658
18390;ia_4500;Jardines de Sabatini;Madrid;Naturaleza;Excursión a Los Años, Parterres, estanques, Fotografía urbana, visitas culturales;0;1;1;;;
18413;ia_4523;Jardines de Sabatini;Madrid;Naturaleza;Ruta de senderismo, Setos, fuentes, palacio, Fotografía, vistas urbanas;0;1;1;;;
3994;jardines_del_laberinto_de_horta;Jardines del laberinto de horta;Barcelona;Qué ver;Parques;0;4;4;29363;29371;29362,29364,29365,29366,29367,29368,29369,29370
3770;jardines_picasso;Jardines Picasso;Málaga;Qué ver;Parques;0;1;3;24644;24641;24642,24645,24646,24648,24650
16400;ia_2036;Javier Martín Croquetas;Madrid;Restaurantes;Española;0;3;3;;;
16521;ia_2211;Javier Martín Croquetas;Madrid;Restaurantes;Española / Creativa, Tapas / Croquetería;0;3;3;;;
120;jazz_madrid_;Jazz Madrid ;Madrid;Fiesta;Festivales, Otro;0;4;4;14924;14925;
17587;ia_3415;Jefa Sneakers;Madrid;Compras;Moda y ropa, Compra‑venta de sneakers, asesoramiento experto, stock limitado;0;3;3;;;
16442;ia_2109;Jenkins — Emmy‑B (Recinto Ferial de Leganés);Madrid;Restaurantes;Americana / Hamburguesas, Hamburgueserías;0;3;3;;;
17319;ia_3140;Jeromín;Madrid;Compras;"Perfumerías y cosmética, Moda masculina; Sastrería; Estilo clásico madrileño";0;3;3;;;
5160;jerry_thomas__roma;Jerry Thomas, Roma;Filipinas;Fiesta;Bares de copas;0;4;4;46366;46372;46367,46368,46369,46370,46371,46373,46374,46375
17651;ia_3480;JG&P Arquitectos;Madrid;Compras;Estudios de arquitectura e interiorismo, Arquitectura técnica, reformas, interiorismo;0;3;3;;;
15358;ia_943;Jimi Brunch - Understreet Market;Madrid;Restaurantes;Española, Brunch, Tapas, Platos creativos;0;3;3;;;
14709;ia_258;Jingxi Hotpot;Madrid;Restaurantes;China, Hotpot;0;3;3;;;
1586;joaquin_reyes_uno_dos__uno_dos__probando;Joaquín Reyes Uno dos, uno dos, probando;Madrid;Ocio y eventos;Espectáculos, Otro, Monólogo;0;4;3;18347;18348;18349
14581;ia_113;JOMO Rooftop;Madrid;Restaurantes;Cócteles, Tapas Internacionales, Internacional / Fusión;0;3;3;;;
1634;jonas_brothers;Jonas Brothers;Madrid;Ocio y eventos;Conciertos, Comercial, Rock, Musical;0;4;3;18523;18522;18524,18525
1226;jorge_blass_-_360º;Jorge Blass - 360º;Madrid;Ocio y eventos;Espectáculos;1;4;3;15135;15136;
5227;jowke_;Jowke ;Madrid;Fiesta;Discotecas;0;4;4;47230;47233;47229,47231,47232,47234,47235,47236,47237,47238
125;joy_eslava;Joy Eslava;Madrid;Fiesta;Discotecas;1;4;4;15895;15896;15897
4784;joyeria_andres_gallardo_;Joyería Andrés Gallardo ;Madrid;Compras;Tiendas;0;4;4;43880;43875;43876,43877,43878,43879,43881,43882,43883,43884
17294;ia_3115;JOYERIA RON VIDRIE;Madrid;Compras;"Joyerías y relojerías, Joyería clásica; Piezas únicas; Atención personalizada";0;3;3;;;
17110;ia_2930;Juan Antonio Gaviño Sifredo;Madrid;Compras;"Shopping de hogar y decoración, Muebles artesanales; Restauración; Diseños clásicos";0;3;3;;;
14524;ia_95;Juan Raro;Madrid;Restaurantes;Moderna / Española, Tapas Creativas, Cócteles, Cocina Fusión;0;3;3;;;
15984;ia_1601;Juan Raro;Madrid;Restaurantes;"Internacional, Tapas Creativas; Cócteles";0;3;3;;;
864;juancho_marques;Juancho Marqués;Madrid;Ocio y eventos;Conciertos;0;4;4;17605;17606;
17267;ia_3087;Juancho's BBQ (Chamberí) - Hamburguesas en el Mercado de Chamberí;Madrid;Compras;"Mercados de abastos, Restaurante de hamburguesas; Estilo BBQ; Experiencia gastronómica";0;3;3;;;
15101;ia_685;Juancho's BBQ (Gabriel Lobo);Madrid;Restaurantes;Internacional, Hamburguesas;0;3;3;;;
15141;ia_725;Juancho's BBQ (Goya);Madrid;Restaurantes;Internacional, Hamburguesas;0;3;3;;;
15891;ia_1506;Juancho's BBQ (Majadahonda);Madrid;Restaurantes;Americana / BBQ, Barbacoa, Carnes;0;3;3;;;
15697;ia_1291;Juancho's BBQ (Malasaña);Madrid;Restaurantes;Americana, Hamburguesas, Parrilla;0;3;3;;;
15777;ia_1371;Juancho's BBQ (Pozuelo);Madrid;Restaurantes;Americana, BBQ, Carnes;0;3;3;;;
1650;juancho´s_bbq;JUANCHO´S BBQ;Madrid;Restaurantes;Trendy, Hamburguesa, Especialista en carne, Restaurantes, Streetfood;0;4;4;18607;18608;18609,18610
322;juanita_cruz;Juanita Cruz;Madrid;Restaurantes;Tradicionales, Mediterranea, Restaurantes;0;4;4;15395;15396;15398,15399,15400,15401,15402,15403,15404
15202;ia_787;Juanmen;Madrid;Restaurantes;China, Ramen | Noodles | Arroces;0;3;3;;;
18956;ia_5299;Juego autoguiado del misterio del asesinato de Sherlock Holmes en Madrid;Madrid;Experiencias Unicas;Tour guiado (general);0;1;1;;;
18739;ia_5061;Juego autoguiado del misterio del asesinato de Sherlock Holmes en Madrid;Madrid;Experiencias Unicas;Tour guiado (general);0;1;1;74060;74062;74061
18740;ia_5062;Juego autoguiado en Madrid: secretos grandiosos y majestuosos;Madrid;Experiencias Unicas;Excursión de día (Day trip);0;1;1;74063;74065;74064
18957;ia_5300;Juego autoguiado en Madrid: secretos grandiosos y majestuosos;Madrid;Experiencias Unicas;Clase de cocina / Taller culinario;0;1;1;;;
18960;ia_5303;Juego de escape de 2 horas en Prison Island Madrid;Madrid;Experiencias Unicas;Taller de artes (pintura/cerámica/foto);0;1;1;;;
18743;ia_5065;Juego de escape de 2 horas en Prison Island Madrid;Madrid;Experiencias Unicas;Tour guiado (general);0;1;1;74067;74066;74068
18741;ia_5063;Juego de escape Madrid, persigue al asesino;Madrid;Experiencias Unicas;Clase de cocina / Taller culinario;0;1;1;74069;74070;74071
18958;ia_5301;Juego de escape Madrid, persigue al asesino;Madrid;Experiencias Unicas;Excursión de día (Day trip) + Bodega y cata;0;1;1;;;
19005;ia_5354;Juego de escape misterioso sobre el tema de la magia en las calles de Madrid;Madrid;Experiencias Unicas;Tour guiado (general);0;1;1;;;
18744;ia_5066;Juego de escape misterioso sobre el tema de la magia en las calles de Madrid;Madrid;Experiencias Unicas;Excursión de día (Day trip);0;1;1;74072;74073;
18742;ia_5064;Juego de escape Parque del Retiro, búsqueda del tesoro;Madrid;Experiencias Unicas;Cata/Maridaje de vino / Bodega;0;1;1;74075;74076;74074
18959;ia_5302;Juego de escape Parque del Retiro, búsqueda del tesoro;Madrid;Experiencias Unicas;Tour guiado (general);0;1;1;;;
19006;ia_5355;Juego de exploración autoguiado de los secretos de Madrid;Madrid;Experiencias Unicas;Clase de cocina / Taller culinario;0;1;1;;;
18745;ia_5067;Juego de exploración autoguiado de los secretos de Madrid;Madrid;Experiencias Unicas;Food tour / Ruta de tapas;0;1;1;;;
18553;ia_5749;Juego urbano privado en Madrid;Madrid;Deportes;Juego urbano / aventura;0;1;1;73160;73159;
942;juguetronica;Juguetrónica;Madrid;Compras;Marcas y Productos Locales;0;4;3;16619;16620;16621,16622,16623
15615;ia_1206;Jumbo;Madrid;Restaurantes;Peruana / Fusión, Ceviche / Anticuchos / Pisco;0;3;3;;;
311;jurucha_;Jurucha ;Madrid;Restaurantes;Tradicionales, Español, Comida Regional, Restaurantes;0;4;4;18111;18112;18113,18114
248;juvenalia;Juvenalia;Madrid;Ocio y eventos;Ferias;0;4;4;15761;15762;15763
3360;juzcar;Júzcar;Ronda;Ocio y eventos;;0;4;4;21818;21816;21810,21811,21812,21813,21814,21815,21817,21819
16830;ia_2593;JW Marriott Hotel Madrid: sofisticación y calma junto a la Puerta del Sol;Madrid;Alojamiento;Hoteles, Spa y gimnasio 24h;0;3;3;;;
3921;jw_marriott_hotel_santo_domingo;JW Marriott Hotel Santo Domingo;Santo Domingo;Alojamiento;Hoteles;0;4;4;28221;28225;28222,28223,28224,28226,28227,28228,28229,28230
14840;ia_414;K.A;Madrid;Restaurantes;Española, Tapas, Platos caseros;0;3;3;;;
15500;ia_1087;KAA Madrid;Madrid;Restaurantes;Alta cocina, Española;0;3;3;;;
15192;ia_777;Kabuki Madrid;Madrid;Restaurantes;Japonesa, Sushi | Nigiri | Sashimi;0;3;3;;;
18713;ia_5028;KAICAO bean to bar and design your chocolate experience;Madrid;Experiencias Unicas;Clase/Taller (general);0;1;1;74077;72983;
18950;ia_5291;KAICAO bean to bar and design your chocolate experience;Madrid;Experiencias Unicas;Excursión de día (Day trip);0;1;1;;;
19243;ia_5617;Kaicao Chocolate;Madrid;Experiencias Unicas;Clase/Taller (general);0;1;1;;;
15397;ia_982;Kaldi Cafe;Madrid;Restaurantes;Española, Brunch, Tapas modernas, Café;0;3;3;;;
1883;kaleido_;Kaleido ;Málaga;Restaurantes;Trendy, Español, Mediterranea, Restaurantes;0;1;3;19656;19657;19654,19655
15898;ia_1514;Kalma;Madrid;Restaurantes;Mediterranea, Gourmet;0;3;3;;;
17160;ia_2980;Kalua Helados (Fuencarral 131);Madrid;Compras;"Heladerías, Heladería icónica; Variedad de sabores; Producto artesanal";0;3;3;;;
14634;ia_177;Kanbun Barrio de Salamanca;Madrid;Restaurantes;Japonesa / Fusión, Sushi, Cocina asiática moderna, Teppanyaki;0;3;3;;;
14719;ia_268;Kappo;Madrid;Restaurantes;Japonesa, De autor, Omakase, Sushi;0;3;3;;;
15642;ia_1236;Karanday;Madrid;Restaurantes;Española / Creativa, Casquería / Carnes / Tapas;0;3;3;;;
17414;ia_3235;Kari Voutilainen;Madrid;Compras;"Joyería y relojería de lujo, Relojes artesanales; Alta relojería independiente; Tradición suiza";0;3;3;;;
17442;ia_3263;Kari Voutilainen;Madrid;Compras;"Joyería y relojería de lujo, Relojería independiente; Piezas únicas; Tradición suiza";0;3;3;;;
14739;ia_290;Karó;Madrid;Restaurantes;Mediterránea, Comida Fusión, Cocina mediterránea, Cócteles;0;3;3;;;
14536;ia_5;Karrara Terrasse- Hotel Puerta América 5;Madrid;Restaurantes;Mediterranea, Internacional, Mediterránea, Bar;0;3;3;;;
5548;kart_y_fun;Kart y Fun;Málaga;Ocio y eventos;Experiencias y actividades;0;4;4;48797;48796;48772,48773,48774,48775,48776,48777,48778,48779,48780,48781,48798
14946;ia_530;Kaskais Wine Bar;Madrid;Restaurantes;Mediterranea, Gourmet;0;3;3;;;
18461;ia_5653;Katao Tattoo Studio;Madrid;Wellness;Estudio de tatuajes;0;1;1;;;
15524;ia_1111;Kathmandú Fusion;Madrid;Restaurantes;restaurante, India, Nepalí, Fusión;0;3;3;;;
15630;ia_1224;Kathmandu Garden;Madrid;Restaurantes;Hindú / Nepalí, Currys / Momos / Tandoori;0;3;3;;;
15419;ia_1004;Kathmandu Tandoori House;Madrid;Restaurantes;India, Curries, Tandoori, Momos;0;3;3;;;
15320;ia_905;Kato Madrid;Madrid;Restaurantes;Española, Platos de autor, Cocina moderna;0;3;3;;;
15027;ia_611;Katsu;Madrid;Restaurantes;Mediterranea;0;3;3;;;
15538;ia_1125;Katupiri Pizza Bar;Madrid;Restaurantes;Pizza, Italiana, Brasileña;0;3;3;;;
4319;kayak_aranjuez;Kayak Aranjuez;Aranjuez;Ocio y eventos;Experiencias y actividades, Naturaleza;0;4;4;48962;48960;48959,48961,48963,48964,48966,48967
18435;ia_4545;Kayak en el Pantano de San Juan;Madrid;Naturaleza;Deportes acuáticos (kayak/SUP), Embalse, pinares, acantilados, Navegación, baño, observación natural;0;1;1;;;
5178;kayumanis_ubud_private_villas_y_spa__indonesia;Kayumanis Ubud Private Villas & Spa, Indonesia;Filipinas;Alojamiento;Hoteles;0;4;4;46551;46546;46547,46548,46549,46550,46552,46553,46554,46555
15278;ia_863;Kazu;Madrid;Restaurantes;Japonesa, Sushi, Ramen, Yakitori;0;3;3;;;
5317;kebab_hut_-_comida_hindu_;Kebab Hut - Comida Hindu ;Aranjuez;Restaurantes;Low cost, Con terraza, Especial Delivery, Turco, Restaurantes, Hindú;0;3;3;;;47946,47947,47948,47949,47950,47951,47952,47953,47954,47955
14879;ia_456;Kechua;Madrid;Restaurantes;Peruana, Ceviches, Tiraditos, Anticuchos;0;3;3;;;
496;kenay_home;Kenay Home;Madrid;Compras;Tiendas, Decoración;0;4;4;15126;15127;15128,15129
17511;ia_3332;Kenneth Cole Watches;Madrid;Compras;"Joyerías y relojerías, Moda urbana; Diseños accesibles; Estilo contemporáneo";0;3;3;;;
17464;ia_3285;Kerbedanz;Madrid;Compras;"Joyería y relojería de lujo, Alta relojería personalizada; Diseño artístico; Innovación creativa";0;3;3;;;
491;kikekeller;Kikekeller;Madrid;Compras, Ocio y eventos;Galerías de arte, Tiendas, Decoración;0;4;4;17625;17626;17627,17628
575;killer's_discos;Killer's Discos;Madrid;Compras;Tiendas, Música;0;4;4;17734;17735;17737,17738
401;kilometros_de_pizza;Kilómetros de Pizza;Madrid;Restaurantes;Trendy, Pizza, Restaurantes;0;4;4;16138;16139;16140,16142
17672;ia_3501;King of Barber A&F, SL;Madrid;Compras;Peluquerías y barberías, Cortes, afeitado, barbería urbana;0;3;3;;;
16507;ia_2194;Kintaro;Madrid;Restaurantes;Japonesa, Restaurante asiático;0;3;3;;;
16554;ia_2264;Kintaro;Madrid;Restaurantes;Japonesa, Buffet japonés con cinta;0;3;3;;;
15272;ia_857;Kion & Sui;Madrid;Restaurantes;Peruana, Sushi, Ceviches, Baos;0;3;3;;;
14999;ia_583;Kippu;Madrid;Restaurantes;Española;0;3;3;;;
16537;ia_2241;Kippu;Madrid;Restaurantes;Restaurante japonés, Japonesa / Nikkei;0;3;3;;;
15100;ia_684;Kiraku - Callao;Madrid;Restaurantes;Japonesa, Ramen;0;3;3;;;
15196;ia_781;Kiraku - La Moraleja;Madrid;Restaurantes;Japonesa, Ramen | Gyozas | Dim Sum;0;3;3;;;
5659;kiss_concierto_madrid;Kiss Concierto Madrid;Madrid;Ocio y eventos;Conciertos;0;4;3;;;
14762;kitchen_154_·_mercado_de_vallehermoso;Kitchen 154 · Mercado de Vallehermoso;Madrid;Restaurantes;Asiática, Comida Fusión, Curries, Ramen;0;4;4;74258;74256;74255,74257
3882;kitchen_center_santo_domingo;Kitchen Center Santo Domingo;Santo Domingo;Compras;Tiendas;0;4;4;26553;26552;26550,26551,26554,26555,26556,26557,26558,26559
15352;ia_937;Kiyota Chamberi;Madrid;Restaurantes;Japonesa, Sushi, Platos japoneses;0;3;3;;;
17577;ia_3401;Klast Home;Madrid;Compras;Hogar y Decoración, Envío rápido (<3 días en stock);0;3;3;;;
16617;ia_2339;Kluster — REBEL (KLUSTER);Madrid;Nightlife;Macrofiesta LGTBIQ+;0;3;3;;;
915;koh_tao;Koh Tao;Madrid;Fiesta;Discotecas;0;4;4;18003;18004;18005,18006
15660;ia_1254;Koldovinia;Madrid;Restaurantes;Internacional, Cocina creativa, Platos modernos;0;3;3;;;
3593;kombi_22_shop;Kombi 22 shop;Madrid;Compras;Tiendas;0;4;4;23275;23270;23268,23269,23271,23273,23274,23277,29488,29489,29490
3556;könig_;König ;Barcelona;Restaurantes;Trendy, Español, Restaurantes;0;4;4;23043;25262;23042,23044
17432;ia_3253;Konstantin Chaykin;Madrid;Compras;"Joyería y relojería de lujo, Relojes creativos; Complicaciones únicas; Innovación relojera";0;3;3;;;
1507;kooza;Kooza;Madrid;Ocio y eventos;Espectáculos, Musical, Circo, Ocio;1;4;1;13042;13043;13036,13037,13038,13039,13040,13041,13044
17552;ia_3373;Korloff Watches;Madrid;Compras;"Joyería y relojería de lujo, Joyas de lujo; Relojes exclusivos; Estilo parisino";0;3;3;;;
716;kristonfest;Kristonfest;Madrid;Fiesta;Festivales, Rock, Otro;0;4;4;15898;15899;
14681;ia_226;Krüger;Madrid;Restaurantes;Alemana / Tradicional, Salchichas, Codillo, Cervezas alemanas;0;3;3;;;
15503;ia_1090;Küche;Madrid;Restaurantes;Internacional, Comida Fusión;0;3;3;;;
15532;ia_1119;Kuili Korean BBQ - Usera;Madrid;Restaurantes;Coreana, Barbacoa;0;3;3;;;
14580;ia_111;KultO;Madrid;Restaurantes;Mediterránea / Creativa, Cocina de Autor, Mediterránea;0;3;3;;;
1261;kulture;Kulture;Filipinas;Compras;Tiendas, Marcas y Productos Locales, Decoración;0;1;3;16251;16252;
17229;ia_3049;Kunaq - Cosmética Natural y Ecológica;Madrid;Compras;"Perfumerías y cosmética, Cosmética natural; Productos ecológicos; Filosofía sostenible";0;3;3;;;
17239;ia_3059;Kunaq - Cosmética Natural y Ecológica;Madrid;Compras;"Perfumerías y cosmética, Cosmética natural; Productos ecológicos; Filosofía sostenible";0;3;3;;;
14609;ia_148;Kuoco 360 food;Madrid;Restaurantes;Internacional / Creativa, Cocina Fusión, Platos de Autor;0;3;3;;;
3887;kur_spa_y_medicina_estetica;Kur Spa & Medicina Estética;Santo Domingo;Compras;Para ti;0;4;4;26564;26566;26565,26568
15784;ia_1378;Kuraya;Madrid;Restaurantes;Japonesa, Sushi, Platos japoneses;0;3;3;;;
15283;ia_868;Kuroi;Madrid;Restaurantes;Española, Sushi, Ramen, Gyozas;0;3;3;;;
18631;ia_5834;Kushala Centro De Yoga Y Bienestar;Madrid;Deportes;Yoga / Pilates;0;1;1;73321;73322;
18636;ia_5839;Kushala Centro De Yoga Y Bienestar;Madrid;Deportes;Yoga / Pilates;0;1;1;;;
3219;kütral;Kütral;Ronda;Restaurantes;Top, Argentino, Restaurantes;0;4;4;26792;;21101,21102,26790,26791
5597;kütral_di;Kütral_di;Ronda;Restaurantes;Top;1;1;3;;;
5594;kütral_diego;Kütral_diego;Ronda;Restaurantes;Top;1;1;3;;;48980,48981,48982,48983,48984,48985,48986,48987,48988,48989
5596;kütral_diego1;Kütral_diego1;Ronda;Restaurantes;Top;1;1;3;;;48990,48991,48992,48993,48994,48995,48996,48997,48998,48999
15003;ia_587;Kyoshi by “Ricardo Sanz” - Hotel Double Tree by Hilton Prado;Madrid;Restaurantes;Mediterranea;0;3;3;;;
15508;ia_1095;Kyoshi Las Cortes;Madrid;Restaurantes;Japonesa, Sushi y ramen;0;3;3;;;
14669;ia_214;L'Albufera - Hotel Meliá Castilla;Madrid;Restaurantes;Española, Mediterránea, Paellas valencianas, Fideuás, Cocina de autor;0;3;3;;;
15222;ia_807;L'Entrecote Café de París - Conde de Aranda;Madrid;Restaurantes;Española, Carne, Entrecot;0;3;3;;;
15631;ia_1225;L'Entrecote Café de Paris - Félix Boix;Madrid;Restaurantes;Francesa / Brasserie, Entrecot / Carne / Salsas especiales;0;3;3;;;
5106;l'hortet_;L'hortet ;Barcelona;Restaurantes;Veggie;0;4;4;45894;45891;45897,45900,45909
15496;ia_1083;L'Italiana;Madrid;Restaurantes;restaurante, Italiana;0;3;3;;;
18523;l'orangerie_es_blonde_concept;L'Orangerie es Blonde Concept;Madrid;Wellness;Peluquería;0;4;4;;;74002,74003,74004,74005,74006
500;l.a._studio_;L.A. Studio ;Madrid;Compras;Tiendas, Decoración;0;4;4;17045;17046;17047,17048,17050,17051,17052,17053,17054,17055,17056,17057
1478;la__comarca_de_los_juegos;La  Comarca de los Juegos;Madrid;Compras;Tiendas, Accesorios, Coleccionista;1;4;1;;;
3911;la_abaceria_ronda;La Abacería Ronda;Ronda;Restaurantes;Tradicionales, Español, Comida Regional, Mediterranea, Restaurantes;0;4;4;27289;27309;26875,27285,27286,27288,27290,27310
756;la_aceitera_de_la_abuela;La Aceitera de la Abuela;Madrid;Compras;Marcas y Productos Locales;0;4;4;17523;17524;
17176;ia_2996;La Alacena Del Gourmet;Madrid;Compras;"Tiendas gourmet, Tienda gourmet; Productos artesanales; Atención experta";0;3;3;;;
1837;la_alcazaba;La Alcazaba;Málaga;Qué ver;Plazas y monumentos;0;4;4;19410;19408;19409,19411,19412
5342;la_alegria_aranjuez;La Alegría Aranjuez;Aranjuez;Restaurantes;Tradicionales, Español, Restaurantes;0;3;3;;;48141,48142,48143,48144,48145,48146,48147,48148,48149,48150
5603;la_alvaroteca;La Alvaroteca;Málaga;Restaurantes;Trendy, Tradicionales;0;4;4;49029;49028;49018,49019,49020,49021,49022,49023,49024,49025,49026,49027
16622;ia_2344;La Analógica;Madrid;Nightlife;Bar musical;0;3;3;;;
5004;la_ancha;La Ancha;Madrid;Restaurantes;Con terraza;1;4;4;44679;44659;44661,44663,44664,44665,44666,44667,44668,44680
15849;ia_1443;La Antigua Bar Andes;Madrid;Restaurantes;Española, Tapas, Cocina tradicional;0;3;3;;;
14901;ia_479;La Antoñita - Hotel Posada del Dragón;Madrid;Restaurantes;Mediterránea, Española, Tapas, Cocina de autor;0;3;3;;;
309;la_ardosa;La Ardosa;Madrid;Restaurantes;Tradicionales, Español, Restaurantes;1;4;4;16067;16068;16070,16071,16072
14670;ia_215;La Arepera Sol;Madrid;Restaurantes;Venezolana / Casera, Arepas, Cachapas, Tequeños;0;3;3;;;
14617;ia_156;La Atalaya de Mayte;Madrid;Restaurantes;Española, Carnes, Pescados, Cocina Castellana;0;3;3;;;
3517;la_aurora_cigar_world_santiago;La Aurora Cigar World Santiago;Santo Domingo;Compras;Marcas y Productos Locales;0;4;4;22752;22760;22753,22754,22755,22756,22757,22758,22759,22761
16050;ia_1669;La Bajada Street Food;Madrid;Restaurantes;"Peruana, Ceviche; Lomo Saltado";0;3;3;;;
15440;ia_1025;La Bajada Street Food - Vicálvaro;Madrid;Restaurantes;Española, Anticuchos, Ceviches, Platos callejeros;0;3;3;;;
15077;ia_661;La Barra;Madrid;Restaurantes;Peruana;0;3;3;;;
15507;ia_1094;La Barra de la Tasquería;Madrid;Restaurantes;Española, Casquería;0;3;3;;;
15461;ia_1047;La Barraca;Madrid;Restaurantes;"Valenciana; Española, Arroces; Paellas; Fideuá";0;3;3;;;
745;la_barraca;La Barraca;Madrid;Restaurantes;Tradicionales, Español, Restaurantes, Restaurant & Club;0;4;4;16287;16288;16289,16290,16291
345;la_bicicleta;La Bicicleta;Madrid;Restaurantes;Trendy, Café y té;0;4;4;18190;18191;18192
16415;la_bicicleta_cafe;La Bicicleta Café;Madrid;Restaurantes;Internacional, Café / Brunch;0;4;4;74555;74556;74558,74563,74564,74565
5266;la_bien_aparecida;La bien aparecida;Madrid;Restaurantes;Top, Restaurantes;0;3;3;;;47549,47550,47551,47552,47553,47554,47555,47556,47557,47558
5244;la_bistroteca_;La bistroteca ;Madrid;Restaurantes;Low cost, Fusión, Restaurantes;0;4;4;47381;47379;47380,47382,47383,47384,47385,47386,47387,47388
4015;la_bobia;La Bobia;Madrid;Restaurantes;Trendy, Español, Restaurantes, Bares y Pubs;0;4;4;30290;30292;30291,30293,30294,30295,30296,30297,30298,30299
15517;ia_1104;La Bobia;Madrid;Restaurantes;Asturiana, Taberna tradicional;0;3;3;;;
16112;ia_1731;La Bodega Vasca;Madrid;Restaurantes;"Vasca, Pintxos; Txuleton";0;3;3;;;
4696;la_bola_suite_apartaments;La Bola Suite Apartaments;Ronda;Alojamiento;Apartamentos;1;3;3;42950;42948;42942,42943,42944,42945,42946,42947,42949,42951
888;la_bola_taberna;La Bola Taberna;Madrid;Restaurantes;Tradicionales, Español;0;4;4;15159;15161;15160
15334;ia_919;La Bonita Madrid - Calle Rosario Pino;Madrid;Restaurantes;Mexicana, Platos mediterráneos, Carnes, Pescados;0;3;3;;;
15521;ia_1108;La Botillería - Plaza de Oriente;Madrid;Restaurantes;Mediterranea, Restaurante mediterráneo;0;3;3;;;
5847;la_brasa_;La Brasa ;Ibiza;Restaurantes;Tradicionales, Español, Restaurantes;0;3;3;49599;;
14683;ia_228;La Braserí at Hotel Montera, Curio Collection by Hilton;Madrid;Restaurantes;Mediterránea / Creativa, Cocina de autor, Mariscos, Platos refinados;0;3;3;;;
16079;ia_1698;La Brasserie Française;Madrid;Restaurantes;"Francesa, Entrecot; Crêpes";0;3;3;;;
521;la_brocanterie_decoracion;La Brocanterie;Madrid;Compras;Tiendas, Decoración;0;4;4;14428;14429;14430,14431
3809;la_bruja_chupadora_bbq_y_pub;La Bruja Chupadora BBQ & Pub;Punta Cana;Restaurantes;Trendy, Especialista en carne, Restaurantes, Bares y Pubs;0;4;4;24904;24900;24901,24902,24903,24905,24906,24907,24908,24909
15635;ia_1229;La Buena Guarda (M);Madrid;Restaurantes;Americana / Gourmet, Hamburguesas / Carne / Guarniciones;0;3;3;;;
1388;la_buena_ventura;La Buena Ventura;Madrid;Fiesta;Bares de copas, Salas de concierto;0;4;3;18069;18070;18071,18074,18076
14529;ia_108;La Buganvilla Almagro;Madrid;Restaurantes;Mediterránea, Española, Arroces, Pescados, Mariscos;0;3;3;;;
14737;ia_288;La Burlona;Madrid;Restaurantes;Mediterránea, Comida Fusión, Tapas, Vermut;0;3;3;;;
15435;ia_1020;La Cabra;Madrid;Restaurantes;Española, Platos de autor, Tapas creativas;0;3;3;;;
14815;ia_387;La Cabrera Madrid;Madrid;Restaurantes;Argentino, Carnes a la brasa;0;3;3;;;
740;la_campana;La campana;Madrid;Restaurantes;Low cost, Español, Restaurantes;1;4;4;14562;14563;14564,14566
16010;ia_1627;La Caníbal;Madrid;Restaurantes;"Internacional, Tapas; Vinos; Cervezas";0;3;3;;;
16387;ia_2014;La Caníbal;Madrid;Restaurantes;Española, Comida de Temporada;0;3;3;;;
14746;ia_298;La Canica;Madrid;Restaurantes;Mediterránea, Española, Tapas, Carnes;0;3;3;;;
894;la_cantina_de_matadero;La cantina de Matadero;Madrid;Restaurantes;Trendy, Español, Restaurantes, Restaurant & Club;0;4;4;17016;17017;17018,17019
1495;la_carlota;La Carlota;Madrid;Restaurantes;Trendy, Restaurantes, Restaurant & Club;0;4;4;12288;12289;12290,12291,12292
14842;ia_416;La Carmela;Madrid;Restaurantes;Tapas, Cocina Madrileña, Madrileña;0;3;3;;;
1896;la_casa_azul_byb;La Casa Azul B&B;Málaga;Alojamiento;Low cost, Wifi, Estética, Restaurante, Traslados;0;4;4;19722;19721;19720
15827;ia_1421;La Casa de Cristal;Madrid;Restaurantes;Internacional, Platos internacionales, Cocina gourmet;0;3;3;;;
15535;ia_1122;La Casa de las Parrilladas - Valadouro;Madrid;Restaurantes;Tradicional / Española, Carnes / Mariscos / Parrilla;0;3;3;;;
16901;ia_2670;La Casa de Papel : El verdadero atraco en Madrid recorrido a pie;Madrid;Eventos;Experiencia guiada / cultural;0;3;3;;;
3941;la_casa_del_jamon;La Casa del Jamón;Ronda;Experiencias y Actividades;Comercios, productos locales y artesanía;0;4;4;28498;28497;28491,28492,28493,28494,28495,28496,28499,28500
18273;la_casa_encendida;La Casa Encendida;Madrid;Arte y Cultura;Excursión / day trip, Arte contemporáneo, talleres, conciertos;0;4;4;74523;74524;74525,74526
215;la_casa_encendida_;La Casa Encendida ;Madrid;Fiesta;Bares de copas, Otro;1;4;4;16941;16942;16943,16944
1318;la_casita_de_yeya;La Casita de Yeya;Punta Cana;Restaurantes;Low cost, Comida Regional;0;4;4;18136;18137;18138,18139,18140,18141,18142,18143
16095;ia_1714;La Casona de Ávila;Madrid;Restaurantes;"Castellana, Chuletón; Judías del Barco";0;3;3;;;
3448;la_cassina;La Cassina;Santo Domingo;Restaurantes;Top;0;4;4;22327;22325;22326,22328,22329,22330,22331,22332,22333,22334
14649;ia_194;La Castafiore;Madrid;Restaurantes;Española / Tradicional, Cocina española, Cena con ópera, Ambiente clásico;0;3;3;;;
14626;ia_165;La Catorce;Madrid;Restaurantes;Mediterranea, Cocina Mediterránea Creativa;0;3;3;;;
438;la_catrina;La Catrina;Madrid;Restaurantes;Tradicionales, Mexicano, Restaurantes;0;4;4;15711;15712;15713,15714
3330;la_cava_kitchen_y_bar;La Cava Kitchen & Bar;Punta Cana;Fiesta, Restaurantes;Bares de copas;0;4;4;21646;21641;21642,21643,21645,21647,21648,21649,21650
18285;la_cazalla_de_ronda;La Cazalla de Ronda;Ronda;Alojamiento;Hoteles;0;3;3;;;
15825;ia_1419;La Cebichería de Trafalgar;Madrid;Restaurantes;Peruana, Ceviches, Cocina peruana;0;3;3;;;
18272;la_central_callao);La Central (Callao);Madrid;Arte y Cultura;Librería / Bookstore, Ensayo, literatura, poesía, arte;0;4;4;74533;74535;74532,74534
492;la_central_de_callao;La Central de Callao;Madrid;Compras;Tiendas, Libros;0;4;4;16644;16645;16646,16647,16649
3142;la_cepa_malaga;La Cepa Málaga;Málaga;Restaurantes;Low cost;0;1;3;20686;20683;20684,20685,20687,20688,20689,20690,20691,20692
14932;ia_514;La Chabuca;Madrid;Restaurantes;Peruana, Cocina Peruana;0;3;3;;;
14915;ia_496;La Chalana - Mercado Barcelo;Madrid;Restaurantes;Asturiana, Cachopos, Mariscos;0;3;3;;;
14788;ia_358;La Chalana Bernabeu;Madrid;Restaurantes;Asturiana, Mariscos, Fabada;0;3;3;;;
15589;ia_1180;La Chalana Clara del Rey;Madrid;Restaurantes;Asturiana / Española, Mariscos / Fabada / Pescados;0;3;3;;;
15533;ia_1120;La Chamana;Madrid;Restaurantes;Fusión, Latina;0;3;3;;;
16565;ia_2278;La Charca Taberna;Madrid;Restaurantes;Española / Tradicional, Taberna;0;3;3;;;
14679;ia_224;La Chingona;Madrid;Restaurantes;Mexicana / Creativa, Tacos, Margaritas, Platos de autor;0;3;3;;;
1392;la_chocita_del_loro;La Chocita del Loro;Madrid;Ocio y eventos;Experiencias y actividades, Espectáculos, Monólogo, Ocio;0;4;3;47706;16034;16035,16038,16039
17003;ia_2823;La Chocita Sueca;Madrid;Eventos;Show de comedia;0;3;3;;;
15886;ia_1501;La Choripaneria - Chamberí;Madrid;Restaurantes;Argentino, Parrilla, Platos argentinos;0;3;3;;;
15828;ia_1422;La Choza de David;Madrid;Restaurantes;Española, Tapas, Cocina tradicional;0;3;3;;;
14700;ia_245;La Chula;Madrid;Restaurantes;Mexicana / Moderna, Tacos, Margaritas, Nachos;0;3;3;;;
4236;la_ciudad;La Ciudad;Ronda;Qué ver;Barrios;0;4;4;42828;36215;36213,36216,36218,36219,36221,36222,36223,36224
18280;ia_4438;La Ciudad Invisible;Madrid;Arte y Cultura;Librería / Bookstore, Libros de viajes, guías alternativas;0;3;3;;;
3752;la_cochera_cabaret;La Cochera Cabaret;Málaga;Fiesta;Salas de concierto;0;4;4;24409;24404;24401,24402,24405,24406,24407,24408,24410
16506;ia_2193;La Cochinita Loca;Madrid;Restaurantes;Mexicana, Taquería;0;3;3;;;
15487;ia_1074;La Cocina de los Hermanos Torres;Madrid;Restaurantes;"De autor, Menú degustación; Creativo; Temporada";0;3;3;;;
354;la_cocina_del_desierto;La Cocina del Desierto;Madrid;Restaurantes;Tradicionales, Árabe, Restaurantes;0;4;4;15963;15964;15965,15966
15185;ia_770;La Cocinita de Zoe;Madrid;Restaurantes;Mediterranea, Desayunos y Brunch | Bocatas & Sandwiches;0;3;3;;;
3143;la_cocotte_malaga;La Cocotte Málaga;Málaga;Restaurantes;Low cost;0;1;3;20699;20700;20693,20694,20695,20696,20697,20698,20701,20702
17153;ia_2973;La Colonial de Ultramar - tienda de té y café;Madrid;Compras;"Tiendas de té y café, Tienda gourmet; Tés y cafés exclusivos; Atención personalizada";0;3;3;;;
1479;la_comarca_de_los_juegos;La Comarca de los Juegos;Madrid;Compras;Tiendas;1;4;1;11949;;11948,11950,11951,11952,11953
4278;la_coneria;La coñería;Madrid;Restaurantes;Trendy, Pastelerias y Panaderias;0;4;4;36573;36571;36496,36497,36503,36572
15691;ia_1285;La Cosecha;Madrid;Restaurantes;Mediterranea, Cocina mediterránea, Platos saludables;0;3;3;;;
1905;la_cosmopolita;La Cosmopolita;Málaga;Restaurantes;Tradicionales, Español, Restaurantes;0;1;3;19767;19766;19768
15157;ia_741;La CoZina;Madrid;Restaurantes;Española, Arroces | Paella | Mariscos;0;3;3;;;
15431;ia_1016;La Cuadra de Salvador;Madrid;Restaurantes;Española, Ceviches, Tiraditos, Platos fusión;0;3;3;;;
15747;ia_1341;La Cuchara;Madrid;Restaurantes;Española, Tapas, Cocina tradicional;0;3;3;;;
16661;ia_2383;La Cueva de Lola;Madrid;Nightlife;Tablao flamenco;0;3;3;;;
14947;ia_531;La Cúspide Mostoles;Madrid;Restaurantes;Peruana, Comida Fusión;0;3;3;;;
15309;ia_894;La Cúspide Pinto;Madrid;Restaurantes;Española, Tapas, Platos internacionales;0;3;3;;;
15245;ia_830;La Damasquina;Madrid;Restaurantes;Española, Cocina casera, Platos mediterráneos;0;3;3;;;
366;la_daniela;La Daniela;Madrid;Restaurantes;Tradicionales, Comida Regional, Restaurantes;0;4;4;17058;17059;17060,17061,17064,17065
4033;la_dehesa_de_los_monteros;La Dehesa de Los Monteros;Ronda;Experiencias y Actividades;Experiencias y Actividades;1;4;4;31220;31227;31219,31221,31222,31223,31224,31225,31226
5107;la_desayuneria_barcelona;La desayunería Barcelona;Barcelona;Restaurantes;Dog Friendly;0;4;4;45917;45916;45911,45912,45914,45915,45918,45919,45920
15384;ia_969;La Despensa;Madrid;Restaurantes;Española, Tapas, Carnes, Guisos;0;3;3;;;
5009;la_diavla;La Diavla;Madrid;Fiesta;Bares de copas;0;4;4;44761;;44762,44763,44764,44765,44766,44767,44768,44769,44770
15078;ia_662;La Divisa;Madrid;Restaurantes;Española, Estofado;0;3;3;;;
15321;ia_906;La Doña;Madrid;Restaurantes;Española, Platos caseros, Menús del día;0;3;3;;;
14545;ia_25;La Duda Ofende;Madrid;Restaurantes;Española / Fusión, Cocina Creativa, Gastrobar, Tapas;0;3;3;;;
5322;la_dulce_bailarina;La Dulce Bailarina;Aranjuez;Restaurantes;Tradicionales, Pastelerias y Panaderias;0;3;3;;;47976,47977,47978,47979,47980,47981,47982,47983,47984,47985
17569;ia_3391;La Ecotienda del Mercado;Madrid;Compras;€-€€, https://laecotienda.es/;0;3;3;;;
225;la_embarcacion_de_la_virgen_de_la_alarilla;La Embarcación de la Virgen de la Alarilla;Madrid;Fiesta;Fiesta de barrios;0;4;4;18188;18189;
15911;ia_1527;La Encomienda;Madrid;Restaurantes;Vegana;0;3;3;;;
15802;ia_1396;La Escalera del 15;Madrid;Restaurantes;Española, Cocina tradicional, Tapas;0;3;3;;;
15575;ia_1165;"La Escalera del Vino ' LEV""";Madrid;Restaurantes;Española contemporánea, Cocina de mercado / Vinos;0;3;3;;;
15665;ia_1259;La Española;Madrid;Restaurantes;Española, Tapas, Cocina tradicional;0;3;3;;;
14604;ia_143;La Espumosa Terraza MADRID;Madrid;Restaurantes;Española, Tapas, Cervezas, Cocina Española;0;3;3;;;
16392;ia_2023;La Esquina de Eusebio;Madrid;Restaurantes;Española;0;3;3;;;
17137;ia_2957;La Esquina del Granel;Madrid;Compras;"Tiendas a granel y especias, Tienda a granel; Productos ecológicos; Atención personalizada";0;3;3;;;
14971;ia_555;La Esquina Peruana;Madrid;Restaurantes;Peruana;0;3;3;;;
15270;ia_855;La Estación de los Porches;Madrid;Restaurantes;Española, Asados, Platos caseros;0;3;3;;;
5324;la_estrella_de_aranjuez;La Estrella De Aranjuez;Aranjuez;Restaurantes;Trendy, Low cost, Con terraza;0;3;3;;;48003,48004,48005,48006,48007,48008,48009,48010,48011,48012
1043;la_estrella_de_okuda_;La estrella de Okuda ;Madrid;Qué ver;Cool Places;0;4;4;16678;16679;
14920;ia_502;La Estrella Madrid;Madrid;Restaurantes;Española, Tapas, Menú diario;0;3;3;;;
487;la_fabrica;La Fábrica;Madrid;Compras, Ocio y eventos;Tiendas, Libros;0;4;4;74229;74230;74231
4241;la_fabrica_21;La Fábrica 21;Madrid;Restaurantes;Trendy, Español, Alemán, Fusión, Restaurantes;0;4;4;36441;36378;36379,36380,36381,36383,36384,36385,36386,36387
17783;ia_3678;La fabricación de malasaña;Madrid;Arte y Cultura;Excursión de un día a Toledo, Museo Arqueológico Nacional, Dama de Elche, tesoros íberos;0;3;3;;;
5002;la_falafeleria;La falafelería;Madrid;Restaurantes;Veggie;0;4;4;44573;;44570,44571,44572,44574,44575,44576,44577,44578,44579
4982;la_faleferia;La falefería;Madrid;Restaurantes;Veggie;1;3;3;;;
4049;la_farnesina_cafe_wine_bar;La Farnesina café wine bar;Aranjuez;Restaurantes;Tapas;0;4;4;31578;31579;31501,31502,31574,31575,31576,31577
15013;ia_597;La Farruca Gastrobar;Madrid;Restaurantes;Mediterranea, Comida Fusión;0;3;3;;;
4745;la_fiambrera_art_gallery_;La fiambrera Art Gallery ;Madrid;Compras, Qué ver;Galerías de arte, Tiendas, Cool Places, Para ti, Decoración, Libros, Coleccionista;0;4;4;43626;43628;43624,43625,43627,43629,43630,43631,43632,43633
18302;ia_4350;La Fiambrera Art Gallery;Madrid;Arte y Cultura;Museo / galería (general), pop art / ilustración contemporánea, tienda de gráfica, artistas internacionales, Shepard Fairey, Shag, Gary Baseman;0;1;1;73583;73580;
15254;ia_839;La Fina Pizza;Madrid;Restaurantes;Italiana, Pizza, Pasta;0;3;3;;;
352;la_finca_de_susana;La Finca de Susana;Madrid;Restaurantes;Trendy, Mediterranea, Restaurantes;0;4;4;18122;18123;18124,18125
15553;ia_1140;La Flaca Taberna;Madrid;Restaurantes;Internacional;0;3;3;;;
3880;la_flor_dominicana;La Flor Dominicana;Santo Domingo;Compras;Marcas y Productos Locales;0;4;4;26533;26535;26530,26532,26534,26536,26537,26538,26539
15856;ia_1450;La Florería;Madrid;Restaurantes;Española, Tapas, Cocina moderna;0;3;3;;;
14490;ia_13;La Fonda Lironda;Madrid;Restaurantes;Cocina Española moderna, Brasas, Comida Fusión;0;3;3;;;
15069;ia_653;La fondue de tell;Madrid;Restaurantes;Internacional, Fondue;0;3;3;;;
15666;ia_1260;La Fontana de Cronos;Madrid;Restaurantes;Española, Cocina tradicional, Tapas;0;3;3;;;
3787;la_fortaleza_de_san_felipe;La Fortaleza de San Felipe;Santo Domingo;Qué ver;Parques;0;4;4;24763;24755;24756,24757,24758,24759,24760,24761,24762,24764
15415;ia_1000;La Fragua;Madrid;Restaurantes;Española, Carnes, Guisos, Tapas;0;3;3;;;
14805;ia_375;La Fragua de Sebín;Madrid;Restaurantes;Española, Madrileña, Tapas, Raciones, Guisos;0;3;3;;;
5653;la_fresca_en_concert;La Fresca en Concert;Barcelona;Ocio y eventos;Conciertos;0;4;4;;49305;
16578;ia_2299;La Fuente;Madrid;Restaurantes;Española / Tradicional, Bar de tapas / Casa de comidas;0;3;3;;;
1617;la_fuga_de_alcatrax;La Fuga de AlcatraX;Madrid;Ocio y eventos;Experiencias y actividades, Indoor, Otro;0;4;3;18471;18473;18472
385;la_gabinoteca;La Gabinoteca;Madrid;Restaurantes;Trendy, Vinoteca, Restaurantes;0;4;4;17174;17175;17176,17177
15939;ia_1556;La Gamba Dorada Restaurante Cafetería;Madrid;Restaurantes;"Española, Mariscos; Tapas; Frituras";0;3;3;;;
16485;ia_2168;La Gamberra 2.0 (The Champions Burger);Madrid;Restaurantes;Americana / Gourmet, Hamburguesería artesanal;0;3;3;;;
17067;ia_2888;LA GAMBERRA VINTAGE;Madrid;Compras;Tiendas Vintage, Curaduría de moda alternativa, Estilo urbano retro, Piezas únicas;0;3;3;;;
17077;ia_2898;LA GAMBERRA VINTAGE;Madrid;Compras;Tiendas Vintage, No disponible;0;3;3;;;
542;la_gastro_de_chema;La Gastro de Chema;Madrid;Restaurantes;Tradicionales;0;4;4;15857;15858;15860,15861,15862,15863
19246;ia_5620;La Gatoteca;Madrid;Experiencias Unicas;Tour/experiencia (general);0;1;1;74079;74078;74080
448;la_gavia;La Gavia;Madrid;Compras;Centros comerciales;0;4;4;14904;14905;14906,14907,14908,14909
17159;ia_2979;La Gelateria Italiana;Madrid;Compras;"Heladerías, Helados italianos; Ingredientes naturales; Tradición artesanal";0;3;3;;;
353;la_gloria_de_montera;La Gloria de Montera;Madrid;Restaurantes;Trendy, Mediterranea, Restaurantes;0;4;4;15581;15582;15583,15585
14910;ia_489;La Gloria de Montera;Madrid;Restaurantes;Española, Mediterránea, Tapas, Menú diario;0;3;3;;;
3803;la_gloria_rooftop;La Gloria Rooftop;Santo Domingo;Fiesta, Ocio y eventos;Discotecas, Bares de copas, Más de 18;0;4;4;24854;24852;24848,24849,24850,24851,24853,24855,24856,24857
15439;ia_1024;La Goyesca;Madrid;Restaurantes;Española, Tapas, Platos globales, Vinos;0;3;3;;;
577;la_gramola;La Gramola;Madrid;Compras;Tiendas, Música;1;4;4;16170;16171;16172
15373;ia_958;La Gran Pulpería;Madrid;Restaurantes;Gallega, Pulpo a la gallega, Mariscos;0;3;3;;;
14557;ia_58;La Gruta Valdebernardo;Madrid;Restaurantes;Española / Madrileña, Tapas, Cocina Madrileña;0;3;3;;;
17245;ia_3065;La Guerrera Tattoo;Madrid;Compras;"Tatuajes y piercings, Tatuajes de autor; Estilo personal; Experiencia creativa";0;3;3;;;
3697;la_guingueta_de_la_barceloneta;La Guingueta de la Barceloneta;Barcelona;Restaurantes;Low cost, Español, Mediterranea, Restaurantes;0;4;4;23786;23791;23787,23788,23789,23790,23792,23793,23794,23795
15485;ia_1072;La Guisandera de Piñera;Madrid;Restaurantes;"Asturiana, Fabada; Callos; Pescados";0;3;3;;;
14696;ia_241;La Herradura Pizza Bar;Madrid;Restaurantes;Italiana / Creativa, Pizzas, Copas, Tapas italianas;0;3;3;;;
17784;ia_3679;La historia del río Manzanares: un audio tour autoguiado en Madrid;Madrid;Arte y Cultura;Excursión / day trip, Museo Nacional de Ciencias Naturales, dinosaurios, minerales;0;3;3;;;
17562;ia_3383;La Hormiga Negra – Outlet Stock;Madrid;Compras;Shopping de liquidación & outlets, Actualizaciones diarias de stock & ofertas flash;0;3;3;;;
16093;ia_1712;La Huerta Vegana;Madrid;Restaurantes;"Vegetariana, Hamburguesas Veganas; Bowls";0;3;3;;;
18277;ia_4435;La Infinito;Madrid;Arte y Cultura;Librería / Bookstore, Libros, brunch, música en vivo;0;3;3;;;
18282;ia_4440;La Infinito;Madrid;Arte y Cultura;Librería / Bookstore, Libros, música en vivo, brunch;0;3;3;;;
375;la_infinito_cafe;La Infinito Café;Madrid;Restaurantes;Trendy, Mediterranea, Café y té;0;4;4;16698;16699;16700
15647;ia_1241;La Inquilina;Madrid;Restaurantes;Mediterránea / Creativa, Arroces / Pescados / Carnes;0;3;3;;;
5628;la_intrusa;La Intrusa;Madrid;Compras;Tiendas, Marcas y Productos Locales, Moda, Accesorios, Moda;0;3;3;49217;49214;49209,49210,49211,49212,49213,49215,49216,49218
1642;la_isabela;LA ISABELA;Barcelona;Qué ver;Cool Places;0;4;4;18579;18576;18577,18578
15679;ia_1273;La jaula de Ponzano;Madrid;Restaurantes;Española, Cocina tradicional, Tapas;0;3;3;;;
162;la_latina;La Latina;Madrid;Fiesta, Qué ver;Zonas de fiesta, Barrios;0;4;4;14946;14947;14948,14949,14950
18714;ia_5029;La Latina Madrid: Recorrido gastronómico matinal guiado;Madrid;Experiencias Unicas;Tour por barrio;0;1;1;74082;74081;
18951;ia_5292;La Latina Madrid: Recorrido gastronómico matinal guiado;Madrid;Experiencias Unicas;Tour guiado (general);0;1;1;;;
447;la_lenera;La Leñera;Madrid;Restaurantes;Tradicionales, Español, Mediterranea;0;4;4;16806;16807;16808,16809
14993;ia_577;La Leñera;Madrid;Restaurantes;Española, Parrillada/BBQ;0;3;3;;;
5698;la_lentitud_de_las_ramas_;La lentitud de las ramas ;Ronda;Ocio y eventos;Eventos;0;3;3;;49397;
15807;ia_1401;La Leyenda del Agave;Madrid;Restaurantes;Mexicana, Cocina mexicana, Tacos;0;3;3;;;
17807;ia_3730;La leyenda del Santiago Bernabéu sin colas;Madrid;Arte y Cultura;Museo de historia, Museo de la Ciencia y la Técnica, inventos, experimentos;0;3;3;;;
1325;la_llamada;La Llamada;Madrid;Ocio y eventos;Espectáculos;1;4;3;14969;14970;14971,14972,14973,14974
15779;ia_1373;La Llorería;Madrid;Restaurantes;Internacional, Vegano, Platos saludables;0;3;3;;;
4131;la_lluna;La Lluna;Madrid;Restaurantes;Trendy, Español, Restaurantes, Bares y Pubs;0;4;4;35577;35584;35575,35576,35578,35579,35580,35581,35582,35583
4123;la_lluna_madrid;La Lluna Madrid;Madrid;Restaurantes;Trendy;1;4;3;;;35549,35550,35551,35552,35553,35554,35555,35556,35557,35558
14568;ia_81;LA LONJA;Madrid;Restaurantes;Mediterránea, Española, Mariscos, Pescados, Cocina Mediterránea;0;3;3;;;
15780;ia_1374;La Lonja Del Mar;Madrid;Restaurantes;Gallega, Mariscos, Cocina mediterránea;0;3;3;;;
15173;ia_757;La Lumbre en Rivas Vaciamadrid;Madrid;Restaurantes;Mediterranea, Carnes a la brasa | Asados;0;3;3;;;
15727;ia_1321;La Lupa;Madrid;Restaurantes;Mediterranea, Cocina mediterránea, Platos saludables;0;3;3;;;
15130;ia_714;La Madreña Calle del Bronce;Madrid;Restaurantes;Internacional, Cachopo | Fabada | Guisos;0;3;3;;;
14624;ia_163;La Madreña Castellana;Madrid;Restaurantes;Española, Fabada, Cachopo, Cocina Asturiana;0;3;3;;;
5263;la_malcriada;La malcriada;Madrid;Restaurantes;Trendy, Español, Restaurantes;0;4;4;47526;47527;47525,47528,47529,47530,47531,47532,47533,47534
14954;ia_538;La MaMá;Madrid;Restaurantes;Española, Croquetas | Ensaladilla | Tortilla | Callos;0;3;3;;;
17060;ia_2880;La Mansión del Terror;Madrid;Eventos;Experiencia inmersiva;0;3;3;;;
351;la_maquina;La Máquina ;Madrid;Restaurantes;Top, Tradicionales;0;4;4;16924;16925;16926
16588;ia_2309;La Máquina de Jorge Juan;Madrid;Restaurantes;Española / Marisquería, Alta Cocina Tradicional;0;3;3;;;
4429;la_maquinista;La maquinista;Barcelona;Compras;Centros comerciales;0;4;4;39414;39415;39413,39416,39417,39418,39419
15882;ia_1496;La Maranda;Madrid;Restaurantes;Mediterranea, Tapas, Platos Mediterráneos;0;3;3;;;
15515;ia_1102;La Maranda Chamberí Restobar;Madrid;Restaurantes;Española, Restaurante de cocina española contemporánea;0;3;3;;;
16477;ia_2160;La Maruca;Madrid;Restaurantes;Española / Cántabra, Restaurante de producto;0;3;3;;;
16482;ia_2165;La Maruca (Castellana);Madrid;Restaurantes;Española / Cántabra, Restaurante de producto;0;3;3;;;
752;la_massala;La Massala;Madrid;Compras;Marcas y Productos Locales;0;4;4;14324;14325;
14792;ia_362;La Matriarca;Madrid;Restaurantes;Española, Tapas, Guisos;0;3;3;;;
224;la_maya;La Maya;Madrid;Fiesta;Fiesta de barrios;0;4;4;14474;14475;
16906;ia_2675;La mejor experiencia de visita guiada a pie Pub Crawl en Madrid;Madrid;Eventos;Pub crawl nocturno con guía;0;3;3;;;
16951;ia_2722;La mejor experiencia de visita guiada a pie Pub Crawl Madrid;Madrid;Eventos;Pub crawl nocturno con guía + entrada a clubs;0;3;3;;;
558;la_melguiza;La Melguiza;Madrid;Compras;Tiendas;0;4;4;16161;16162;16163,16165,16166
17186;ia_3006;La Menorquina valdezarza;Madrid;Compras;"Panaderías y pastelerías, Heladería tradicional; Sabores variados; Productos frescos";0;3;3;;;
15473;ia_1059;La Milanese Madrid;Madrid;Restaurantes;"Italiana, Milanesas; Pasta; Entrantes italianos";0;3;3;;;
5017;la_mona_checa;La Mona checa;Madrid;Compras;Marcas y Productos Locales;0;4;4;44849;;44842,44843,44844,44845,44846,44847,44850,44851
14896;ia_473;La Mordida de Belén;Madrid;Restaurantes;Mexicana, Tacos, Enchiladas;0;3;3;;;
14823;ia_396;La Mordida de Bernabeu;Madrid;Restaurantes;Mexicana, Tacos, Enchiladas, Margaritas;0;3;3;;;
14569;ia_84;La Mordida de Fuentes;Madrid;Restaurantes;Mexicana, Tacos, Enchiladas, Cocina Mexicana;0;3;3;;;
14518;ia_80;La Mordida de Princesa;Madrid;Restaurantes;Mexicana, Tacos, Enchiladas, Cocina Mexicana;0;3;3;;;
14550;ia_37;La Mordida de Retiro;Madrid;Restaurantes;Mexicana, Tacos, Enchiladas, Cocina Mexicana;0;3;3;;;
14526;ia_100;La Mordida Diego de León;Madrid;Restaurantes;Mexicana, Tacos, Enchiladas, Cocina Mexicana;0;3;3;;;
15071;ia_655;La Mordida Pozuelo;Madrid;Restaurantes;Internacional, Tacos;0;3;3;;;
14587;ia_122;La Mordida Ríos Rosas;Madrid;Restaurantes;Mexicana, Tacos, Enchiladas, Cocina Mexicana;0;3;3;;;
841;la_mujer_barbuda_;La Mujer Barbuda ;Madrid;Compras;Para ti;0;4;4;17040;17041;17042,17043
15025;ia_609;La Mulata Latina;Madrid;Restaurantes;Italiana;0;3;3;;;
5122;la_mundana_;La mundana ;Barcelona;Restaurantes;Especial Delivery;0;4;4;46052;46051;46053,46054,46055,46056,46057,46058,46059,46060
312;la_musa;La Musa;Madrid;Restaurantes;Trendy, Fusión;0;4;4;15599;15600;15601,15602
5245;la_negra_tomasa;La negra tomasa;Madrid;Restaurantes;Low cost, Restaurantes;1;3;3;;;47389,47390,47391,47392,47393,47394,47395,47396,47397,47398
14895;ia_472;La Neta;Madrid;Restaurantes;Mexicana, Tacos, Margaritas;0;3;3;;;
14630;ia_172;La Nieta Restaurante;Madrid;Restaurantes;Mediterránea, Española, Mediterránea, Tapas modernas, Carnes y pescados;0;3;3;;;
17195;ia_3015;La Nodriza;Madrid;Compras;"Productos ecológicos y naturales, Tienda gourmet; Selección artesanal; Atención personalizada";0;3;3;;;
4011;la_nueva_italiana;La Nueva Italiana;Aranjuez;Restaurantes;Trendy, Español, Mediterranea, Restaurantes;0;3;3;30198;30195;30196,30197,30199,30200,30201,30202,30203,30204
14867;ia_443;La Nueva Troje;Madrid;Restaurantes;Española, Internacional, Tapas, Pizzas;0;3;3;;;
15527;ia_1114;La Paella Real;Madrid;Restaurantes;restaurante, Española, Valenciana;0;3;3;;;
17171;ia_2991;La Parada Gourmet;Madrid;Compras;"Tiendas gourmet, Gourmet de proximidad; Delicatessen; Productos exclusivos";0;3;3;;;
16082;ia_1701;La Parrilla Argentina;Madrid;Restaurantes;"Argentino, Parrillada; Empanadas";0;3;3;;;
16114;ia_1733;La Parrilla Argentina;Madrid;Restaurantes;"Argentino, Parrillada; Empanadas";0;3;3;;;
14996;ia_580;La Parrilla de Usera III - Pilarica;Madrid;Restaurantes;Española, Asados;0;3;3;;;
15989;ia_1606;La Pasteria 55. Restaurante italiano de Mercado.;Madrid;Restaurantes;"Italiana, Pasta; Pizza; Tiramisú";0;3;3;;;
882;la_pecera;La Pecera;Madrid;Restaurantes;Trendy, Japonés, Heladerias;0;4;4;18200;18201;18203,18204,18205
16044;ia_1663;La Pecora Nera Cañaveral - Pizzería;Madrid;Restaurantes;"Italiana, Pizza; Pasta; Tiramisú";0;3;3;;;
16053;ia_1672;La Pecora Nera Cañaveral - Pizzería;Madrid;Restaurantes;Pizza, Italiana;0;3;3;;;
1766;la_pedrera;La Pedrera;Barcelona;Qué ver;Plazas y monumentos;0;4;4;48179;28288;18908,18909,18910,28289,28290,28292,48173,48174,48175,48176,48177,48178,48180,48181,48182
15763;ia_1357;La Penca MX;Madrid;Restaurantes;Mexicana, Tacos, Cocina mexicana;0;3;3;;;
16470;ia_2151;La Penela;Madrid;Restaurantes;Gallega / Tradicional, Casa de comidas;0;3;3;;;
16436;ia_2100;La Pequeñita;Madrid;Restaurantes;Mediterránea / Española, De mercado;0;3;3;;;
16441;ia_2105;La Pequeñita;Madrid;Restaurantes;Española / Casera, Casas de comidas;0;3;3;;;
5137;la_perla_club;La Perla Club;Barcelona;Fiesta;Bares de copas;0;4;4;46077;46076;46071,46073,46074,46253,46254,46255
4742;la_peseta_;La peseta ;Madrid;Compras;Tiendas;1;1;3;;;43604,43605,43606,43607,43608,43609,43610,43611,43612,43613
4481;la_pilastra_del_torero;La Pilastra del Torero;Ronda;Restaurantes;;0;4;4;42655;42656;42657
15877;ia_1491;La Pilla;Madrid;Restaurantes;Mediterranea, Tapas, Platos Mediterráneos;0;3;3;;;
14824;ia_397;La Piperna;Madrid;Restaurantes;Italiana, Pastas, Pizzas;0;3;3;;;
15090;ia_674;La Pizzería Madrid;Madrid;Restaurantes;Pizza, Internacional;0;3;3;;;
16489;ia_2173;La Polémica;Madrid;Restaurantes;Española / Fusión, Gastrobar;0;3;3;;;
1491;la_polla_records;La Polla Records;Madrid;Ocio y eventos;Conciertos, Rock, Ocio;1;4;1;12215;12214;12209,12210,12211,12212,12213
4252;la_polleria;La Pollería;Madrid;Restaurantes;Trendy, Pastelerias y Panaderias;0;4;4;36417;36494;36415,36416,36418,36419,36420,36421,36422,36423,36424
378;la_pomme_sucre;La Pomme Sucré;Madrid;Restaurantes;Tradicionales, Francés, Café y té, Pastelerias y Panaderias;0;4;4;18131;18132;18133,18134,18135
15040;ia_624;La Popular;Madrid;Restaurantes;Japonesa;0;3;3;;;
16693;ia_2448;La Posada del Chaflán;Madrid;Alojamiento;Hoteles, Restaurante de autor, diseño boutique;0;3;3;;;
3335;la_posta_bar;La Posta Bar;Santo Domingo;Fiesta;Bares de copas;0;4;4;21693;21694;21690,21691,21692,21695,21696,21697,21698,21699
15742;ia_1336;La Prensa - Malasaña;Madrid;Restaurantes;Americana, Hamburguesas, Cocina americana;0;3;3;;;
14781;ia_349;La Prensa - Sagasta;Madrid;Restaurantes;Española, Tapas, Raciones;0;3;3;;;
14593;ia_128;La Prensa Burger - Almagro;Madrid;Restaurantes;Americana, Hamburguesas Gourmet, Patatas, Cocina Americana;0;3;3;;;
15724;ia_1318;La Prensa Burger - Colón;Madrid;Restaurantes;Americana, Hamburguesas, Cocina americana;0;3;3;;;
15154;ia_738;La Prensa Burger - Sagasta;Madrid;Restaurantes;Internacional, Hamburguesa (smash) | Patatas fritas | Alitas de pollo;0;3;3;;;
592;la_primera;La Primera;Madrid;Restaurantes;Tradicionales, Español, Restaurantes;0;4;4;16918;16919;16920,16921
16587;ia_2308;La Primera;Madrid;Restaurantes;Restaurante contemporáneo, Cántabra / Española;0;3;3;;;
15082;ia_666;La Princesa;Madrid;Restaurantes;Internacional, Cuscús | Tajín | Kebab | Hummus | Falafel;0;3;3;;;
3694;la_princesa;La Princesa;Málaga;Compras;Tiendas, Gatronomía;0;4;4;25135;23784;23780,23781,23782,23783,23785
14718;ia_267;La Pulpería de Mila;Madrid;Restaurantes;Gallega, Española, Pulpo, Mariscos;0;3;3;;;
15760;ia_1354;La Pulpería de Victoria;Madrid;Restaurantes;Gallega, Mariscos, Cocina gallega;0;3;3;;;
3633;la_rambla;La Rambla;Barcelona;Compras;Zonas de compras;0;4;4;23423;23424;23425,23426,23427,23428,23429,23430,23431,23432
890;la_raquetista;La Raquetista;Madrid;Restaurantes;Tradicionales, Español, Restaurantes;0;4;4;17093;17094;17095,17096
15519;ia_1106;La Rasilla;Madrid;Restaurantes;Española, Restaurante tradicional;0;3;3;;;
5239;la_real_fabrica_espanola;La real fábrica española;Madrid;Compras;Tiendas, Decoración, Accesorios;0;4;4;47333;47330;47329,47331,47332,47334,47335,47336,47337
17148;ia_2968;La Recompensa caprichos & vinos;Madrid;Compras;"Bodegas y tiendas de vino, Tienda gourmet; Vinos selectos; Productos exclusivos";0;3;3;;;
5241;la_recova_;La recova ;Madrid;Compras;Tiendas, Decoración;0;4;4;47356;47352;47351,47353,47354,47355,47357,47358
18333;ia_4380;La Regadera Roja;Madrid;Arte y Cultura;Barrio de Latina (ruta a pie), cultura comunitaria y alternativa, teatro independiente, talleres vecinales, Talleres artísticos, obras de teatro, conciertos;0;1;1;73578;73577;
15776;ia_1370;La Reinosa;Madrid;Restaurantes;Española, Carnes, Cocina tradicional;0;3;3;;;
5111;la_republica_;La republica ;Barcelona;Restaurantes;Especial Delivery;0;4;4;45959;;45951,45952,45953,45954,45955,45956,45957,45958,45960
14657;ia_202;La Retasca;Madrid;Restaurantes;Española / Madrileña, Tapas castizas, Cañas, Vermut;0;3;3;74280;74279;74281,74282,74283
5325;la_riberena;La Ribereña;Aranjuez;Restaurantes;Tradicionales, Español, Restaurantes;0;3;3;;;48013,48014,48015,48016,48017,48018,48019,48020,48021,48022
16310;ia_1929;La Rioja en la Mesa;Madrid;Restaurantes;"Riojana, Patatas a la riojana; Bacalao a la riojana";0;3;3;;;
15705;ia_1299;La Rita;Madrid;Restaurantes;Española, Tapas, Cocina española;0;3;3;;;
14705;ia_253;LA ROCA Pozuelo;Madrid;Restaurantes;Internacional, Platos internacionales;0;3;3;;;
14654;ia_199;La Rochela;Madrid;Restaurantes;Colombiana / Fusión, Arepas, Empanadas, Comida colombiana;0;3;3;;;
14667;ia_212;La Rodaja;Madrid;Restaurantes;Española / Tradicional, Tapas castizas, Guisos caseros, Vermut;0;3;3;;;
16424;ia_2069;La Rollerie;Madrid;Restaurantes;Francesa;0;3;3;;;
15453;ia_1038;La Rollerie LAS ROZAS;Madrid;Restaurantes;Mediterránea, Local Cuisine, Ensaladas, Pastas, Platos mediterráneos;0;3;3;;;
14847;ia_421;La Rotta 1889;Madrid;Restaurantes;Italiana, Pizzas, Pastas;0;3;3;;;
4337;la_sala_magali_madrid;La Sala Magali Madrid;Madrid;Compras;Para ti, Estética;0;4;4;37466;37464;
15038;ia_622;La Santa Maria - Hotel Barceló Torre de Madrid;Madrid;Restaurantes;Fondue, Suiza;0;3;3;;;
16623;la_santoria_cocktail_bar;La Santoría Cocktail Bar;Madrid;Nightlife;Coctelería de autor;0;4;4;;;74756,74757,74758,74759
16215;ia_1834;La Sidrería Astur;Madrid;Restaurantes;"Asturiana, Fabada; Cachopo";0;3;3;;;
3695;la_sireneta;La sireneta;Barcelona;Ocio y eventos;Espectáculos;1;4;4;31511;31510;31512,31513
15226;ia_811;La Sucursal;Madrid;Restaurantes;Española, Tapas, Vinos;0;3;3;;;
16155;ia_1774;La Taberna Castellana;Madrid;Restaurantes;"Castellana, Cochinillo; Judiones de La Granja";0;3;3;;;
14728;ia_278;La Taberna de Irati;Madrid;Restaurantes;Vasca, Española, Pintxos, Sidra;0;3;3;;;
14652;ia_197;La Taberna de Paula;Madrid;Restaurantes;Española / Casera, Tapas caseras, Guisos, Croquetas;0;3;3;;;
4794;la_taberna_de_pepe_punta_cana;La Taberna de Pepe Punta Cana;Punta Cana;Restaurantes;Trendy, Español, Restaurantes;0;4;4;43911;43905;43906,43907,43908,43909,43910,43912,43913,43914
15799;ia_1393;La Taberna de Triciclo;Madrid;Restaurantes;Internacional, Tapas, Platos internacionales;0;3;3;;;
15377;ia_962;La Taberna del Lobo;Madrid;Restaurantes;Española, Tapas, Carnes, Platos españoles;0;3;3;;;
16060;ia_1679;La Taberna del Puerto;Madrid;Restaurantes;"Mediterranea, Pescados; Mariscos";0;3;3;;;
16105;ia_1724;La Taberna del Puerto;Madrid;Restaurantes;"Marisquería, Mariscos; Pescados a la brasa";0;3;3;;;
16450;ia_2118;La Taberna del Volapié;Madrid;Restaurantes;Taberna tradicional, Andaluza / Tapas;0;3;3;;;
15789;ia_1383;La Taguara;Madrid;Restaurantes;Venezolana, Arepas, Cocina tradicional;0;3;3;;;
15909;ia_1525;LA TAGUARA By Guayana Mia S.L;Madrid;Restaurantes;Venezolana, Street Food;0;3;3;;;
17179;ia_2999;La Tahona Panadería Pastelería;Madrid;Compras;"Panaderías y pastelerías, Panadería artesanal; Bollería tradicional; Atención personalizada";0;3;3;;;
5251;la_tajada;La tajada;Madrid;Restaurantes;Especial Delivery;1;4;4;47448;47446;47443,47445,47447,47449,47450,47451,47452
1472;la_tape;La Tape;Madrid;Fiesta, Restaurantes;Bares de copas, Trendy, Español, Restaurantes, Bares y Pubs, Restaurant & Club;1;4;1;11756;;11748,11749,11750,11751,11752,11753,11755
15546;ia_1133;La Taquería de Birra Comendadoras;Madrid;Restaurantes;restaurante, Internacional;0;3;3;;;
15096;ia_680;La Tartufina;Madrid;Restaurantes;Pizza, Internacional;0;3;3;;;
14505;ia_52;LA TARUKA;Madrid;Restaurantes;Peruana, Japonesa, Ceviches, Tiraditos, Cocina Peruana y Nikkei;0;3;3;;;
15463;ia_1049;La Tasca del Retiro;Madrid;Restaurantes;"Española, Cocina de mercado; Tapas; Brasa";0;3;3;;;
15735;ia_1329;La Tasquita;Madrid;Restaurantes;Española, Tapas, Cocina tradicional;0;3;3;;;
15976;ia_1593;La Tasquita;Madrid;Restaurantes;"Española, Tapas; Guisos; Comida Casera";0;3;3;;;
14938;ia_520;La Tasquita de Enfrente;Madrid;Restaurantes;Española, Cocina de mercado;0;3;3;74318;74317;74319,74320,74321
4861;la_tasquita_de_enfrente;La Tasquita de Enfrente;Madrid;Restaurantes;Dog Friendly;1;3;3;;;
5042;la_tasquita_de_enfrente_;La tasquita de enfrente ;Madrid;Restaurantes;Dog Friendly;1;4;4;45421;45420;45419,45422,45423,45424,45425,45426,45427,45428
15145;ia_729;La Tasquita de Peron;Madrid;Restaurantes;Mediterranea;0;3;3;;;
423;la_tavernetta;La Tavernetta;Madrid;Restaurantes;Tradicionales, Italiano;0;4;4;15007;15008;15009,15010,15011,15012,15013
15359;ia_944;La Terraza by La Zamorana;Madrid;Restaurantes;Española, Arroces, Tapas, Platos mediterráneos;0;3;3;;;
14664;ia_209;La Terraza de la Ribera;Madrid;Restaurantes;Mediterránea, Española, Tapas, Cócteles, Cocina mediterránea;0;3;3;;;
15906;ia_1522;La Terraza de Mingorrubio;Madrid;Restaurantes;Española;0;3;3;;;
347;la_terraza_del_casino;La Terraza del Casino;Madrid;Restaurantes;Top, Español, Mediterranea, Restaurantes;1;4;4;32631;32630;16307,16308,16309,32629,32632
16638;ia_2360;La Terraza del Indigo — La Terraza del INDIGO Gran Vía;Madrid;Nightlife;Rooftop hotel;0;3;3;;;
16075;ia_1694;La Terraza del Retiro;Madrid;Restaurantes;"Mediterranea, Paella; Tapas";0;3;3;;;
16135;ia_1754;La Terraza del Sol;Madrid;Restaurantes;"Mediterranea, Arroces; Pescados";0;3;3;;;
15734;ia_1328;La Terraza28035;Madrid;Restaurantes;Internacional, Tapas, Platos internacionales;0;3;3;;;
1803;la_terrazza;LA TERRAZZA;Barcelona;Fiesta;Discotecas, Electrónica;0;4;4;19145;19147;19143,19144,19146
15607;ia_1198;La Tía Juana Madrid;Madrid;Restaurantes;Mexicana, Tacos / Nachos / Micheladas;0;3;3;;;
17181;ia_3001;La Tienda;Madrid;Compras;"Otros, Alimentación variada; Productos frescos; Servicio cercano";0;3;3;;;
17116;ia_2936;La Tienda De Videojuegos. Servicio Técnico - Compra Venta consolas - Retro.;Madrid;Compras;"Videojuegos y consolas, Compra-venta de consolas; Servicio técnico; Videojuegos retro y modernos";0;3;3;;;
382;la_tita_rivera;La Tita Rivera;Madrid;Restaurantes;Trendy, Fusión, Restaurantes;0;4;4;18901;15551;15550,15552,15554
14785;ia_354;La Tonada;Madrid;Restaurantes;Asturiana, Espanola, Fabada, Cachopos, Sidra;0;3;3;;;
17270;ia_3090;La Tortuga Peques;Madrid;Compras;"Shopping en tiendas de ropa y moda, Moda infantil; Ropa creativa; Atención personalizada";0;3;3;;;
16122;ia_1741;La Trainera;Madrid;Restaurantes;"Marisquería, Mariscos; Pescados";0;3;3;;;
501;the_backshop_of_rue_vintage_74;La Trastienda de Rue Vintage 74;Madrid;Compras;Tiendas, Decoración;0;4;4;18238;18239;18240
17001;ia_2820;La Trócola;Madrid;Eventos;Espacio cultural;0;3;3;;;
4293;la_tuerta_funky_castizo;La tuerta Funky Castizo;Madrid;Fiesta;Bares de copas;0;4;4;36619;36639;36620,36621,36622,36623,36624,36625,36626,36627,36628,36638,36640
15883;ia_1497;La Turulita auténtico sabor mexicano;Madrid;Restaurantes;Mexicana, Tacos, Cocina mexicana;0;3;3;;;
15690;ia_1284;La Txulapona;Madrid;Restaurantes;Española, Tapas, Cocina tradicional;0;3;3;;;
5248;la_txulapona;La txulapona;Madrid;Restaurantes;Con terraza;1;4;4;47421;47419;47422,47423,47424,47425,47426,47427,47428
15131;ia_715;LA ÚNICA Madrid;Madrid;Restaurantes;Internacional, Tacos;0;3;3;;;
17595;ia_3424;La Vaguada;Madrid;Compras;Centros comerciales, Cine, zona infantil, parking amplio;0;3;3;;;
16670;ia_2392;La Venencia;Madrid;Nightlife;Taberna clásica, N/A;0;4;4;;;
15797;ia_1391;La Venganza de Malinche - Duque de Osuna;Madrid;Restaurantes;Mexicana, Cocina fusión, Tapas;0;3;3;;;
14570;ia_86;La Venganza de Malinche - Garcia de Paredes;Madrid;Restaurantes;Mexicana, Tacos, Quesadillas, Cocina Mexicana;0;3;3;;;
15142;ia_726;La Venganza de Malinche - Getafe;Madrid;Restaurantes;Internacional, Tacos;0;3;3;;;
14513;ia_70;La venganza de Malinche - Jardines;Madrid;Restaurantes;Mexicana, Tacos, Quesadillas, Cocina Mexicana;0;3;3;;;
5326;la_venta_aranjuez;La Venta Aranjuez;Aranjuez;Restaurantes;Tradicionales, Tapas, Español, Bares y Pubs;0;3;3;;;48023,48024,48025,48026,48027,48028,48029,48030,48031,48032
15289;ia_874;La Ventita del Foodie by AYANTO;Madrid;Restaurantes;Española, Platos mediterráneos, Fusión;0;3;3;;;
15853;ia_1447;La Vera;Madrid;Restaurantes;Internacional, Platos internacionales, Platos saludables;0;3;3;;;
186;la_via_lactea;La Vía Láctea;Madrid;Fiesta;Bares de copas, Rock, Otro;0;4;4;15547;15548;15549
1830;la_victoria;La Victoria;Málaga;Qué ver;Barrios;0;4;4;19352;19353;19351
3632;la_villarroel;La Villarroel;Barcelona;Ocio y eventos;Espectáculos;0;4;4;23413;23416;23414,23415,23417,23418,23419,23420,23421,23422
5268;la_virgen_154;La virgen 154;Madrid;Restaurantes;Tradicionales;0;3;3;;;47569,47570,47571,47572,47573,47574,47575,47576,47577,47578
14856;ia_432;La Yapa - Empanadas Argentinas;Madrid;Restaurantes;Argentino, Empanadas;0;3;3;;;
19259;ia_185;LA ZAHURDA (Nuñez de Balboa);Madrid;Restaurantes;Española, Tapas andaluzas, Rabo de toro, Croquetas;0;1;1;73139;73136;
14641;la_zahurda_nunez_de_balboa);LA ZAHURDA (Nuñez de Balboa);Madrid;Restaurantes;Española, Tapas andaluzas, Rabo de toro, Croquetas;0;3;3;;;
14493;ia_20;La Zamorana Madrid;Madrid;Restaurantes;Cocina Creativa, Comida Fusión, Coctelería;0;3;3;;;
17576;ia_3400;LA.TI.NA.;Madrid;Compras;Moda y ropa, Envoltorio de regalo, asesoramiento de moda independiente;0;3;3;;;
5038;lab_restaurant_barcelona_;LAB restaurant Barcelona ;Barcelona;Restaurantes;Top;0;3;3;45323;45303;45304,45305,45307,45308,45309,45311,45322,45324
15011;ia_595;Lab84 Delicias;Madrid;Restaurantes;India, Pizzas;0;3;3;;;
14984;ia_568;Lab84 Malasaña;Madrid;Restaurantes;Italiana, Pizzas;0;3;3;;;
5147;labassin_waterfall;Labassin Waterfall;Filipinas;Restaurantes;Trendy;0;4;4;46215;46211;46212,46213,46214,46216,46217,46218,46219,46220
15081;ia_665;Labbraccio;Madrid;Restaurantes;Española, Pastas;0;3;3;;;
1600;laberinto_de_horta;Laberinto de Horta;Barcelona;Qué ver;Parques;0;4;4;18420;18421;18422
17510;ia_3331;Lacoste Watches;Madrid;Compras;"Joyerías y relojerías, Estilo deportivo; Moda francesa; Diseños icónicos";0;3;3;;;
17309;ia_3130;Lady Cacahuete;Madrid;Compras;"Ropa y accesorios, Moda retro; Diseños originales; Producción local";0;3;3;;;
18445;ia_4862;Lago de la Casa de Campo;Madrid;Naturaleza;Ruta a mirador / cumbre, Agua, praderas, arbolado, Alquiler de barcas, restauración;0;1;1;74185;74186;74184
3794;lago_enriquillo;Lago Enriquillo;Santo Domingo;Qué ver;Parques;0;4;4;24803;24804;
16659;ia_2381;Lágrimas Club;Madrid;Nightlife;Club alternativo;0;3;3;;;
3793;laguna_de_oviedo;Laguna de Oviedo;Santo Domingo;Qué ver;Parques, Escapadas;0;4;4;24799;24796;24793,24794,24795,24798,24800,24801
18471;ia_5663;Laguna Tattoo Madrid;Madrid;Wellness;Estudio de tatuajes;0;1;1;;;
5573;lakasa;Lakasa;Madrid;Restaurantes;Trendy, Español, Restaurantes;0;4;4;48870;48871;48852,48853,48854,48855,48856,48857,48858,48859,48860,48861,48869
15488;ia_1075;Lakasa;Madrid;Restaurantes;"Española contemporánea, Carnes; Pescados; Temporada";0;3;3;;;
14921;ia_503;LaLina Chueca;Madrid;Restaurantes;Mediterránea, Española, Tapas creativas, Cócteles;0;3;3;;;
14498;ia_30;LaLina Latina;Madrid;Restaurantes;Latina, Cocina Latina, Tapas, Platos tropicales;0;3;3;;;
17223;ia_3043;laMalvaflor Cosmética Artesana;Madrid;Compras;"Perfumerías y cosmética, Cosmética artesanal; Productos naturales; Filosofía sostenible";0;3;3;;;
17233;ia_3053;laMalvaflor Cosmética Artesana;Madrid;Compras;"Perfumerías y cosmética, Cosmética artesanal; Productos naturales; Filosofía sostenible";0;3;3;;;
15163;ia_747;Lamonarracha - Barrio de Salamanca;Madrid;Restaurantes;Japonesa, Sushi | Bao | Temaki;0;3;3;;;
15092;ia_676;Lamonarracha - Chamberí;Madrid;Restaurantes;Española;0;3;3;;;
15788;ia_1382;Lamonarracha - Pozuelo;Madrid;Restaurantes;Española, Carnes, Parrilla;0;3;3;;;
15754;ia_1348;Lamonarracha Bar;Madrid;Restaurantes;Española, Tapas, Platos internacionales;0;3;3;;;
14838;ia_412;Lanteo Madrid;Madrid;Restaurantes;Mediterránea, Española, Cocina de mercado;0;3;3;;;
19007;ia_5356;Lanzamiento de Hacha - 2h - PREMIUM;Madrid;Experiencias Unicas;Excursión de día (Day trip);1;1;1;;;
18746;ia_5068;Lanzamiento de Hacha - 2h - PREMIUM;Madrid;Experiencias Unicas;Tour guiado (general);1;1;1;;;
18695;ia_4999;Lanzamiento de Hacha - 2h - PREMIUM - Madrid;Madrid;Experiencias Unicas;Tour/experiencia (general);1;1;1;;;
18747;ia_5069;Lanzamiento de Hacha 1h;Madrid;Experiencias Unicas;Taller de artes (pintura/cerámica/foto);0;1;1;74083;74084;74085
19008;ia_5357;Lanzamiento de Hacha 1h;Madrid;Experiencias Unicas;Tour guiado (general);1;1;1;;;
19009;ia_5358;Lanzamiento de hacha sesión cumpleaños 2h;Madrid;Experiencias Unicas;Clase/Taller (general);1;1;1;;;
18748;ia_5070;Lanzamiento de hacha sesión cumpleaños 2h;Madrid;Experiencias Unicas;Excursión de día (Day trip);1;1;1;;;
18517;ia_5710;Larisa Hair Stylist & Estética Unisex;Madrid;Wellness;Peluquería y estética;0;1;1;;;
14931;ia_513;Las 3 RRR;Madrid;Restaurantes;Española, Cocina Tradicional;0;3;3;;;
14710;ia_259;Las Adelitas;Madrid;Restaurantes;Mexicana, Tacos, Margaritas;0;3;3;;;
5613;las_arenas_barcelona_;Las Arenas Barcelona ;Barcelona;Compras;Centros comerciales;0;1;3;49083;49084;49082
5609;las_arenas_de_barcelona_;Las Arenas De Barcelona ;Barcelona;Compras;Centros comerciales;0;3;3;;;
16683;ia_2438;Las Artes;Madrid;Alojamiento;Hoteles, Spa, restaurante, parking privado;0;3;3;;;
17558;ia_3379;Las Arte‑Sanas de Madrid;Madrid;Compras;Artesanía & regalos locales, Personalización de piezas & talleres demostrativos;0;3;3;;;
17574;ia_3396;Las Arte‑Sanas de Madrid;Madrid;Compras;Artesanía & regalos locales, Personalización de piezas & talleres demostrativos;0;3;3;;;
14949;las_bovedas_de_cibeles;Las Bóvedas de Cibeles;Madrid;Restaurantes;Española, Comida Fusión;0;4;4;74706;74708;74707,74709
14822;ia_395;Las Brasas de Castellana;Madrid;Restaurantes;Española, Carnes a la brasa;0;3;3;;;
15146;ia_730;Las brasas del Mentidero;Madrid;Restaurantes;Española, Pollo a la brasa | Parrilla de carnes | Ensaladilla rusa;0;3;3;;;
14936;las_carboneras;Las Carboneras;Madrid;Restaurantes;Española, Tapas y Raciones;0;4;4;74730;74733;74731,74732
16907;ia_2676;Las Carboneras Tablao Flamenco con Bebida;Madrid;Eventos;Espectáculo flamenco en tablao;0;3;3;;;
16459;ia_2130;Las Carnes de Martín;Madrid;Restaurantes;Española / Brasa, Asador • Bocatas a la brasa;0;3;3;;;
16463;ia_2136;Las Carnes de Martín;Madrid;Restaurantes;Española / Brasa, Asador • Bocatas a la brasa;0;3;3;;;
16908;ia_2677;Las cuatro estaciones de Antonio Vivaldi en Madrid;Madrid;Eventos;Concierto de música clásica;0;3;3;;;
16952;ia_2723;Las cuatro estaciones de Antonio Vivaldi en Madrid;Madrid;Eventos;Concierto inmersivo de música clásica (Vivaldi);0;3;3;;;
818;las_cuatro_torres;Las Cuatro Torres;Madrid;Qué ver;Arquitectura;0;4;4;14630;14631;
204;las_cuevas_de_sando;Las cuevas de Sandó;Madrid;Fiesta;Bares de copas;0;4;4;16155;16156;16157,16159,16160
5868;las_dalias_market;Las Dalias Market;Ibiza;Compras, Qué ver;Mercados, Cool Places;0;4;3;49665;49666;49663,49664,49667,49668
793;las_dehesas;Las Dehesas;Madrid;Ocio y eventos;Experiencias y actividades;0;4;4;16905;16906;
18429;las_dehesas_de_cercedilla;Las Dehesas de Cercedilla;Madrid;Naturaleza;Excursión a Verano Se Puede Disfrutar Del, Bosques, arroyos, miradores, Piscinas naturales, senderismo, picnic;0;4;4;74196;74197;74195
15108;ia_692;Las delicias;Madrid;Restaurantes;Tradicionales;0;3;3;;;
15839;ia_1433;Las Murallas Bar Cafetería;Madrid;Restaurantes;Internacional, Tapas, Cafetería;0;3;3;;;
18433;ia_4543;Las Presillas;Madrid;Naturaleza;Excursión a El Valle Del Lozoya, Ríos, praderas, montañas, Baño, picnic, fotografía;0;1;1;;;
453;las_rozas_village;Las Rozas Village;Madrid;Compras;Centros comerciales, Moda, Accesorios;0;4;4;17979;17980;17981,17982
1334;las_terrenas_;Las Terrenas ;Punta Cana;Qué ver;Escapadas, Cool Places;0;4;4;14607;14608;14609,14610,14611,14612,14613,14614,14615,14616,14617
1200;las_ultracosas._laboratorio_escenico;Las ultracosas. Laboratorio escénico;Madrid;Compras, Ocio y eventos;Espectáculos;1;4;3;15480;15481;15482,15483
17808;ia_3731;Las Ventas Madrid Plaza de Toros y Museo Taurino con Audioguía;Madrid;Arte y Cultura;Excursión / day trip, Museo del Libro, primeras ediciones, imprenta;0;3;3;;;
17809;ia_3732;Las Ventas: Toreo de Salón, Museo Y Tour de la plaza de Toros;Madrid;Arte y Cultura;Excursión / day trip, Museo del Arte Islámico, cerámica, caligrafía árabe;0;3;3;;;
5849;lasirena_|_art_ibiza;LaSirena | Art Ibiza;Ibiza;Compras;Centros comerciales, Zonas de compras, Tiendas;0;4;4;49606;50021;49605,49607,49608,49609,49610,49611
314;lateral;Lateral;Madrid;Restaurantes;Trendy, Mediterranea, Restaurantes;0;4;4;15496;15497;15498,15500
15908;ia_1524;Latxaska Etxea;Madrid;Restaurantes;Vasca, Parrillada/BBQ;0;3;3;;;
3810;laurel;Laurel;Santo Domingo;Restaurantes;Trendy, Restaurantes;0;4;4;24910;24913;24911,24912,24914,24915,24916,24917,24918,24919
17405;ia_3226;Laurent Ferrier;Madrid;Compras;"Joyería y relojería de lujo, Relojes artesanales; Alta relojería suiza; Producción limitada";0;3;3;;;
5085;laut_barcelona;Laut Barcelona;Barcelona;Fiesta;Discotecas;0;4;4;45722;;45718,45719,45720,45721,45723,45724,45725,45726,45727
15892;ia_1507;Lavagú;Madrid;Restaurantes;Mediterranea, Tapas, Platos Mediterráneos;0;3;3;;;
17759;ia_3633;Lavapiés: el barrio más multicultural de Madrid, tour privado a pie;Madrid;Arte y Cultura;Museo / galería (general), Museo de la Almazara, aceite de oliva, molinos;0;3;3;;;
553;lavinia;Lavinia;Madrid;Compras;Tiendas, Gatronomía;0;3;3;15578;15576;15575,15577
15225;ia_810;Lazzaroni Trattoria Pizzeria;Madrid;Restaurantes;Italiana, Pizza, Pasta, Trattoria;0;3;3;;;
16698;ia_2453;LCB Fuenlabrada;Madrid;Alojamiento;Business Hotel, Spa, gimnasio, restaurante;0;3;3;;;
15490;ia_1077;Le Bistroman Atelier;Madrid;Restaurantes;Francesa, Queso, patè, Steak tartare;0;3;3;;;
15548;ia_1135;Le Bistrot-Robuchon;Madrid;Restaurantes;Francesa;0;3;3;;;
131;le_boutique;Le Boutique;Madrid;Fiesta;Discotecas, Electrónica, Comercial, Reggeaton, Otro;0;4;4;15889;15888;15887
760;le_bratelier;Le Bratelier;Madrid;Compras;Marcas y Productos Locales;0;4;4;15721;15722;
15526;ia_1113;Le Burlesque House Bar;Madrid;Restaurantes;bar, Coctelería;0;3;3;;;
15437;ia_1022;Le Chinois;Madrid;Restaurantes;China, Platos chinos, Cocina asiática moderna;0;3;3;;;
14676;ia_221;Le Jardin Secret;Madrid;Restaurantes;Internacional / Creativa, Cócteles de autor, Tapas gourmet, Postres;0;3;3;;;
19236;ia_5607;Le Jardin Secret Madrid;Madrid;Experiencias Unicas;Degustación / experiencia gastronómica;0;1;1;74088;74087;74086
5777;le_lounge_carnival_;Le Lounge Carnival ;Barcelona;Fiesta;Festivales;0;3;3;49478;;
14636;ia_179;Le Macao;Madrid;Restaurantes;Internacional / Asiática, Fusión asiática, Cócteles, Platos creativos;0;3;3;;;
18533;ia_5726;Le Max Wellness Club;Madrid;Wellness;Wellness Club;0;1;1;;;
3729;le_meridien_barcelona;Le Méridien Barcelona;Barcelona;Alojamiento;Hoteles;0;4;4;24276;24310;24268,24269,24270,24271,24272,24273,24274,24275,24277
14939;ia_521;Le Petit Argensola;Madrid;Restaurantes;Francesa, Bistró / Cocina de Mercado;0;3;3;;;
16102;ia_1721;Le Petit Bistro;Madrid;Restaurantes;"Francesa, Quiche; Croissants";0;3;3;;;
19223;ia_5587;Le Petit Chef;Madrid;Experiencias Unicas;Cena-espectáculo / Table mapping;0;1;1;74090;74091;74089
14976;ia_560;Le Petit Dim Sum - Canalejas;Madrid;Restaurantes;China, Dim Sum;0;3;3;;;
15622;ia_1215;Le Petit Dim Sum Lagasca;Madrid;Restaurantes;Cantonesa / China moderna, Dim sum / Cocina asiática / Platos calientes;0;3;3;;;
17212;ia_3032;Le Secret du Marais;Madrid;Compras;"Perfumerías y cosmética, Perfumería de autor; Fragancias nicho; Servicio exclusivo";0;3;3;74247;74248;74249,74250
15370;le_tavernier;Le Tavernier;Madrid;Restaurantes;Española, Tapas, Pescados, Carnes;0;4;4;;;74112,74113,74114,74115,74116
3337;legacy_disco_club;Legacy Disco Club;Punta Cana;Fiesta;Discotecas;0;4;4;21713;21710;21711,21712,21714,21715,21716,21717,21718
17760;ia_3634;Legends - The Home of Football: Entrada;Madrid;Arte y Cultura;Museo / galería (general), Museo del Papel, fabricación artesanal, caligrafía;0;3;3;;;
15595;ia_1186;LEINERHAUS;Madrid;Restaurantes;Alemana, Salchichas / Cervezas / Schnitzel;0;3;3;;;
15426;ia_1011;Lelong Asian Club;Madrid;Restaurantes;China, Sushi, Ramen, Currys;0;3;3;;;
15516;ia_1103;Leña Madrid;Madrid;Restaurantes;Española, Asador de carnes a la brasa;0;3;3;;;
15606;ia_1197;Leonardo;Madrid;Restaurantes;Mediterránea / Creativa, Carnes / Pescados / Cocina de autor;0;3;3;;;
1247;leonardo_da_vinci._los_rostros_del_genio;Leonardo Da Vinci. Los rostros del genio;Madrid;Ocio y eventos;Exposiciones;0;4;3;16128;16129;16130,16131,16132,16133
15719;ia_1313;Leonardo LaFinca;Madrid;Restaurantes;Mediterranea, Platos saludables, Cocina mediterránea;0;3;3;;;
4470;leonor_mena;Leonor Mena;Ronda;Experiencias y Actividades;Experiencias y Actividades;1;4;3;;;
14734;ia_285;Lettera Trattoria Moderna;Madrid;Restaurantes;Italiana, Pasta, Pizza;0;3;3;;;
5987;level_43_;Level 43;Dubai;;;0;4;3;50057;50058;50059,50060,50061
4985;level_veggie_bistro_;Lével Veggie Bistro ;Madrid;Restaurantes;Veggie;0;4;4;44374;;44372,44373,44375,44376,44377,44378,44379,44380,44381
17547;ia_3368;Leviev Watches;Madrid;Compras;"Joyería y relojería de lujo, Joyas con diamantes; Alta relojería; Exclusividad global";0;3;3;;;
3451;lewis_and_peter_apartaments_los_remedios;Lewis and Peter Apartaments Los Remedios;Ronda;Alojamiento;Apartamentos, Terraza, Wifi, Concierge;0;4;4;22355;22360;22356,22357,22358,22359,22361,22362,22363,22364
15819;ia_1413;Lhardy Catering;Madrid;Restaurantes;Española, Cocina tradicional, Carnes;0;3;3;;;
14485;liba_garden;Liba Garden;Madrid;Restaurantes;Libanesa, Mariscos, Gourmet, Saludable;0;4;4;;;
16735;ia_2490;Libere Madrid Chamberi;Madrid;Alojamiento;Aparthotel, Cocina equipada, Wi‑Fi;0;3;3;;;
16753;ia_2508;Libere Madrid Palacio Real;Madrid;Alojamiento;Aparthotel, Cocina equipada, Wi‑Fi;0;3;3;;;
1523;liberty;Liberty;Madrid;Fiesta;Discotecas, Electrónica, Comercial, Reggeaton;1;4;1;13538;13545;13537,13539,13540,13541,13542,13543,13544
16326;ia_1945;Liberty Diner;Madrid;Restaurantes;"Americana, Hamburguesas; Perritos calientes";0;3;3;;;
1522;liberty_supper_club;Liberty Supper Club;Punta Cana;;;0;3;3;;;
782;libreria_anticuaria_;Librería Anticuaria ;Madrid;Compras;Tiendas;0;4;4;17973;17974;
18323;ia_4371;Librería Desperate Literature;Madrid;Arte y Cultura;Librería / Bookstore, literatura internacional, lecturas literarias, libros multilingües, Libros en inglés, español y francés;0;1;1;73575;73574;
17648;ia_3477;Librería El Camino;Madrid;Compras;Librerías y papelerías, Venta de libros y material escolar;0;3;3;;;
18267;ia_4425;Librería en Huertas 71;Madrid;Arte y Cultura;Librería / Bookstore, Clásicos, novedades, ediciones especiales;0;3;3;;;
1393;libreria_la_casqueria;Librería La Casquería;Madrid;Compras;Tiendas;0;4;3;15217;15218;15220,15221,15222,15223,15225
17652;ia_3481;Librería La Oca;Madrid;Compras;Librerías y papelerías, Venta de libros y material escolar;0;3;3;;;
17646;ia_3475;Librería María / Papelería;Madrid;Compras;Librerías y papelerías, Venta de libros, material escolar, papelería;0;3;3;;;
784;libreria_mujeres;Librería Mujeres;Madrid;Compras;Tiendas;0;4;4;16954;16955;
17647;ia_3476;Librería Oeste;Madrid;Compras;Librerías y papelerías, Venta de libros y material escolar;0;3;3;;;
17578;ia_3402;Librería Pérgamo;Madrid;Compras;Libros y Papelería, Recomendaciones personalizadas;0;3;3;;;
17584;ia_3411;Librería Pérgamo;Madrid;Compras;Libros y Papelería, Club de lectura, localización de títulos;0;3;3;74385;74387;74383,74384,74386
4801;libreria_taschen;Librería Taschen;Madrid;Compras;Tiendas, Para ti, Libros, Otro;0;4;4;44882;44884;44883
786;libreria_tres_rosas_amarillas;Librería Tres Rosas Amarillas;Madrid;Compras;Tiendas;0;4;4;17922;17923;17924,17925
17650;ia_3479;Librería Velázquez;Madrid;Compras;Librerías y papelerías, Venta de libros, material escolar;0;3;3;;;
17190;ia_3010;Licores Cabello;Madrid;Compras;"Bodegas y tiendas de vino, Licorería especializada; Amplia variedad; Productos premium";0;3;3;;;
16134;ia_1753;licores y bebidas 4 caminos SL;Madrid;Restaurantes;"Shopping gourmet y de alimentación, Licorería especializada; Amplia variedad; Atención experta";0;3;3;;;
17642;ia_3471;Life Gourmet Catering;Madrid;Compras;Tiendas gourmet, Catering, organización de eventos, menús personalizados;0;3;3;;;
15168;ia_752;Lima 11 Cocina Peruana;Madrid;Restaurantes;Peruana, Ceviche | Lomo saltado | Ají de gallina;0;3;3;;;
14790;ia_360;Limo;Madrid;Restaurantes;Peruana, Ceviches, Tiraditos;0;3;3;;;
18749;ia_5071;Lisboa y Madrid Viaje privado de lujo por carretera;Madrid;Experiencias Unicas;Excursión de día (Day trip) · Privado;0;1;1;;;
18972;ia_5319;Lisboa y Madrid Viaje privado de lujo por carretera;Madrid;Experiencias Unicas;Excursión de día (Day trip);0;1;1;74092;;
1890;litoral_pacifico;Litoral Pacífico;Málaga;Restaurantes;Chiringuitos;0;4;4;25112;23533;23532
15571;ia_1161;Little India Cocina India En Boadilla;Madrid;Restaurantes;India, Cocina india / Hindú;0;3;3;;;
1252;little_john_at_juanillo_beach;Little John at Juanillo Beach;Punta Cana;Fiesta, Restaurantes;Festivales, Tradicionales, Comida Regional;0;4;4;14523;14517;14518,14519,14520,14522,14524,14525,14526,14527,14528
5640;little_pepe;Little Pepe;Málaga;Ocio y eventos;Conciertos;0;1;3;49239;49240;
17589;ia_3418;Live Okey People;Madrid;Compras;Ropa y accesorios, Coworking, diseño, comunidad de eventos;0;3;3;;;
5570;living_in_london;Living in London;Madrid;Restaurantes, Compras;Tiendas, Decoración, Moda, Gatronomía, Accesorios;0;3;3;48849;48848;48847,48850,48851
16619;ia_2341;LL Bar;Madrid;Nightlife;Gay bar;0;3;3;;;
14980;ia_564;Llagar La Llobera;Madrid;Restaurantes;Española;0;3;3;;;
15280;ia_865;Llama Inn Madrid;Madrid;Restaurantes;Española, Ceviche, Anticuchos, Platos creativos;0;3;3;;;
18974;ia_5321;Llegada en Furgoneta Privada desde el Aeropuerto de Madrid MAD a Toledo o Ávila;Madrid;Experiencias Unicas;Traslado (aeropuerto/ciudad) · Privado;0;1;1;;;
18751;ia_5073;Llegada en Furgoneta Privada desde el Aeropuerto de Madrid MAD a Toledo o Ávila;Madrid;Experiencias Unicas;Excursión de día (Day trip) · Privado;0;1;1;;;
18696;ia_5004;Llegada en Furgoneta Privada desde el Aeropuerto de Madrid MAD a Toledo o Ávila - Madrid;Madrid;Experiencias Unicas;Tour/experiencia (general);0;1;1;;;
18752;ia_5074;Llegada en Minibús Privado desde el Aeropuerto de Madrid MAD a Madrid;Madrid;Experiencias Unicas;Excursión de día (Day trip) · Privado;0;1;1;;;
18975;ia_5322;Llegada en Minibús Privado desde el Aeropuerto de Madrid MAD a Madrid;Madrid;Experiencias Unicas;Traslado (aeropuerto/ciudad) · Privado;0;1;1;;;
18976;ia_5323;Llegada en minivan estándar desde el aeropuerto de Madrid MAD a Segovia ciudad;Madrid;Experiencias Unicas;Traslado (aeropuerto/ciudad) · Privado;0;1;1;;;
18753;ia_5075;Llegada en minivan estándar desde el aeropuerto de Madrid MAD a Segovia ciudad;Madrid;Experiencias Unicas;Excursión de día (Day trip);0;1;1;;;
18750;ia_5072;Llegada Traslado privado Aeropuerto de Madrid MAD a la ciudad de Madrid en furgoneta;Madrid;Experiencias Unicas;Clase de cocina / Taller culinario;0;1;1;;;
18973;ia_5320;Llegada Traslado privado Aeropuerto de Madrid MAD a la ciudad de Madrid en furgoneta;Madrid;Experiencias Unicas;Traslado (aeropuerto/ciudad) · Privado;0;1;1;;;
17775;ia_3662;Lo más destacado de Madrid;Madrid;Arte y Cultura;Museo de ciencia y tecnología, Museo de la Ciencia Infantil, talleres, interactividad;0;3;3;;;
18991;ia_5339;Lo más destacado de Madrid en bicicleta;Madrid;Experiencias Unicas;Tour guiado (general);0;1;1;;;
18754;ia_5076;Lo más destacado de Madrid en bicicleta;Madrid;Experiencias Unicas;Experiencia gastronómica (general);0;1;1;;;
18755;ia_5077;Lo más destacado de Madrid, Vinos, Tapas y Rooftop 360º anfitrión;Madrid;Experiencias Unicas;Food tour / Ruta de tapas · Privado;0;1;1;;;
18992;ia_5340;Lo más destacado de Madrid, Vinos, Tapas y Rooftop 360º anfitrión;Madrid;Experiencias Unicas;Tour guiado (general);0;1;1;;;
17774;ia_3660;Lo mejor de la ciudad de Madrid y la opción Museo del Prado y Palacio Real;Madrid;Arte y Cultura;Museo de arte clásico / pinacoteca, Museo de la Música Popular, instrumentos, cantos;0;3;3;;;
17761;ia_3637;Lo mejor de Madrid con una guía profesional;Madrid;Arte y Cultura;Museo de arte contemporáneo, Museo del Cómic, viñetas, ilustración gráfica;0;3;3;;;
17772;ia_3658;Lo mejor de Madrid en 3 horas;Madrid;Arte y Cultura;Museo de historia, Museo del Agua y la Energía, hidráulica, electricidad;0;3;3;;;
17773;ia_3659;Lo mejor de Madrid: tour privado de medio día que incluye el Museo del Prado;Madrid;Arte y Cultura;Museo de arte clásico / pinacoteca, Museo de la Cerámica, alfarería, piezas decorativas;0;3;3;;;
15246;ia_831;LO NUESTRO;Madrid;Restaurantes;Española, Cocina casera;0;3;3;;;
14812;ia_384;Lobbo - C/ Gabriel Lobo 11;Madrid;Restaurantes;Americana, Hamburguesas, Costillas;0;3;3;;;
15209;ia_794;LoBbyto Cocktail Bar;Madrid;Restaurantes;Española, Tapas | Desayunos y Brunch;0;3;3;;;
15089;ia_673;Lobito de Mar La Finca by Dani García;Madrid;Restaurantes;Internacional, Mariscos;0;3;3;;;
15204;ia_789;Lobito de Mar Madrid;Madrid;Restaurantes;Española, Mariscos | Frituras | Paellas & Arroces;0;3;3;;;
15212;ia_797;Loca Obsesión Restaurante;Madrid;Restaurantes;Española, Tapas, Fusión;0;3;3;;;
3336;local_3_santo_domingo;Local 3 Santo Domingo;Santo Domingo;Fiesta;Bares de copas;0;4;4;21703;21709;21700,21701,21702,21704,21705,21706,21707,21708
18351;ia_4398;Locales de ensayo Rock & Pop;Madrid;Arte y Cultura;Iglesia / templo, música contemporánea, salas insonorizadas, equipo profesional, Salas de ensayo y grabación;0;1;1;73573;73570;73571
1610;locos_por_la_musica;Locos por la música;Madrid;Ocio y eventos;Conciertos, Espectáculos, Comercial, Otro, Musical, Ocio;1;4;3;18433;18432;18431
537;locos_por_la_musica_kiss_fm;Locos por la música KISS FM;Madrid;Fiesta;Festivales;1;4;4;8657;8658;
17338;loewe;Loewe;Madrid;Compras;"Ropa y accesorios, Casa de lujo española; Bolsos icónicos; Moda exclusiva";0;4;4;;;74410,74411,74412,74413,74414
15808;ia_1402;Lola Sí Mola;Madrid;Restaurantes;Mediterranea, Tapas, Cocina mediterránea;0;3;3;;;
17275;ia_3095;Lolilota- Ropa Infantil;Madrid;Compras;"Moda infantil y bebés, Moda infantil; Estilo creativo; Variedad de prendas";0;3;3;;;
746;lolina_vintage;Lolina Vintage;Madrid;Restaurantes;Trendy, Café y té;0;4;4;15622;15623;15624,15625
16418;lolina_vintage_cafe;Lolina Vintage Café;Madrid;Restaurantes;Internacional, Café;0;4;4;74646;74647;74639,74641,74642,74644
5040;lomo_bajo;Lomo bajo;Barcelona;Restaurantes;Trendy, Especialista en carne, Restaurantes;0;3;3;45418;45416;45383,45385,45387,45388,45396,45417
17383;ia_3204;Longines;Madrid;Compras;"Joyería y relojería de lujo, Tradición suiza; Relojes elegantes; Innovación técnica";0;3;3;;;
3180;longplay_ronda;Longplay Ronda;Ronda;Fiesta, Ocio y eventos;Bares de copas y Discotecas;0;4;4;20859;;20860,20861,20862,20863,20864,20865,20866,20867
17630;ia_3459;LOOM Torre Chamartín;Madrid;Compras;Coworking y oficinas compartidas, Coworking, eventos, salas premium;0;3;3;;;
3893;lopesan_costa_bavaro_resort__spa_y_casino;Lopesan Costa Bávaro Resort, Spa & Casino;Punta Cana;Alojamiento;Hoteles;0;4;4;26606;26612;26607,26608,26609,26610,26611,26613,26614,26615
17100;ia_2920;López Guerrero Miguel Y Ernesto C B;Madrid;Compras;"Shopping de hogar y decoración, Decoración de interiores; Servicios personalizados; Mobiliario a medida";0;3;3;;;
14694;ia_239;López Y López Pizzería;Madrid;Restaurantes;Pizzas artesanas, Ensaladas, Postres italianos, Italiana / Napolitana;0;3;3;;;
14990;ia_574;López Y López Pizzería Lavapies;Madrid;Restaurantes;Italiana, Pizzas;0;3;3;;;
17323;ia_3144;Loreak;Madrid;Compras;"Ropa y accesorios, Moda urbana; Colecciones sostenibles; Diseño contemporáneo";0;3;3;;;
587;lorena_morlote;Lorena Morlote;Madrid;Compras;Para ti, Peluqueria;0;4;4;16976;16977;16978
1232;lorenzillo's;Lorenzillo's;Punta Cana;Restaurantes;Tradicionales, Especialista en mariscos, Restaurantes;0;4;4;18059;18060;18061,18062,18063,18064
17903;ia_3859;Los 3 mejores museos de arte de Madrid en medio día – Grupo pequeño, NO hay cola;Madrid;Arte y Cultura;Museo de arte moderno / contemporáneo, Museo de Arte Popular, artesanía, tradiciones;0;3;3;;;
15626;ia_1220;Los 4 de León;Madrid;Restaurantes;Castellana, Cocido / Carnes / Platos de cuchara;0;3;3;;;
1573;los_40_music_awards;Los 40 Music Awards;Madrid;Ocio y eventos;Espectáculos, Musical, Ocio;1;4;3;18329;18331;18330
15493;ia_1080;Los 5 Pinos;Madrid;Restaurantes;Española, Restaurante tradicional;0;3;3;;;
15544;ia_1131;Los Aguachiles;Madrid;Restaurantes;restaurante, Creativa;0;3;3;;;
1024;los_amigos;Los Amigos;Madrid;Alojamiento;Low cost;0;4;4;18034;18035;18036
15139;ia_723;Los Arrieros;Madrid;Restaurantes;Tradicionales, Cocidos;0;3;3;;;
14927;ia_509;Los Cabos Beach - Gracias Padre;Madrid;Restaurantes;Mexicana, Tacos, Margaritas;0;3;3;;;
16025;ia_1642;Los Castaños;Madrid;Restaurantes;"Española, Carnes; Pescados; Guisos";0;3;3;;;
3866;los_costilla;Los Costilla;Madrid;Restaurantes;Trendy, Americano, Especialista en carne, Restaurantes, Streetfood;0;4;4;30237;25586;25585,25587
4013;los_costilla_;Los Costilla ;Madrid;Restaurantes;Trendy, Americano, Restaurantes;1;4;3;;;30221,30222,30223,30224,30225,30226,30227,30228,30229,30230
15539;ia_1126;LOS COSTILLA;Madrid;Restaurantes;Americana, Carnes, Costillas;0;3;3;;;
3563;los_cunaos;Los cuñaos;Málaga;Restaurantes;Chiringuitos;0;4;4;23133;23126;23127,23128,23129,23130,23131,23132,23134,23135
18993;ia_5341;Los Destacados de Madrid en Segway y Visita al Parque del Retiro;Madrid;Experiencias Unicas;Excursión de día (Day trip);0;1;1;;;
18756;ia_5078;Los Destacados de Madrid en Segway y Visita al Parque del Retiro;Madrid;Experiencias Unicas;Excursión de día (Day trip);0;1;1;;;
18697;ia_5009;Los Destacados de Madrid en Segway y Visita al Parque del Retiro - Madrid;Madrid;Experiencias Unicas;Tour/experiencia (general);0;1;1;;;
14850;ia_424;Los Espetinhos Chueca;Madrid;Restaurantes;Brasileña, Espetinhos, Carnes;0;3;3;;;
14521;ia_87;Los Espetinhos Malasaña;Madrid;Restaurantes;Portuguesa, Carnes a la brasa, Espetadas, Cocina Portuguesa;0;3;3;;;
16972;ia_2791;Los Fiordos;Madrid;Eventos;Atracción permanente;0;3;3;;;
14543;ia_21;Los Galeones;Madrid;Restaurantes;Española / Mediterránea, Pescados, Mariscos, Cocina Tradicional;0;3;3;;;
14865;ia_441;Los Gallos;Madrid;Restaurantes;Mediterránea, Española, Tapas gourmet, Carnes;0;3;3;;;
320;los_gatos;Los Gatos;Madrid;Restaurantes;Tradicionales, Español, Restaurantes;0;4;4;18230;18231;18232
1468;los_grifos;Los Grifos;Madrid;Fiesta, Restaurantes;Bares de copas, Trendy;1;4;1;11695;11696;11691,11692,11693,11694
15456;ia_1041;Los Mandilones;Madrid;Restaurantes;Española, Tradicional, Tapas, Carnes, Guisos caseros;0;3;3;;;
16451;ia_2119;Los Montes de Galicia;Madrid;Restaurantes;Gallega / Tradicional, Alta cocina gallega;0;3;3;;;
923;los_nocturnos_en_cibeles;Los Nocturnos en Cibeles;Madrid;Fiesta;Festivales;1;4;4;8694;8693;
1039;los_ojos_de_malasana;Los ojos de Malasaña;Madrid;Qué ver;Cool Places;1;4;4;14888;14889;
16695;ia_2450;Los Olivos;Madrid;Alojamiento;Resort Hotel, Piscina, jardines;0;3;3;;;
3437;los_pilares_de_ronda;Los Pilares de Ronda;Ronda;Alojamiento;Camping y Casa rural;0;4;4;22219;22220;22221,22222,22223,22224,22228
16391;ia_2022;Los Rotos;Madrid;Restaurantes;Española;0;3;3;;;
16487;ia_2171;Los Rotos;Madrid;Restaurantes;Española / Tradicional, Taberna / Bar de tapas;0;3;3;;;
16512;ia_2200;Los Rotos;Madrid;Restaurantes;Española, Taberna tradicional;0;3;3;;;
18757;ia_5079;Los secretos de Madrid - Juego de escape en la ciudad;Madrid;Experiencias Unicas;Taller de artes (pintura/cerámica/foto);0;1;1;;;
18994;ia_5342;Los secretos de Madrid - Juego de escape en la ciudad;Madrid;Experiencias Unicas;Tour guiado (general);0;1;1;;;
15310;ia_895;Los Torreznos - Alonso Cano;Madrid;Restaurantes;Española, Torreznos, Tapas;0;3;3;;;
15227;ia_812;Los Torreznos López de Hoyos;Madrid;Restaurantes;Española, Torreznos, Tapas;0;3;3;;;
17473;ia_3294;Louis Moinet;Madrid;Compras;"Joyería y relojería de lujo, Alta relojería artística; Complicaciones exclusivas; Producción limitada";0;3;3;;;
17526;ia_3347;Louis Vuitton Watches;Madrid;Compras;"Joyería y relojería de lujo, Moda de lujo; Alta relojería; Estilo parisino";0;3;3;;;
5195;love_the_90s_madrid;Love the 90s Madrid;Madrid;Ocio y eventos;Experiencias y actividades, Conciertos, Espectáculos, Otro, Ocio;0;3;3;;;
514;love_the_tuenti's;Love the Tuenti's;Madrid;Fiesta;Festivales;0;4;4;14784;14785;
16621;lovo_cocktail_bar_madrid;Lovo Cocktail Bar Madrid;Madrid;Nightlife;Coctelería premium;0;4;4;;;74752,74753,74754,74755
15367;ia_952;Lúa;Madrid;Restaurantes;Española, Menú degustación, Pescados, Platos gallegos;0;3;3;;;
5267;lua;Lúa;Madrid;Restaurantes;Top, Restaurantes;0;3;3;;;47559,47560,47561,47562,47563,47564,47565,47566,47567,47568
15504;ia_1091;Lúbora;Madrid;Restaurantes;Alta cocina, Española;0;3;3;;;
14520;ia_85;Luca Brasi;Madrid;Restaurantes;Italiana, Pasta, Pizza, Cocina Italiana;0;3;3;;;
928;luces_del_poniente;Luces del Poniente;Madrid;Alojamiento;Naturaleza;0;4;4;15226;15227;15228,15229,15230
17273;ia_3093;Lucky Kids;Madrid;Compras;"Moda infantil y bebés, Moda infantil; Prendas modernas; Atención personalizada";0;3;3;;;
16652;ia_2374;Lucy In The Sky Club — Lucy in the Sky Club;Madrid;Nightlife;Rooftop bar;0;3;3;;;
17415;ia_3236;Ludovic Ballouard;Madrid;Compras;"Joyería y relojería de lujo, Relojería independiente; Diseños únicos; Complicaciones exclusivas";0;3;3;;;
17453;ia_3274;Ludovic Ballouard;Madrid;Compras;"Joyería y relojería de lujo, Alta relojería independiente; Complicaciones únicas; Producción artesanal";0;3;3;;;
17904;ia_3860;Lugares destacados de Madrid: Recorrido guiado en segway con duración flexible;Madrid;Arte y Cultura;Museo de historia, Museo de la Energía, minas, carbón;0;3;3;;;
18995;ia_5343;Luggage room in Madrid;Madrid;Experiencias Unicas;Taller de artes (pintura/cerámica/foto);0;1;1;;;
18758;ia_5080;Luggage room in Madrid;Madrid;Experiencias Unicas;Walking tour;0;1;1;;;
1219;luis_cepeda;Luis Cepeda;Madrid;Ocio y eventos;Conciertos;0;4;3;14912;14913;
3460;lulu_tasting_bar;Lulú Tasting Bar;Santo Domingo;Restaurantes;Trendy;0;4;4;22445;22450;22446,22447,22448,22449,22451,22452,22454
17489;ia_3310;Luminox;Madrid;Compras;"Joyerías y relojerías, Relojes militares; Tecnología luminosa; Alta resistencia";0;3;3;;;
5993;luna_;Luna ;Dubai;;;0;4;3;50085;50084;50082,50083,50086
411;lupita;Lupita;Madrid;Restaurantes;Top, Trendy, Mexicano, Restaurantes;0;4;4;16610;16611;16612
4689;lupita_paleta_;Lupita Paleta ;Madrid;Restaurantes;Top, Trendy, Mexicano, Heladerias;0;3;3;;;
17325;ia_3146;Lupo;Madrid;Compras;"Ropa y accesorios, Bolsos de piel; Diseño exclusivo; Tradición artesanal";0;3;3;;;
15512;ia_1099;Lupo;Madrid;Restaurantes;Italiana, Pasta y pizza;0;3;3;;;
18489;ia_5682;Luxannys Studio;Madrid;Wellness;Centro de manicura y estética;0;1;1;;;
15468;ia_1054;Luxury;Madrid;Restaurantes;"Japonesa, Sushi; Robatayaki; Fusión";0;3;3;;;
391;luxury_suits_madrid;Luxury Suits Madrid;Madrid;Alojamiento;;0;4;4;16203;16204;16205,16206,16207,16208,16209,16210,16211,16212,16213
544;luzi_bombon;Luzi Bombón;Madrid;Restaurantes;Trendy, Mediterranea;0;4;4;14544;14545;14546,14548
5095;l´antic_bocoi_del_gòtic;L´Antic Bocoi del Gòtic;Barcelona;Restaurantes;Tradicionales, Español, Mediterranea, Restaurantes;0;4;4;45805;45804;45806,45807,45808,45809,45810,45812,45813
15591;ia_1182;L´attitude Barajas;Madrid;Restaurantes;Internacional / Mediterránea, Grill / Pasta / Healthy;0;3;3;;;
16475;ia_2157;L’Entrecôte Café de Paris;Madrid;Restaurantes;Francesa / Tradicional, Bistró francés;0;3;3;;;
5403;m_a_s_a_k_a_africana;M A S A K A Africana;Ibiza;Fiesta, Ocio y eventos;Discotecas, Experiencias y actividades, Cultura, Ocio, Gastronomía;0;4;4;49966;49964;49963,49965,49967
17290;ia_3110;M.M. Joyeros;Madrid;Compras;"Joyerías y relojerías, Joyería premium; Diseño exclusivo; Atención experta";0;3;3;;;
753;ma_petite_creperie;Ma Petite Creperie;Madrid;Restaurantes;Trendy;0;4;4;17621;17622;
5978;macao;MACAO;Madrid;Restaurantes;Top, Trendy, Español, Japonés, Chino, Fusión, Restaurantes;0;3;3;;;
15117;ia_701;MACAO;Madrid;Restaurantes;Japonesa;0;3;3;;;
16498;ia_2184;Macao Madrid;Madrid;Restaurantes;Restaurante contemporáneo, Asiática / Fusión;0;3;3;;;
1799;macarena_club;Macarena Club;Barcelona;Fiesta;Discotecas, Bares de copas, Zonas de fiesta;0;4;4;19115;19116;19114,19117
16002;ia_1619;Macarena Madrid;Madrid;Restaurantes;"Española, Cocina Creativa; Vinos; Tapas";0;3;3;;;
5088;macba;Macba;Barcelona;Qué ver;Cool Places;0;4;4;45753;;45748,45749,45750,45751,45752,45754,45755,45756,45757
185;macera;Macera;Madrid;Fiesta;Bares de copas;0;4;4;14360;14361;14362,14363,14364
17658;ia_3487;Machay.es;Madrid;Compras;Otros, Venta online, envíos nacionales, atención digital;0;3;3;;;
16029;ia_1646;MacLaren's Irish & Sport Bar - Cañaveral;Madrid;Restaurantes;"Irlandesa, Hamburguesas; Cervezas; Tapas";0;3;3;;;
1470;mad_brewing;Mad Brewing;Madrid;Fiesta, Restaurantes, Compras;Bares de copas, Trendy, Marcas y Productos Locales, Irlandes, Americano, Restaurantes, Bares y Pubs, Restaurant & Shop, Restaurant & Club, Gatronomía;0;4;3;;11722;11720,11721,11723,11724
15768;ia_1362;MAD CHKN;Madrid;Restaurantes;Americana, Pollo, Platos americanos;0;3;3;;;
840;mad_cool_;MAD COOL ;Madrid;Fiesta;Festivales, Electrónica, Comercial, Reggeaton, Otro;0;4;4;47712;15203;15204,15205,15206,15209,15210,18467
18324;ia_4372;Mad is Mad Gallery;Madrid;Arte y Cultura;Museo de arte contemporáneo, arte contemporáneo emergente, arte emergente, proyectos sociales, Arte contemporáneo español emergente;0;1;1;73567;73566;
18363;ia_4410;MAD Madrid Artes Digitales;Madrid;Arte y Cultura;Arquitectura / edificio emblemático, arte digital, proyecciones 360º, instalaciones interactivas, Exposiciones inmersivas;0;1;1;73564;73562;
1025;mad4you_hostel_;Mad4You Hostel;Madrid;Alojamiento;Low cost;0;4;4;17084;17085;17086,17087,17088
4993;madame_butterfly_;Madame Butterfly ;Madrid;Restaurantes;Dog Friendly;1;4;4;44516;44517;44514,44515,44566,44567,44568,44569
14697;ia_242;Madame Sushita;Madrid;Restaurantes;Japonesa / Internacional, Sushi, Gyozas, Massaman Curry;0;3;3;;;
4820;madame_sushita_madrid_;Madame sushita Madrid ;Madrid;Restaurantes;Top, Trendy;0;4;4;43981;43973;43974,43975,43976,43977,43978,43979,43980,43982
5649;madcool_2022;MadCool 2022;Madrid;Fiesta;Festivales;1;4;3;;;
4352;maddock_madrid;Maddock Madrid;Madrid;Restaurantes;Trendy, Restaurantes;0;4;4;38034;38241;38035,38036,38037,38038,38039,38040,38041,38042,38043,38238,38239,38240
17684;ia_3513;Madeira Casetas;Madrid;Compras;Bricolaje y jardín, Fabricación de casetas, diseño exterior, estructuras de madera;0;3;3;;;
5694;madison_beer:_the_life_support_tour_;Madison Beer: The Life Support Tour ;Madrid;Ocio y eventos;Conciertos;0;1;3;;;49392,49393,49394,49395,49396
16630;ia_2352;Madklyn;Madrid;Nightlife;Coctelería urbana / Club;0;3;3;;;
17624;ia_3453;MadRamps Escuela de Skate Madrid, Skatepark Indoor;Madrid;Compras;Skate y deportes urbanos, Escuela, alquiler de material, eventos;0;3;3;;;
18469;ia_5661;Madre Tattoo;Madrid;Wellness;Estudio de tatuajes;0;1;1;;;
18311;ia_4359;Madreams Music;Madrid;Arte y Cultura;Arquitectura / edificio emblemático, música en vivo, conciertos flamenco, programación emergente, Conciertos de música en vivo;0;1;1;73560;73561;
17907;ia_3863;Madrid - Recorrido a pie de la Edad Media a la Modernidad (Inglés);Madrid;Arte y Cultura;Museo de historia, Museo de la Agricultura Regional, aperos, maquinaria;0;3;3;;;
17908;ia_3864;Madrid - Tour privado a pie histórico;Madrid;Arte y Cultura;Museo de historia, Museo de la Medicina, instrumental quirúrgico, historia sanitaria;0;3;3;;;
18759;ia_5081;Madrid : Alquiler de Bicicletas Antiguas con Mapa Antiguo;Madrid;Experiencias Unicas;Tour/experiencia (general);0;1;1;;;
19010;ia_5359;Madrid : Alquiler de Bicicletas Antiguas con Mapa Antiguo;Madrid;Experiencias Unicas;Tour guiado (general);0;1;1;;;
17909;ia_3865;Madrid : Grandes mentes y los tiempos de las ilustraciones;Madrid;Arte y Cultura;Museo de historia, Museo de la Artesanía, oficios tradicionales, talleres;0;3;3;;;
19011;ia_5360;Madrid : No es un tour más de tapas y vinos por Eating Europe;Madrid;Experiencias Unicas;Tour guiado (general);0;1;1;;;
18760;ia_5082;Madrid : No es un tour más de tapas y vinos por Eating Europe;Madrid;Experiencias Unicas;Walking tour;0;1;1;;;
18761;ia_5083;Madrid : Tour a pie de tapas con comida y bebidas incluidas;Madrid;Experiencias Unicas;Clase de cocina / Taller culinario;0;1;1;;;
19012;ia_5361;Madrid : Tour a pie de tapas con comida y bebidas incluidas;Madrid;Experiencias Unicas;Excursión de día (Day trip) + Bodega y cata;0;1;1;;;
19013;ia_5362;Madrid : Tour a pie por La Latina con bebida y tapas tradicionales;Madrid;Experiencias Unicas;Walking tour;0;1;1;;;
18762;ia_5084;Madrid : Tour a pie por La Latina con bebida y tapas tradicionales;Madrid;Experiencias Unicas;Excursión de día (Day trip);0;1;1;;;
17910;ia_3866;Madrid : Tour digital sin guía – Usa tu teléfono para explorar;Madrid;Arte y Cultura;Museo de historia, Museo de la Guerra, armamento, uniformes;0;3;3;;;
18763;ia_5085;Madrid : Tour privado a pie de Tapas & Vinos en La Latina;Madrid;Experiencias Unicas;Walking tour · Privado;0;1;1;;;
19014;ia_5363;Madrid : Tour privado a pie de Tapas & Vinos en La Latina;Madrid;Experiencias Unicas;Walking tour · Privado;0;1;1;;;
17911;ia_3867;Madrid : VIP PRIVADO Palacio Real y Museo del Prado.;Madrid;Arte y Cultura;Museo de arte clásico / pinacoteca, Museo del Paisaje, pintura, naturaleza;0;3;3;;;
17878;ia_3831;Madrid a pie + Big Bus Madrid;Madrid;Arte y Cultura;Museo de historia, Museo del Ajedrez, tableros, campeonatos;0;3;3;;;
678;madrid_a_tu_aire_en_bici;Madrid a tu aire en bici;Madrid;Ocio y eventos;Experiencias y actividades;0;4;4;16854;16855;
17946;ia_3903;Madrid Acceso reservado al Santiago Bernabéu;Madrid;Arte y Cultura;Museo / galería (general), Museo de Arte Abstracto, pintura contemporánea, esculturas;0;3;3;;;
19017;ia_5367;Madrid al aeropuerto de Madrid (MAD) - Traslado privado de salida;Madrid;Experiencias Unicas;Traslado (aeropuerto/ciudad) · Privado;0;1;1;;;
19063;ia_5417;Madrid al aeropuerto de Madrid (MAD) - Traslado privado de salida;Madrid;Experiencias Unicas;Traslado (aeropuerto/ciudad) · Privado;0;1;1;;;
18780;ia_5104;Madrid al aeropuerto de Madrid (MAD) - Traslado privado de salida;Madrid;Experiencias Unicas;Tour guiado (general) · Privado;0;1;1;;;
16739;ia_2494;Madrid Alameda Aeropuerto Affiliated by Meliá;Madrid;Alojamiento;Airport Hotel, Piscina, restaurante, shuttle aeropuerto;0;3;3;;;
17927;ia_3883;Madrid arquitectónico: tour privado con un experto local;Madrid;Arte y Cultura;Museo de ciencia y tecnología, Museo de la Seda, telares, moda histórica;0;3;3;;;
17947;ia_3904;Madrid Aspectos destacados : Tour a pie;Madrid;Arte y Cultura;Museo / galería (general), Museo del Agua Local, recursos hídricos, tradición;0;3;3;;;
122;madrid_brunch_in_the_park;Madrid Brunch in the Park;Madrid;Ocio y eventos;Experiencias y actividades, Electrónica, Ocio, Otro, Otro;1;4;4;15185;15186;15187
18996;ia_5344;Madrid City Pass Prado, Bernabéu Flamenco y Tapas;Madrid;Experiencias Unicas;Tour guiado (general);0;1;1;;;
18764;ia_5086;Madrid City Pass Prado, Bernabéu Flamenco y Tapas;Madrid;Experiencias Unicas;Visita guiada a museo/monumento;0;1;1;;;
392;madrid_city_rooms;Madrid City Rooms;Madrid;Alojamiento;Hoteles;1;4;4;16786;16787;16788,16789,16790,16791,16792,16793,16794,16795,16796
17905;ia_3861;MADRID Ciudad Vieja y Barrio Real. Visita guiada en grupo pequeño;Madrid;Arte y Cultura;Museo de historia, Museo de la Fotografía Histórica, cámaras, retratos;0;3;3;;;
17948;ia_3905;Madrid Combo : Tour Museos Prado & Reina Sofía con Evite colas;Madrid;Arte y Cultura;Museo de arte moderno / contemporáneo, Museo de la Fotografía Moderna, retratos, fotografía artística;0;3;3;;;
17928;ia_3884;Madrid como un local: tour privado personalizado;Madrid;Arte y Cultura;Museo de ciencia y tecnología, Museo del Pan, tradición, gastronomía;0;3;3;;;
18765;ia_5087;Madrid Datos eSIM 0,5GB diarios a 50GB 30 Días;Madrid;Experiencias Unicas;Taller de artes (pintura/cerámica/foto);0;1;1;;;
18997;ia_5345;Madrid Datos eSIM 0,5GB diarios a 50GB 30 Días;Madrid;Experiencias Unicas;Tour de 30 días;0;1;1;;;
18535;ia_5728;Madrid Day Spa by Nuilea;Madrid;Wellness;Spa;0;1;1;;;
53;madrid_de_los_austrias;Madrid de los Austrias;Madrid;Qué ver;Barrios;0;4;4;17739;17740;17741,17742
17929;ia_3885;Madrid de los Austrias walking tour;Madrid;Arte y Cultura;Museo de historia, Museo del Cine, proyectores, carteles;0;3;3;;;
19018;ia_5368;Madrid de noche: tour privado de tapas por Madrid con un amable guía local;Madrid;Experiencias Unicas;Tour guiado (general) · Privado;0;1;1;;;
19064;ia_5418;Madrid de noche: tour privado de tapas por Madrid con un amable guía local;Madrid;Experiencias Unicas;Tour guiado (general) · Privado;0;1;1;;;
18781;ia_5105;Madrid de noche: tour privado de tapas por Madrid con un amable guía local;Madrid;Experiencias Unicas;Clase de cocina / Taller culinario;0;1;1;;;
17949;ia_3906;Madrid Destaca 1 hora Monumentos emblemáticos por Sidecar;Madrid;Arte y Cultura;Museo / galería (general), Museo del Folklore, bailes, música tradicional;0;4;4;74694;74695;74693,74696
17930;ia_3886;Madrid destaca con entrada al Museo del Prado;Madrid;Arte y Cultura;Museo de arte clásico / pinacoteca, Museo de Arte Clásico, escultura, pintura;0;3;3;;;
18782;ia_5106;Madrid en Bicicleta y Sesión de Fotos en Grupo Pequeño;Madrid;Experiencias Unicas;Food tour / Ruta de tapas · Grupo;0;1;1;;;
19019;ia_5369;Madrid en Bicicleta y Sesión de Fotos en Grupo Pequeño;Madrid;Experiencias Unicas;Taller/Sesión de fotografía;0;1;1;;;
19020;ia_5370;Madrid en Segway: Recorrido fuera de carretera de 2 horas por la Casa de Campo;Madrid;Experiencias Unicas;Tour en bici / e-bike / segway;0;1;1;;;
18783;ia_5107;Madrid en Segway: Recorrido fuera de carretera de 2 horas por la Casa de Campo;Madrid;Experiencias Unicas;Clase/Taller de baile;0;1;1;;;
17931;ia_3887;Madrid esencial: recorrido a pie;Madrid;Arte y Cultura;Museo de ciencia y tecnología, Museo de la Naturaleza, fauna, flora;0;3;3;;;
17950;ia_3907;Madrid Esencial: Tour privado a pie;Madrid;Arte y Cultura;Museo de historia, Museo de la Historia Natural Local, fauna, flora;0;3;3;;;
17852;ia_3803;Madrid Essential : Tour a pie;Madrid;Arte y Cultura;Museo de historia, Museo del Transporte Marítimo, barcos, navegación;0;3;3;;;
17853;ia_3804;Madrid Essentials Historia del casco antiguo y monumentos emblemáticos;Madrid;Arte y Cultura;Museo de historia, Museo de la Alfarería Popular, cerámica, oficios;0;3;3;;;
17027;ia_2847;Madrid Expert | Private Tour Guides;Madrid;Eventos;Tour privado;0;3;3;;;
17854;ia_3805;Madrid Explorando la historia, la realeza y las leyendas de los Habsburgo;Madrid;Arte y Cultura;Museo de historia, Museo de la Ciencia Aplicada, experimentos, física;0;3;3;;;
18766;ia_5088;Madrid Fitness Pass;Madrid;Experiencias Unicas;Excursión de día (Day trip);0;1;1;;;
18998;ia_5346;Madrid Fitness Pass;Madrid;Experiencias Unicas;Excursión de día (Day trip);0;1;1;;;
1587;madrid_fly;Madrid Fly;Madrid;Ocio y eventos;Experiencias y actividades, Otro;0;3;3;47703;47704;18357,18435,47705
18999;ia_5347;Madrid Fly: Infantil (2 Vuelos);Madrid;Experiencias Unicas;Tour guiado (general);0;1;1;;;
18767;ia_5089;Madrid Fly: Infantil (2 Vuelos);Madrid;Experiencias Unicas;Paracaidismo / Skydiving;0;1;1;;;
17941;ia_3898;Madrid fuera de los caminos trillados : Tour Privado a pie (Personalizable);Madrid;Arte y Cultura;Museo de historia, Museo de la Almazara, aceite de oliva, tradición;0;3;3;;;
238;madrid_fusion_;Madrid Fusión ;Madrid;Fiesta;Ferias;0;4;4;18048;18049;
17855;ia_3806;Madrid Fusión de Arte en el Reina Sofía y el Museo del Prado;Madrid;Arte y Cultura;Museo de arte moderno / contemporáneo, Museo de Arte Hispano, pintura, escultura religiosa;0;3;3;;;
244;madrid_gaming_experience_;Madrid Gaming Experience ;Madrid;Ocio y eventos;Ferias;0;4;4;16198;16199;
18768;ia_5090;Madrid Gastronómica: Tour en grupo pequeño de tapas y vino;Madrid;Experiencias Unicas;Clase de cocina / Taller culinario;0;1;1;;;
19000;ia_5348;Madrid Gastronómica: Tour en grupo pequeño de tapas y vino;Madrid;Experiencias Unicas;Tour guiado (general) · Grupo;0;1;1;;;
17856;ia_3807;Madrid Golden Age GPS App Walking Tour Juego móvil;Madrid;Arte y Cultura;Museo de historia, Museo de los Inventos, prototipos, creatividad;0;3;3;;;
19001;ia_5350;Madrid Guardaequipaje cerca de Estación Atocha;Madrid;Experiencias Unicas;Traslado (aeropuerto/ciudad) · Privado;0;1;1;;;
18769;ia_5092;Madrid Guardaequipaje cerca de Estación Atocha;Madrid;Experiencias Unicas;Clase de cocina / Taller culinario;0;1;1;;;
17894;ia_3848;Madrid Historical Walking Tour;Madrid;Arte y Cultura;Museo de historia, Museo del Vino, bodegas, viticultura;0;3;3;;;
17895;ia_3849;Madrid Histórico con un arquitecto: árabes, Austrias y Borbones;Madrid;Arte y Cultura;Museo de historia, Museo de la Prehistoria, fósiles, utensilios;0;3;3;;;
18770;ia_5093;Madrid Histórico y Moderno en Coche Clásico Tour Privado;Madrid;Experiencias Unicas;Tour guiado (general) · Privado;0;1;1;;;
19002;ia_5351;Madrid Histórico y Moderno en Coche Clásico Tour Privado;Madrid;Experiencias Unicas;Excursión de día (Day trip) + Bodega y cata;0;1;1;;;
17896;ia_3850;Madrid Imperial: Palacio Real y la dinastía de los Habsburgo en Madrid;Madrid;Arte y Cultura;Museo de historia, Museo del Humor, caricaturas, cómics;0;3;3;;;
17897;ia_3851;Madrid Imprescindible:Casco Histórico, Plaza Mayor & Palacio Real;Madrid;Arte y Cultura;Museo de historia, Museo de la Ciencia Marina, biología, oceanografía;0;3;3;;;
17035;ia_2855;Madrid In Game - Campus del Videojuego;Madrid;Eventos;Campus del videojuego;0;3;3;;;
17032;ia_2852;Madrid Laser Combat;Madrid;Eventos;Laser Combat;0;3;3;;;
17942;ia_3899;Madrid medieval: descubre leyendas e historia;Madrid;Arte y Cultura;Museo de historia, Museo de la Música Clásica, partituras, instrumentos;0;3;3;;;
17898;ia_3852;Madrid MegaCombo Entradas Palacio Real y 3 Museos Principales;Madrid;Arte y Cultura;Museo de arte moderno / contemporáneo, Museo del Romanticismo, pintura, mobiliario;0;3;3;;;
17889;ia_3843;Madrid Misterios Leyendas Terror y Más;Madrid;Arte y Cultura;Museo de historia, Museo del Chocolate, cacao, tradición;0;3;3;;;
17890;ia_3844;Madrid Monumental Tour Retiro, Prado y Cibeles;Madrid;Arte y Cultura;Museo de arte clásico / pinacoteca, Museo de la Minería, carbón, herramientas;0;3;3;;;
19021;ia_5371;Madrid monumental: Tour de 2 horas por Tuk Tuk;Madrid;Experiencias Unicas;Excursión de día (Day trip);0;1;1;;;
18784;ia_5108;Madrid monumental: Tour de 2 horas por Tuk Tuk;Madrid;Experiencias Unicas;Excursión de día (Day trip);0;1;1;;;
17943;ia_3900;Madrid multicultural: un audio tour autoguiado;Madrid;Arte y Cultura;Museo de historia, Museo del Juguete Antiguo, muñecas, trenes;0;3;3;;;
237;madrid_orgullo;Madrid Orgullo;Madrid;Ocio y eventos;Experiencias y actividades, Ocio;0;4;4;46772;46771;15383,15384,46773
17891;madrid_oscuro:_torturas__fantasmas__crimenes_y_leyendas;Madrid Oscuro: Torturas, Fantasmas, Crímenes y Leyendas;Madrid;Arte y Cultura;Museo de historia, Museo del Ferrocarril, locomotoras, trenes históricos;0;4;4;;;74507,74508,74509
1502;madrid_otaku_;Madrid Otaku ;Madrid;Ocio y eventos;Ferias;0;4;4;12888;12889;12883,12884,12885,12886,12887
17892;ia_3846;Madrid Palacio Real y Museo del Prado Tour Privado con Traslados;Madrid;Arte y Cultura;Museo de arte clásico / pinacoteca, Museo de Arte Sacro, imaginería, retablos;0;3;3;;;
1343;madrid_photo_fest_2019;Madrid Photo Fest 2019;Madrid;Ocio y eventos;Exposiciones;0;4;3;14437;14438;14439,14440
17944;ia_3901;Madrid por ti mismo (4-8h) con el Ing. Conductor que habla en coche o furgoneta.;Madrid;Arte y Cultura;Museo de historia, Museo de Arte Barroco, retablos, pintura;0;3;3;;;
19191;ia_5555;Madrid Premium Tours;Madrid;Experiencias Unicas;Traslado (aeropuerto/ciudad) · Privado;0;1;1;;;
19003;ia_5352;Madrid Recorrido Destacado por la Ciudad en Tuk Tuk Eléctrico;Madrid;Experiencias Unicas;Tour guiado (general);0;1;1;;;
18771;ia_5094;Madrid Recorrido Destacado por la Ciudad en Tuk Tuk Eléctrico;Madrid;Experiencias Unicas;Excursión de día (Day trip);0;1;1;;;
34;madrid_rio;Madrid Río;Madrid;Qué ver;Parques;0;4;4;17849;17850;17851,17852,17854,17855
4692;madrid_rio_cafe_playa_;Madrid rio café playa ;Madrid;Restaurantes, Ocio y eventos;Parques Temáticos, Experiencias y actividades;0;3;3;;;
17893;ia_3847;Madrid Río y Casa de Campo: Recorrido guiado en E-Bike;Madrid;Arte y Cultura;Museo de historia, Museo de los Títeres, marionetas, teatro;1;3;3;;;
1335;madrid_salvaje;Madrid Salvaje;Madrid;Fiesta;Festivales, Comercial, Reggeaton, Otro;0;1;1;16189;16190;16191,16192,16193,16194,16195,16196,16197
19004;ia_5353;Madrid Segway Fun Tour: Lo más Destacado del Casco Antiguo en Segway.;Madrid;Experiencias Unicas;Tour en bici / e-bike / segway;0;1;1;;;
18772;ia_5095;Madrid Segway Fun Tour: Lo más Destacado del Casco Antiguo en Segway.;Madrid;Experiencias Unicas;Clase/Taller de baile;0;1;1;;;
18773;ia_5096;Madrid Segway Tour. Centro y Parque del Retiro.;Madrid;Experiencias Unicas;Excursión de día (Day trip);0;1;1;;;
18986;ia_5334;Madrid Segway Tour. Centro y Parque del Retiro.;Madrid;Experiencias Unicas;Tour en bici / e-bike / segway;0;1;1;;;
1455;madrid_skate_night;Madrid Skate Night;Madrid;Ocio y eventos;Experiencias y actividades, Ocio, Deporte;0;4;4;12295;11260;11261,11264,11265,12293,12296
1034;madrid_smartrentals_puerta_del_sol;Madrid SmartRentals Puerta del Sol;Madrid;Alojamiento;Apartamentos, Wifi;1;4;4;15258;15259;15260,15261,15262
19022;ia_5372;Madrid sobre Ruedas Tour en Bicicleta;Madrid;Experiencias Unicas;Tour guiado (general);0;1;1;;;
18785;ia_5109;Madrid sobre Ruedas Tour en Bicicleta;Madrid;Experiencias Unicas;Cata/Maridaje de vino / Bodega;0;1;1;;;
18774;ia_5097;Madrid Tapas & Bebidas: Una aventura culinaria para grupos pequeños;Madrid;Experiencias Unicas;Clase de cocina / Taller culinario;0;1;1;;;
18987;ia_5335;Madrid Tapas & Bebidas: Una aventura culinaria para grupos pequeños;Madrid;Experiencias Unicas;Tour guiado (general);0;1;1;;;
18988;ia_5336;Madrid Tapas Crawl ️Tour por Food Lover Tour;Madrid;Experiencias Unicas;Excursión de día (Day trip);0;1;1;;;
18775;ia_5098;Madrid Tapas Crawl ️Tour por Food Lover Tour;Madrid;Experiencias Unicas;Tour por barrio;0;1;1;;;
19178;ia_5544;Madrid Terror Escape Room – Paranormal Experience;Madrid;Experiencias Unicas;Excursión de día (Day trip);0;1;1;;;
18989;ia_5337;Madrid The Original Markets & Tour de degustación de comida;Madrid;Experiencias Unicas;Tour guiado (general);0;1;1;;;
18776;ia_5099;Madrid The Original Markets & Tour de degustación de comida;Madrid;Experiencias Unicas;Excursión de día (Day trip);0;1;1;;;
18777;ia_5100;Madrid The Original Tapas & Wine Tasting Tour;Madrid;Experiencias Unicas;Clase de cocina / Taller culinario;0;1;1;;;
18990;ia_5338;Madrid The Original Tapas & Wine Tasting Tour;Madrid;Experiencias Unicas;Tour guiado (general);0;1;1;;;
19015;ia_5364;Madrid Tuk Tuk & Olé Experience – Tour Cultural Privado de 1,5h;Madrid;Experiencias Unicas;Tour guiado (general) · Privado;0;1;1;;;
19061;ia_5414;Madrid Tuk Tuk & Olé Experience – Tour Cultural Privado de 1,5h;Madrid;Experiencias Unicas;Tour guiado (general) · Privado;0;1;1;;;
18778;ia_5101;Madrid Tuk Tuk & Olé Experience – Tour Cultural Privado de 1,5h;Madrid;Experiencias Unicas;Food tour / Ruta de tapas · Privado;0;1;1;;;
18779;ia_5102;Madrid Ultimate Spanish Cuisine Food & Wine Tour;Madrid;Experiencias Unicas;Clase de cocina / Taller culinario;0;1;1;;;
19016;ia_5365;Madrid Ultimate Spanish Cuisine Food & Wine Tour;Madrid;Experiencias Unicas;Tour guiado (general);0;1;1;;;
19062;ia_5415;Madrid Ultimate Spanish Cuisine Food & Wine Tour;Madrid;Experiencias Unicas;Tour guiado (general);0;1;1;;;
5204;madrid_urban_sports;Madrid Urban Sports;Madrid;Ocio y eventos;Experiencias y actividades;0;3;3;46839;46843;46840,46841,46842
17876;ia_3829;Madrid VIP City tour and Prado Museum, pick up & tickets included;Madrid;Arte y Cultura;Museo de arte clásico / pinacoteca, Museo de la Imprenta, tipografía, libros;0;3;3;;;
17877;ia_3830;Madrid Visita histórica por el cine y la degustación de cócteles;Madrid;Arte y Cultura;Museo de historia, Museo de Arte Contemporáneo, pintura, instalaciones;0;3;3;;;
913;madrid__musa_de_las_artes;Madrid, musa de las artes;Madrid;Ocio y eventos;Exposiciones;0;4;4;17028;17029;
18786;ia_5110;Madrid: Alquiler de bicicletas;Madrid;Experiencias Unicas;Clase de cocina / Taller culinario;0;1;1;;;
19023;ia_5373;Madrid: Alquiler de bicicletas;Madrid;Experiencias Unicas;Taller de artes (pintura/cerámica/foto);0;1;1;;;
19034;ia_5384;Madrid: Alquiler de bicicletas eléctricas;Madrid;Experiencias Unicas;Tour guiado (general);0;1;1;;;
18787;ia_5111;Madrid: Alquiler de bicicletas eléctricas;Madrid;Experiencias Unicas;Tour guiado (general);0;1;1;;;
18788;ia_5112;Madrid: Alquiler de bicicletas eléctricas de montaña;Madrid;Experiencias Unicas;Clase de cocina / Taller culinario;0;1;1;;;
19035;ia_5385;Madrid: Alquiler de bicicletas eléctricas de montaña;Madrid;Experiencias Unicas;Clase de cocina / Taller culinario;0;1;1;;;
17945;ia_3902;Madrid: Aplicación de audioguía de la ciudad para tu smartphone;Madrid;Arte y Cultura;Museo de historia, Museo de Ciencias Naturales, fósiles, minerales;0;3;3;;;
19036;ia_5386;Madrid: Autobús del Aeropuerto de Barajas a la Estación de Tren de Atocha;Madrid;Experiencias Unicas;Traslado (aeropuerto/ciudad) · Privado;0;1;1;;;
18789;ia_5113;Madrid: Autobús del Aeropuerto de Barajas a la Estación de Tren de Atocha;Madrid;Experiencias Unicas;Tour en barco / crucero / catamarán;0;1;1;;;
18790;ia_5114;Madrid: Cata guiada de vino, tapas y aceite de oliva;Madrid;Experiencias Unicas;Excursión de día (Day trip);0;1;1;;;
19037;ia_5387;Madrid: Cata guiada de vino, tapas y aceite de oliva;Madrid;Experiencias Unicas;Tour guiado (general);0;1;1;;;
19038;ia_5388;Madrid: Clase de Cocina de Paella y Tapas + Visita al Mercado;Madrid;Experiencias Unicas;Clase de cocina / Taller culinario;0;1;1;;;
18791;ia_5115;Madrid: Clase de Cocina de Paella y Tapas + Visita al Mercado;Madrid;Experiencias Unicas;Clase de cocina / Taller culinario;0;1;1;;;
18792;ia_5116;Madrid: Consigna en la Estación Central;Madrid;Experiencias Unicas;Degustación gastronómica (tapas/queso/cerveza, etc.);0;1;1;;;
19051;ia_5404;Madrid: Consigna en la Estación Central;Madrid;Experiencias Unicas;Traslado (aeropuerto/ciudad) · Privado;0;1;1;;;
19052;ia_5405;Madrid: Consigna en la Estación de Atocha;Madrid;Experiencias Unicas;Traslado (aeropuerto/ciudad) · Privado;0;1;1;;;
18793;ia_5117;Madrid: Consigna en la Estación de Atocha;Madrid;Experiencias Unicas;Clase/Taller (general);0;1;1;;;
18794;ia_5118;Madrid: Consigna en la Plaza Mayor;Madrid;Experiencias Unicas;Excursión de día (Day trip);0;1;1;;;
19053;ia_5406;Madrid: Consigna en la Plaza Mayor;Madrid;Experiencias Unicas;Excursión de día (Day trip);0;1;1;;;
19054;ia_5407;Madrid: Consigna en la Puerta del Sol;Madrid;Experiencias Unicas;Tour guiado (general);0;1;1;;;
18795;ia_5119;Madrid: Consigna en la Puerta del Sol;Madrid;Experiencias Unicas;Actividad de aventura;0;1;1;;;
18826;ia_5150;Madrid: degustación privada de tapas con un anfitrión;Madrid;Experiencias Unicas;Clase de cocina / Taller culinario;0;1;1;;;
19033;ia_5383;Madrid: degustación privada de tapas con un anfitrión;Madrid;Experiencias Unicas;Clase de cocina / Taller culinario;0;1;1;;;
17847;ia_3798;Madrid: El mejor walking tour de la ciudad, con un guía oficial;Madrid;Arte y Cultura;Museo de historia, Museo de la Cartografía, mapas, exploraciones;0;3;3;;;
17848;ia_3799;Madrid: Entrada al Museo Arqueológico Nacional + Visita Guiada;Madrid;Arte y Cultura;Excursión / day trip, Museo del Barro, alfarería, artesanía;0;3;3;;;
17849;ia_3800;Madrid: Entrada al Museo Thyssen Bornemisza con Audio;Madrid;Arte y Cultura;Museo de arte clásico / pinacoteca, Museo de la Ciencia Espacial, astronomía, cohetes;0;3;3;;;
17850;ia_3801;Madrid: Espectáculo Flamenco en Café Ziryab + Drink;Madrid;Arte y Cultura;Museo de historia, Museo de la Cultura Árabe, caligrafía, cerámica;0;3;3;;;
17851;ia_3802;Madrid: Espectáculo Flamenco en Corral de la Moreria + Cena de 3 platos;Madrid;Arte y Cultura;Museo de historia, Museo de la Pintura Realista, retratos, paisajes;0;3;3;;;
17863;ia_3815;Madrid: Espectáculo Flamenco en el Corral de la Morería;Madrid;Arte y Cultura;Museo de historia, Museo de la Fotografía Contemporánea, exposiciones, retratos;0;3;3;;;
17864;ia_3816;Madrid: Espectáculo Flamenco en el Teatro Flamenco;Madrid;Arte y Cultura;Museo de historia, Museo del Folklore Regional, danzas, costumbres;0;3;3;;;
17861;ia_3813;Madrid: Espectáculo Flamenco en Essential Tablao + Drink;Madrid;Arte y Cultura;Museo de historia, Museo del Videojuego, consolas, arcade;0;3;3;;;
17862;ia_3814;Madrid: Espectáculo Flamenco en Flamenco de Leones + Cena;Madrid;Arte y Cultura;Museo de historia, Museo de la Medicina Tradicional, remedios, botica;0;3;3;;;
17865;ia_3817;Madrid: Espectáculo flamenco en Tablao Torres Bermejas;Madrid;Arte y Cultura;Museo de historia, Museo de la Ciencia y el Juego, experimentos, lúdico;0;3;3;;;
19055;ia_5408;Madrid: Experiencia de cena misteriosa de asesinato;Madrid;Experiencias Unicas;Taller de artes (pintura/cerámica/foto);0;1;1;;;
18796;ia_5120;Madrid: Experiencia de cena misteriosa de asesinato;Madrid;Experiencias Unicas;Clase/Taller (general);0;1;1;;;
18797;ia_5121;Madrid: Experiencia de fiesta silenciosa;Madrid;Experiencias Unicas;Tour guiado (general);0;1;1;;;
19101;ia_5459;Madrid: Experiencia de fiesta silenciosa;Madrid;Experiencias Unicas;Tour guiado (general);0;1;1;;;
19102;ia_5460;Madrid: Experiencia en clases de baile latino y salsa;Madrid;Experiencias Unicas;Clase de cocina / Taller culinario;0;1;1;;;
18798;ia_5122;Madrid: Experiencia en clases de baile latino y salsa;Madrid;Experiencias Unicas;Clase de cocina / Taller culinario;0;1;1;;;
17879;ia_3833;Madrid: Flamenco Show con Tapas o Copa en el Tablao Las Tablas;Madrid;Arte y Cultura;Museo de historia, Museo de la Pintura Contemporánea, arte actual, instalaciones;0;3;3;;;
18799;ia_5123;Madrid: La Caza del Misterio del Asesinato junto al Palacio Real;Madrid;Experiencias Unicas;Excursión de día (Day trip);0;1;1;;;
19103;ia_5461;Madrid: La Caza del Misterio del Asesinato junto al Palacio Real;Madrid;Experiencias Unicas;Excursión de día (Day trip);0;1;1;;;
17881;ia_3835;Madrid: Museo del Prado + Visita a pie + Comida en Sobrino de Botín;Madrid;Arte y Cultura;Museo de arte clásico / pinacoteca, Museo de la Moda, vestuario, tendencias;0;3;3;;;
17880;ia_3834;Madrid: Museo Pass;Madrid;Arte y Cultura;Museo de arte moderno / contemporáneo, Museo del Agua y la Energía, hidráulica, electricidad;0;3;3;;;
18800;ia_5124;Madrid: Noche guiada de tapas;Madrid;Experiencias Unicas;Deportes acuáticos (kayak/SUP/canoa);0;1;1;;;
19104;ia_5462;Madrid: Noche guiada de tapas;Madrid;Experiencias Unicas;Tour guiado (general);0;1;1;;;
17882;ia_3836;Madrid: Palacio Real Visita semiprivada;Madrid;Arte y Cultura;Museo de historia, Museo del Libro, manuscritos, ediciones raras;0;3;3;;;
17906;ia_3862;MADRID: Palacio Real y Museo del Prado con transporte incluído;Madrid;Arte y Cultura;Museo de arte clásico / pinacoteca, Museo del Traje Regional, indumentaria, bordados;0;3;3;;;
17883;ia_3837;Madrid: Paseo + Espectáculo Flamenco con Tapas Opcionales;Madrid;Arte y Cultura;Museo de historia, Museo de Arte Surrealista, Dalí, surrealismo;0;3;3;;;
17937;ia_3893;Madrid: Paseo vespertino de 1,5 horas;Madrid;Arte y Cultura;Museo de ciencia y tecnología, Museo del Transporte Urbano, tranvías, autobuses;0;3;3;;;
18801;ia_5125;Madrid: Recorrido en Tuk Tuk Eléctrico de 4 horas;Madrid;Experiencias Unicas;Clase/Taller (general);0;1;1;;;
19105;ia_5463;Madrid: Recorrido en Tuk Tuk Eléctrico de 4 horas;Madrid;Experiencias Unicas;Tour guiado (general);0;1;1;;;
18802;ia_5126;Madrid: Recorrido guiado en bici eléctrica;Madrid;Experiencias Unicas;Tour en bici / e-bike / segway;0;1;1;;;
19083;ia_5439;Madrid: Recorrido guiado en bici eléctrica;Madrid;Experiencias Unicas;Tour en bici / e-bike / segway;0;1;1;;;
17938;ia_3894;Madrid: Ruta de Tapas + Espectáculo Flamenco;Madrid;Arte y Cultura;Museo de ciencia y tecnología, Museo de la Artesanía Textil, telares, bordados;0;3;3;;;
18804;ia_5128;Madrid: Ruta de Tapas Autoguiada;Madrid;Experiencias Unicas;Excursión de día (Day trip);0;1;1;;;
19085;ia_5441;Madrid: Ruta de Tapas Autoguiada;Madrid;Experiencias Unicas;Excursión de día (Day trip);0;1;1;;;
18803;ia_5127;Madrid: Ruta Guiada de Degustación de Tapas + Bebidas;Madrid;Experiencias Unicas;Clase de cocina / Taller culinario;0;1;1;;;
19084;ia_5440;Madrid: Ruta Guiada de Degustación de Tapas + Bebidas;Madrid;Experiencias Unicas;Tour guiado (general) · Grupo;0;1;1;;;
17939;ia_3895;Madrid: Santiago Bernabéu y Real Madrid Visita guiada;Madrid;Arte y Cultura;Museo de ciencia y tecnología, Museo de la Ciencia Interactiva, física, química;0;3;3;;;
18805;ia_5129;Madrid: Sesión de fotos profesional en el Palacio Real;Madrid;Experiencias Unicas;Taller de artes (pintura/cerámica/foto);0;1;1;;;
19086;ia_5442;Madrid: Sesión de fotos profesional en el Palacio Real;Madrid;Experiencias Unicas;Taller/Sesión de fotografía;0;1;1;;;
18806;ia_5130;Madrid: Sesión de fotos profesional en la Plaza Mayor;Madrid;Experiencias Unicas;Food tour / Ruta de tapas;0;1;1;;;
19087;ia_5443;Madrid: Sesión de fotos profesional en la Plaza Mayor;Madrid;Experiencias Unicas;Taller/Sesión de fotografía;0;1;1;;;
18807;ia_5131;Madrid: Sevillanas con Castañuelas Clase Experiencia;Madrid;Experiencias Unicas;Clase/Taller de baile;0;1;1;;;
19024;ia_5374;Madrid: Sevillanas con Castañuelas Clase Experiencia;Madrid;Experiencias Unicas;Tour guiado (general);0;1;1;;;
18808;ia_5132;Madrid: Taller Guiado de Pintura y Vino de la Academia Wine Gogh Glow;Madrid;Experiencias Unicas;Taller de artes (pintura/cerámica/foto);0;1;1;;;
19025;ia_5375;Madrid: Taller Guiado de Pintura y Vino de la Academia Wine Gogh Glow;Madrid;Experiencias Unicas;Clase de cocina / Taller culinario;0;1;1;;;
17829;ia_3778;Madrid: Tour de Misterios y Leyendas;Madrid;Arte y Cultura;Museo de ciencia y tecnología, Museo del Automóvil Clásico, coches antiguos, motores;0;3;3;;;
18809;ia_5133;Madrid: Tour Gastronómico en Grupo Reducido con Tapas, Vino y Azoteas;Madrid;Experiencias Unicas;Excursión de día (Day trip) · Grupo;0;1;1;;;
19026;ia_5376;Madrid: Tour Gastronómico en Grupo Reducido con Tapas, Vino y Azoteas;Madrid;Experiencias Unicas;Excursión de día (Day trip) + Bodega y cata;0;1;1;;;
17940;ia_3896;Madrid: Tour Guiado con Acceso Sin Colas al Palacio Real;Madrid;Arte y Cultura;Museo de ciencia y tecnología, Museo del Arte Medieval, retablos, códices;0;3;3;;;
17830;ia_3779;Madrid: Tour guiado de 1 hora con entrada al estadio Bernabéu;Madrid;Arte y Cultura;Museo de ciencia y tecnología, Museo de la Música Popular, instrumentos, cantos;0;3;3;;;
18812;ia_5136;Madrid: Tour guiado por la gastronomía española;Madrid;Experiencias Unicas;Clase de cocina / Taller culinario;0;1;1;;;
19039;ia_5389;Madrid: Tour guiado por la gastronomía española;Madrid;Experiencias Unicas;Tour guiado (general);0;1;1;;;
18810;ia_5134;Madrid: Tour Maestro Ronero;Madrid;Experiencias Unicas;Clase/Taller (general);0;1;1;;;
19027;ia_5377;Madrid: Tour Maestro Ronero;Madrid;Experiencias Unicas;Tour guiado (general);0;1;1;;;
17872;ia_3824;Madrid: tour privado a pie personalizado con guía (tour privado);Madrid;Arte y Cultura;Museo de historia, Museo del Vino Regional, bodegas, catas;0;3;3;;;
17873;ia_3825;Madrid: tour privado con guía local;Madrid;Arte y Cultura;Museo de ciencia y tecnología, Museo de la Ciencia Infantil, talleres, juegos;0;3;3;;;
18811;ia_5135;Madrid: Tour Privado en Bicicleta Eléctrica;Madrid;Experiencias Unicas;Tour guiado (general) · Privado;0;1;1;;;
19028;ia_5378;Madrid: Tour Privado en Bicicleta Eléctrica;Madrid;Experiencias Unicas;Tour guiado (general) · Privado;0;1;1;;;
18813;ia_5137;Madrid: Traslado Privado Aeropuerto Barajas con Vehículo Mercedes;Madrid;Experiencias Unicas;Excursión de día (Day trip) · Privado;0;1;1;;;
19040;ia_5390;Madrid: Traslado Privado Aeropuerto Barajas con Vehículo Mercedes;Madrid;Experiencias Unicas;Traslado (aeropuerto/ciudad) · Privado;0;1;1;;;
18827;ia_5151;Madrid: traslado privado IN o OUT en vehículo exclusivo con conductor profesional;Madrid;Experiencias Unicas;Tour guiado (general) · Privado;0;1;1;;;
19079;ia_5434;Madrid: traslado privado IN o OUT en vehículo exclusivo con conductor profesional;Madrid;Experiencias Unicas;Traslado (aeropuerto/ciudad) · Privado;0;1;1;;;
17831;ia_3780;Madrid: VIP Palacio Real y Catedral con entradas y recogida en el hotel;Madrid;Arte y Cultura;Museo de ciencia y tecnología, Museo de la Ciencia del Futuro, robótica, IA;0;3;3;;;
17832;ia_3781;Madrid: Visita al Museo del Prado con Tapas;Madrid;Arte y Cultura;Museo de arte clásico / pinacoteca, Museo de Arte Minimalista, escultura, diseño;0;3;3;;;
17833;ia_3782;Madrid: Visita de 1,5 horas al casco antiguo con entrada rápida al Palacio Real;Madrid;Arte y Cultura;Museo de historia, Museo del Deporte, trofeos, historia deportiva;0;3;3;;;
18816;ia_5140;Madrid: Visita en Tuk Tuk;Madrid;Experiencias Unicas;Excursión de día (Day trip);0;1;1;;;
19043;ia_5393;Madrid: Visita en Tuk Tuk;Madrid;Experiencias Unicas;Tour guiado (general);0;1;1;;;
17899;ia_3854;Madrid: Visita guiada a pie;Madrid;Arte y Cultura;Museo de historia, Museo de la Numismática, monedas, billetes;0;3;3;;;
18817;ia_5141;Madrid: Visita guiada a pie + degustación de tapas y bebidas;Madrid;Experiencias Unicas;Walking tour;0;1;1;;;
19096;ia_5454;Madrid: Visita guiada a pie + degustación de tapas y bebidas;Madrid;Experiencias Unicas;Walking tour;0;1;1;;;
17900;ia_3855;Madrid: Visita guiada a pie + Entrada al Museo del Prado;Madrid;Arte y Cultura;Museo de arte clásico / pinacoteca, Museo de la Ciencia Experimental, laboratorios, talleres;0;3;3;;;
17901;ia_3856;Madrid: Visita guiada a pie en español;Madrid;Arte y Cultura;Museo de historia, Museo del Arte Oriental, cerámicas, budismo;0;3;3;;;
17874;ia_3826;Madrid: visita guiada al Palacio Real con entrada sin colas;Madrid;Arte y Cultura;Museo de ciencia y tecnología, Museo del Arte Islámico, caligrafía, cerámica;0;3;3;;;
18818;ia_5142;Madrid: Visita guiada de 1 hora en Tuk Tuk Eléctrico;Madrid;Experiencias Unicas;Clase de cocina / Taller culinario;0;1;1;;;
19097;ia_5455;Madrid: Visita guiada de 1 hora en Tuk Tuk Eléctrico;Madrid;Experiencias Unicas;Tour guiado (general);0;1;1;;;
17902;ia_3857;Madrid: Visita guiada de 1,5 horas al Paisaje de la Luz y entrada rápida al Museo del Prado;Madrid;Arte y Cultura;Museo de arte clásico / pinacoteca, Museo del Cómic Moderno, superhéroes, viñetas;0;3;3;;;
18819;ia_5143;Madrid: Visita guiada de 1,5 horas en Tuk Tuk Eléctrico;Madrid;Experiencias Unicas;Excursión de día (Day trip);0;1;1;;;
19098;ia_5456;Madrid: Visita guiada de 1,5 horas en Tuk Tuk Eléctrico;Madrid;Experiencias Unicas;Excursión de día (Day trip);0;1;1;;;
18820;ia_5144;Madrid: Visita guiada de 3 horas en Tuk Tuk Eléctrico;Madrid;Experiencias Unicas;Tour guiado (general);0;1;1;;;
19099;ia_5457;Madrid: Visita guiada de 3 horas en Tuk Tuk Eléctrico;Madrid;Experiencias Unicas;Tour guiado (general);0;1;1;;;
18823;ia_5147;Madrid: Visita guiada en bicicleta;Madrid;Experiencias Unicas;Clase de cocina / Taller culinario;0;1;1;;;
18824;ia_5148;Madrid: Visita guiada en bicicleta;Madrid;Experiencias Unicas;Excursión de día (Day trip);0;1;1;;;
19030;ia_5380;Madrid: Visita guiada en bicicleta;Madrid;Experiencias Unicas;Tour guiado (general);0;1;1;;;
19031;ia_5381;Madrid: Visita guiada en bicicleta;Madrid;Experiencias Unicas;Excursión de día (Day trip);0;1;1;;;
18821;ia_5145;Madrid: Visita guiada en Segway;Madrid;Experiencias Unicas;Taller de artes (pintura/cerámica/foto);0;1;1;;;
19100;ia_5458;Madrid: Visita guiada en Segway;Madrid;Experiencias Unicas;Tour en bici / e-bike / segway;0;1;1;;;
18822;ia_5146;Madrid: Visita guiada en Tuk Tuk + Traslado de ida y vuelta;Madrid;Experiencias Unicas;Tour guiado (general);0;1;1;;;
19029;ia_5379;Madrid: Visita guiada en Tuk Tuk + Traslado de ida y vuelta;Madrid;Experiencias Unicas;Traslado (aeropuerto/ciudad) · Privado;0;1;1;;;
18825;ia_5149;Madrid: Visita guiada nocturna en bicicleta eléctrica;Madrid;Experiencias Unicas;Tour por barrio;0;1;1;;;
19032;ia_5382;Madrid: Visita guiada nocturna en bicicleta eléctrica;Madrid;Experiencias Unicas;Tour guiado (general);0;1;1;;;
17871;ia_3823;Madrid: Visita guiada sin colas al Museo del Prado;Madrid;Arte y Cultura;Museo de arte clásico / pinacoteca, Museo de la Arquitectura, maquetas, planos;0;3;3;;;
18814;ia_5138;Madrid: Visita Privada de 1 Hora en Tuk Tuk Eléctrico;Madrid;Experiencias Unicas;Clase/Taller de baile;0;1;1;;;
19041;ia_5391;Madrid: Visita Privada de 1 Hora en Tuk Tuk Eléctrico;Madrid;Experiencias Unicas;Excursión de día (Day trip);0;1;1;;;
18815;ia_5139;Madrid: Visita Privada de 2 Horas en Tuk Tuk Eléctrico;Madrid;Experiencias Unicas;Food tour / Ruta de tapas;0;1;1;;;
19042;ia_5392;Madrid: Visita Privada de 2 Horas en Tuk Tuk Eléctrico;Madrid;Experiencias Unicas;Tour guiado (general) · Privado;0;1;1;;;
19181;ia_5547;Madridadventours;Madrid;Experiencias Unicas;Excursión de día (Day trip);0;1;1;;;
393;madridcito_byb;Madridcito B&B;Madrid;Alojamiento;Low cost;0;4;4;14991;14992;14993,14994
16985;ia_2804;MADride Travel;Madrid;Eventos;Walking tour;0;3;3;;;
19192;ia_5556;Madridos (מדרידוס);Madrid;Experiencias Unicas;Excursión de día (Day trip);0;1;1;;;
15286;ia_871;Madriskí;Madrid;Restaurantes;Española, Tapas, Platos caribeños;0;3;3;;;
1090;madtown_days_by_jim_beam:_chlöe's_clue;Madtown Days by Jim Beam: CHLÖE'S CLUE;Madrid;Ocio y eventos;Conciertos;1;4;4;18235;18236;18237
15957;ia_1574;Mafrens;Madrid;Restaurantes;"Healthy, Ensaladas; Bowls; Zumos";0;3;3;;;
15012;ia_596;Mafrens;Madrid;Restaurantes;Peruana;0;3;3;;;
16646;ia_2368;Magangue Discoteca;Madrid;Nightlife;Club latino;0;3;3;;;
4392;magasand;Magasand;Madrid;Restaurantes;Trendy, Mediterranea, Restaurantes, Café y té, Restaurant & Shop;0;4;4;38888;38913;38891,38892
17297;ia_3118;Maggie Shop;Madrid;Compras;"Ropa y accesorios, Moda femenina; Estilo actual; Atención personalizada";0;3;3;;;
16973;ia_2792;Magneto de Jimmy Neutron;Madrid;Eventos;Atracción temática permanente;0;3;3;;;
18828;ia_5152;Magnífica visita autoguiada a Madrid para niños y familias en inglés;Madrid;Experiencias Unicas;Clase de cocina / Taller culinario;0;1;1;;;
19080;ia_5435;Magnífica visita autoguiada a Madrid para niños y familias en inglés;Madrid;Experiencias Unicas;Clase de cocina / Taller culinario;0;1;1;;;
1450;magpie;Magpie;Madrid;Compras;Tiendas;1;4;3;11015;11019;11016,11017,11018
15530;ia_1117;Maia Poke;Madrid;Restaurantes;Hawaiana, Poké;0;3;3;;;
16094;ia_1713;Maison Blanche;Madrid;Restaurantes;"Francesa, Foie Gras; Soufflé";0;3;3;;;
482;maisterravalbuena;MaisterraValbuena;Madrid;Compras;Galerías de arte;0;4;4;18011;18012;18013,18014
15536;ia_1123;Maizal Gastronomía;Madrid;Restaurantes;Creativa / Internacional, Platos de autor / Carnes / Ensaladas;0;3;3;;;
15259;ia_844;Maizal Madrid;Madrid;Restaurantes;Mexicana, Cocina Fusión, Platos de Autor;0;3;3;;;
15611;ia_1202;Makitake Las Tablas;Madrid;Restaurantes;Japonesa / Fusión, Sushi / Rolls / Tempura;0;3;3;;;
16435;ia_2099;Makitake Sushi;Madrid;Restaurantes;Japonesa, Sushi / Ramen;0;3;3;;;
16655;ia_2377;Malaba Club;Madrid;Nightlife;Club latino;0;3;3;;;
4783;malababa_;Malababa ;Madrid;Compras;Tiendas, Para ti;0;4;4;43871;43872;43865,43866,43867,43868,43869,43870,43873,43874
14726;ia_276;Malabella Gastrobar;Madrid;Restaurantes;Mediterránea, Española, Tapas, Brunch;0;3;3;;;
16022;ia_1639;Malacatín;Madrid;Restaurantes;"Madrileña, Cocido; Callos; Tapas";0;3;3;74536;74540;74537,74538,74539
364;malacatin;Malacatín;Madrid;Restaurantes;Tradicionales, Comida Regional, Restaurantes;0;4;4;16873;16874;16875,16876,16877
15155;ia_739;Malacopa;Madrid;Restaurantes;Internacional, Chilaquiles | Tacos | Quesadillas;0;3;3;;;
3393;malaga;Málaga;Málaga;Qué ver;Escapadas;0;4;4;21898;21889;21890,21891,21892,21893,21894,21895,21896,21897
5771;malaga_carnival_;Malaga Carnival ;Málaga;Fiesta;Fiesta de barrios;0;4;4;49466;;
1918;malaga_en_segway;Málaga en Segway;Málaga;Ocio y eventos;Experiencias y actividades, Cultura, Ocio;0;1;3;19834;;19833,19835,19836,19837
5655;malaga_flamenco_show;Malaga Flamenco Show;Málaga;Ocio y eventos;Experiencias y actividades, Espectáculos, Otro, Cultura;0;4;3;;;
1827;malagueta;Malagueta;Málaga;Qué ver;Barrios;0;1;3;19331;19332;19328,19329,19330
168;malasana;Malasaña;Madrid;Fiesta, Compras, Qué ver;Zonas de fiesta, Zonas de compras, Barrios, Música, Moda, Gatronomía;0;4;4;36310;16336;16335,16337,16338
14608;ia_147;Maldonado 14;Madrid;Restaurantes;Española / Moderna, Cocina Española de Autor;0;3;3;;;
5025;maleducat;Maleducat;Barcelona;Restaurantes;Trendy, Español, Restaurantes;0;3;3;44951;44968;44950,44952,44953,44954,44955,44956,44957,44958,44959
763;malicia;Malicia;Madrid;Compras;Marcas y Productos Locales;0;4;4;15688;15689;
5982;mall_of_the_emirates;Mall of the Emirates;Dubai;;;0;4;4;50042;50043;50044,50045,50046
555;mallorca_pasteleria;Mallorca pasteleria;Madrid;Compras;Tiendas;1;4;4;14369;14370;14371,14372,14373,14374,14375
790;mallorquina;Mallorquina;Madrid;Restaurantes;Tradicionales;0;4;4;17863;17864;17865,17866,17867
5409;maluma;MALUMA;Madrid;Ocio y eventos;Conciertos, Espectáculos, Musical;0;4;4;48458;48457;48447,48449
5402;malvy's_shakes;Malvy's Shakes;Madrid;Restaurantes;Trendy, Especial Delivery, Heladerias, Pastelerias y Panaderias;0;3;3;;;48372,48373,48374,48375,48376,48377,48378,48379,48380,48381
15165;ia_749;Mamá Chicó - Corredera Baja de San Pablo;Madrid;Restaurantes;Mediterranea, Pasta fresca | Pizza a la brasa | Milanesa;0;3;3;;;
14564;ia_73;Mama Chicó - Valdebebas;Madrid;Restaurantes;Italiana, Pizza, Pasta, Cocina Italiana;0;3;3;;;
358;mama_framboise;Mama Framboise;Madrid;Restaurantes;Trendy, Café y té, Pastelerias y Panaderias;0;4;4;16591;16592;16593
14589;mama_pottery_cafe_nuevos_ministerios;Mama Pottery Café Nuevos Ministerios;Madrid;Restaurantes;Internacional / Saludable, Brunch, Healthy Bowls, Cocina Internacional;0;4;4;74621;74616;74617,74619,74620
15746;ia_1340;MAMA UMA JOMM;Madrid;Restaurantes;Japonesa, Sushi, Platos japoneses;0;3;3;;;
14643;ia_187;Mamma ke Pizza;Madrid;Restaurantes;Italiana, Mediterránea, Pizzas napolitanas, Pastas caseras, Ensaladas;0;3;3;;;
15678;ia_1272;Mamuka;Madrid;Restaurantes;Internacional, Cocina creativa, Platos internacionales;0;3;3;;;
1755;mana_75ª;MANÁ 75ª;Barcelona;Restaurantes;Trendy, Restaurantes;0;4;4;18811;18813;18810,18812,18814
1821;manairo;Manairó;Barcelona;Restaurantes;Top, Español, Restaurantes;0;4;4;19298;19303;19299,19300,19301,19302
16600;ia_2322;Manama Disco;Madrid;Nightlife;Club latino;0;3;3;;;
3749;mandarin_oriental_barcelona;Mandarin Oriental Barcelona;Barcelona;Alojamiento;Hoteles, Wifi, Bar;0;4;4;24380;24371;24372,24373,24374,24375,24376,24377,24378,24379
14611;ia_150;MANEKITA bar y restaurante;Madrid;Restaurantes;Japonesa, Sushi, Yakitori, Cocina Japonesa;0;3;3;;;
15247;manero_-_coello;Manero - Coello;Madrid;Restaurantes;Española, Tapas gourmet, Cocina creativa;0;4;4;;;74457,74458,74459,74460,74461,74462
15628;ia_1222;Mangiatore la nonna;Madrid;Restaurantes;Italiana / Casera, Pasta / Pizza / Postres italianos;0;3;3;;;
17334;ia_3155;Mango;Madrid;Compras;"Ropa y accesorios, Moda internacional; Colecciones actuales; Experiencia online";0;3;3;;;
17227;ia_3047;Mani Cosméticos;Madrid;Compras;"Perfumerías y cosmética, Tienda de cosmética; Productos accesibles; Servicio amable";0;3;3;;;
17237;ia_3057;Mani Cosméticos;Madrid;Compras;"Perfumerías y cosmética, Tienda de cosmética; Productos accesibles; Servicio amable";0;3;3;;;
16650;ia_2372;Manicomio_ Club;Madrid;Nightlife;Club alternativo;0;3;3;;;
17341;ia_3162;Manolo Blahnik;Madrid;Compras;"Calzado y zapatillas, Zapatos de lujo; Diseños icónicos; Ediciones exclusivas";0;3;3;;;
17346;ia_3167;Manolo Blahnik;Madrid;Compras;"Calzado y zapatillas, Zapatos de lujo; Diseños icónicos; Ediciones exclusivas";0;3;3;;;
1582;manolo_garcia_;Manolo García ;Madrid;Ocio y eventos;Conciertos;0;4;4;18343;18342;
17563;ia_3384;Mantequería Teresa Huertas;Madrid;Compras;Ambiente gourmet especializado, Cajas premium & degustaciones en tienda;0;3;3;;;
554;mantequerias_bravo;Mantequerías Bravo;Madrid;Compras;Tiendas, Gatronomía;0;4;4;16186;16187;16188
15126;ia_710;Mantra;Madrid;Restaurantes;Internacional, Currys | Tandoori | Biryani | Naan | Samosas;0;3;3;;;
15263;ia_848;Mantuano Bistró;Madrid;Restaurantes;Española, Platos de autor, Cocina fusión;0;3;3;;;
17433;ia_3254;Manufacture Contemporaine du Temps;Madrid;Compras;"Joyería y relojería de lujo, Alta relojería suiza; Complicaciones modernas; Diseño innovador";0;3;3;;;
17420;ia_3241;Manufacture Royale;Madrid;Compras;"Joyería y relojería de lujo, Alta relojería; Diseño exclusivo; Tradición suiza";0;3;3;;;
17458;ia_3279;Manufacture Royale;Madrid;Compras;"Joyería y relojería de lujo, Alta relojería artesanal; Tradición relojera; Producción limitada";0;3;3;;;
5259;maquetas;Maquetas;Madrid;Qué ver, Ocio y eventos;Exposiciones, Otro;1;3;3;47511;47513;47512,47514
16130;ia_1749;Mar & Juana;Madrid;Restaurantes;"Shopping gourmet y de alimentación, Tienda gourmet; Productos seleccionados; Atención personalizada";0;3;3;;;
4105;mar_de_ontigola;Mar de Ontígola;Aranjuez;Qué ver;Parques;0;4;4;33953;33954;33956,33959,33960,33961
15736;ia_1330;Mar y Tierra - San Blas;Madrid;Restaurantes;Española, Carnes, Mariscos;0;3;3;;;
3814;maraca_restaurante_santo_domingo;Maraca Restaurante Santo Domingo;Santo Domingo;Restaurantes;Trendy;0;1;3;;;24954,24955,24956,24957,24958,24959,24960,24961,24962,24963
14711;ia_260;Maracca Madrid;Madrid;Restaurantes;Mediterránea, Española, Tapas creativas, Coctelería;0;3;3;;;
17875;ia_3827;Maravilloso Madrid: recorrido a pie con audio autoguiado;Madrid;Arte y Cultura;Museo de historia, Museo del Transporte Aéreo, aviones, aerodinámica;0;3;3;;;
3781;marbella;Marbella;Málaga;Qué ver;Escapadas;0;1;3;24698;24691;24692,24693,24694,24695,24696,24697,24699,24700
17512;ia_3333;Marc Jacobs Watches;Madrid;Compras;"Joyerías y relojerías, Moda internacional; Estilo moderno; Diseños juveniles";0;3;3;;;
18513;ia_5706;Marcos barber shop;Madrid;Wellness;Barbería;0;1;1;;;
4027;marcos_morilla;Marcos Morilla;Ronda;Experiencias y Actividades;Comercios, productos locales y artesanía;0;4;4;30972;30976;30973,30974,30975,30977,30980,30981
1616;marea;Marea;Madrid;Ocio y eventos;Conciertos, Rock, Musical;0;4;3;18463;18464;18465
3945;maremagnum_barcelona;Maremagnum Barcelona;Barcelona;Compras;Centros comerciales;0;4;4;28539;28556;28540,28541,28542,28543,28544,28545,28546,28547,28548
15106;ia_690;Margarita Beach - Gracias Padre;Madrid;Restaurantes;Internacional, Tacos;0;3;3;;;
5230;margarita_se_llama_mi_amor_;Margarita se llama mi amor ;Madrid;Compras;Tiendas;0;4;4;47260;47267;47259,47261,47262,47263,47264,47265,47266,47268
15492;ia_1079;Margarito Bar;Madrid;Restaurantes;Española contemporánea, Bar de tapas;0;3;3;;;
17585;ia_3412;María del Río;Madrid;Compras;Moda y ropa, Asesoría de estilo, prendas sostenibles;0;3;3;;;
15409;ia_994;Maria Malagueta;Madrid;Restaurantes;Brasileña, Platos globales, Tapas modernas, Cócteles;0;3;3;;;
15594;ia_1185;Marieta;Madrid;Restaurantes;Mediterránea / Internacional, Arroces / Carnes / Ceviche;0;3;3;;;
4302;marieta_madrid;Marieta Madrid;Madrid;Restaurantes;Top, Español, Fusión, Restaurantes;0;4;4;36665;36666;36664,36667,36668,36669,36670,36671,36672,36673
5164;marina_bay_sands_sg_clean__singapur;Marina Bay Sands SG Clean, Singapur;Filipinas;Alojamiento;Hoteles;0;4;4;46408;46413;46406,46407,46409,46410,46411,46412,46414,46415
5950;marina_ibiza_malo;Marina Ibiza;Madrid;;;1;1;3;;;
5955;marina_ibiza;Marina Ibiza;Ibiza;Compras, Qué ver;Zonas de compras, Tiendas, Moda;0;4;4;49878;49879;49869,49870,49873,49875,49877,49880,49881,49882
14986;ia_570;Marinero (Mercado Antón Martín);Madrid;Restaurantes;Mediterranea, Mariscos;0;3;3;;;
15620;ia_1212;Marinero bistro;Madrid;Restaurantes;Mediterránea / de Mar, Pescado / Ceviche / Arroz;0;3;3;;;
15978;ia_1595;Marisqueria La Paz;Madrid;Restaurantes;"Española, Mariscos; Pulpo; Pescados";0;3;3;;;
14979;ia_563;Market at EDITION;Madrid;Restaurantes;Española;0;3;3;;;
18829;ia_5153;Market Tour : 1h de Historia Alimentaria Española Maridaje Opcional Comida;Madrid;Experiencias Unicas;Excursión de día (Day trip);0;1;1;;;
19081;ia_5436;Market Tour : 1h de Historia Alimentaria Española Maridaje Opcional Comida;Madrid;Experiencias Unicas;Excursión de día (Day trip) + Bodega y cata;0;1;1;;;
14645;ia_189;Marmalé;Madrid;Restaurantes;Moderna / Española, Gourmet, Degustación, Cocina de autor;0;3;3;;;
15785;ia_1379;Marmitón;Madrid;Restaurantes;Española, Platos internacionales, Tapas;0;3;3;;;
4664;marta_fabregas;Marta Fabregas;Ronda;Experiencias y Actividades;Comercios, productos locales y artesanía;0;1;1;42681;42682;42680
4475;marta_gonzalez;Marta González;Ronda;Experiencias y Actividades;Experiencias y Actividades;1;4;3;;;
14549;ia_35;Martes 13;Madrid;Restaurantes;Española / Fusión, Cocina Fusión, Tapas Modernas;0;3;3;;;
14690;ia_235;Martín Tostón;Madrid;Restaurantes;Creativa / Street food, Bocadillos gourmet, Sándwiches, Fritos;0;3;3;;;
1643;martinez;MARTÍNEZ;Barcelona;Qué ver;Cool Places;0;4;4;18585;18584;18586,18587
6128;martinez_bar_malo_malo_malo;Martínez Bar Malo Malo Malo;Málaga;Fiesta;Bares de copas, prueba;0;1;3;;;
6134;martinez_bar_malo_malo_malo_malo;Martínez Bar Malo Malo Malo Malo;Málaga;Fiesta;Bares de copas, prueba;0;1;3;;;
6142;martinez_bar_prueba_v3;Martínez Bar PRUEBA V3;Madrid;Fiesta;Bares de copas, prueba;0;1;3;;;
18289;martinez_bar_prueba_v3_local_1;Martínez Bar PRUEBA V3 local 1;Madrid;;;0;1;3;;;
5369;martinica;Martinica;Madrid;Restaurantes;Top, Mediterranea, Fusión, Restaurantes;0;4;4;48301;;48298,48299,48300
14492;ia_17;Maru;Madrid;Restaurantes;Cocina coreana, Parrillada/BBQ;0;3;3;;;
545;maruca;Maruca;Madrid;Restaurantes;Trendy, Comida Regional;0;4;4;15339;15340;15341
3275;maruja_limon_bar;Maruja Limón Bar;Ronda;Fiesta;Bares de copas y Discotecas;0;4;4;21413;21410;21411,21414,21416,21417,21418
5873;marytierra_;Marytierra ;Ibiza;Restaurantes;Trendy, Veggie;0;4;3;49686;49691;49687,49689,49690
1241;mas_alla_de_2001._odiseas_de_la_inteligencia;Más allá de 2001. Odiseas de la inteligencia;Madrid;Ocio y eventos;Exposiciones;0;4;3;16685;16686;16687
5078;mas_de_sant_llei;Mas de Sant Lleí;Barcelona;Ocio y eventos;Experiencias y actividades;1;1;3;;;45652,45653,45654,45655,45656,45657,45658,45659,45660,45661
5080;mas_de_sant_llei_barcelona;Mas de Sant Lleí Barcelona;Barcelona;Ocio y eventos;Experiencias y actividades;0;4;4;45665;45664;45666,45667,45668,45669,45670,45671,45672,45673
19234;ia_5605;Mas de Santa;Madrid;Experiencias Unicas;Degustación / experiencia gastronómica;0;1;1;;;
15425;ia_1010;Más de Santa;Madrid;Restaurantes;Española, Platos mediterráneos, Postres de autor;0;3;3;;;
5591;mas_salagros_ecoresort;Mas Salagros EcoResort;Barcelona;Alojamiento;Hoteles, Terraza, Gimnasio, Wifi, Estética, Restaurante, Bar, Spa, Concierge, Traslados;0;4;4;48946;48947;48889,48890,48891,48892,48893,48894,48895,48896,48897,48898,48905,48906,48908,48909,48911,48943,48944,48945,48948,48949
18495;ia_5688;Masaje Californiano Lourdes Olaizola;Madrid;Wellness;Centro de masajes;0;1;1;;;
18456;ia_5648;Masaje de 60 minutos;Madrid;Wellness;Masaje;0;1;1;;;
18457;ia_5649;Masaje de tejido profundo;Madrid;Wellness;Masaje terapéutico;0;1;1;;;
18455;ia_5647;Masaje en pareja 60 minutos;Madrid;Wellness;Masaje en pareja;0;1;1;;;
18467;ia_5659;Masajes de Filipinos;Madrid;Wellness;Centro de masajes;0;1;1;;;
1293;masajes_orientales_en_sam_see;Masajes orientales en Sam See;Madrid;Compras, Ocio y eventos;Experiencias y actividades, Para ti;0;4;4;16366;;16368,16369,16370
16378;ia_1997;Masala House;Madrid;Restaurantes;"India, Pollo korma; Curry vegetal";0;3;3;;;
16228;ia_1847;Masala King;Madrid;Restaurantes;"India, Pollo tikka masala; Curry vegetal";0;3;3;;;
15399;ia_984;Mascara;Madrid;Restaurantes;Española, Carnes, Guisos, Tapas;0;3;3;;;
14499;ia_34;Mashita;Madrid;Restaurantes;Coreana, Cocina Coreana, Bibimbap, Tteokbokki;0;3;3;;;
15382;ia_967;Massart Goya;Madrid;Restaurantes;Española, Platos creativos, Tapas, Carnes;0;3;3;;;
14772;ia_336;Massart Moncloa;Madrid;Restaurantes;Mediterránea, Española, Tapas, Carnes, Pescados;0;3;3;;;
17329;ia_3150;Massimo Dutti;Madrid;Compras;"Ropa y accesorios, Moda internacional; Colecciones premium; Experiencia de compra cuidada";0;3;3;;;
16663;ia_2385;Master Plató Karaoke;Madrid;Nightlife;Karaoke bar, Pop, Rock, Latino;0;3;3;;;
18830;ia_5154;Masterclass de maridaje de vinos con cena española de alta cocina.;Madrid;Experiencias Unicas;Clase de cocina / Taller culinario;0;1;1;;;
19082;ia_5437;Masterclass de maridaje de vinos con cena española de alta cocina.;Madrid;Experiencias Unicas;Tour guiado (general);0;1;1;;;
642;matadero;Matadero;Madrid;Qué ver;Cool Places;0;4;4;16481;16482;
18274;matadero_madrid;Matadero Madrid;Madrid;Arte y Cultura;Centro cultural / sala de exposiciones, Arte contemporáneo, cine, conciertos, ferias;0;3;3;;;74483,74484,74485,74486
15051;ia_635;Matcha House;Madrid;Restaurantes;Italiana;0;3;3;;;
1933;matilde;Matilde;Aranjuez;Restaurantes;Top, Español, Mediterranea, Restaurantes;0;4;4;19873;19875;19866,19867,19868,19869,19870,19871,19872,19874
3044;matiz_restaurante;Matiz Restaurante;Málaga;Restaurantes;Trendy;1;1;3;;;20148,20149,20150,20151,20152,20153,20154,20155,20156,20157
1520;mauna_loa;Mauna Loa;Madrid;Fiesta;Bares de copas, Comercial;0;4;4;36660;36659;36661,36662,36663
17401;ia_3222;Maurice Lacroix;Madrid;Compras;"Joyería y relojería de lujo, Relojes suizos accesibles; Innovación técnica; Diseños elegantes";0;3;3;;;
14715;ia_264;Mavera;Madrid;Restaurantes;Turca, Meze, Kebabs;0;3;3;;;
14796;mawey_taco_bar_-_olid;Mawey Taco Bar - Olid;Madrid;Restaurantes;Mexicana, Tacos, Margaritas;0;4;4;74287;74284;74285,74286,74288
16569;ia_2282;Máximo Bistrot;Madrid;Restaurantes;Mediterránea / Francesa, Bistró contemporáneo;0;3;3;;;
144;maydrit_4;Maydrit 4*;Madrid;Alojamiento;Hoteles;1;4;4;17490;17491;17492,17493,17494,17495,17496,17497,17498,17499
15804;ia_1398;Mayflower;Madrid;Restaurantes;Internacional, Brunch, Cafetería;0;3;3;;;
5883;maymanta_pisco;Maymanta Pisco;Ibiza;Fiesta, Restaurantes;Bares de copas, Top, Trendy, Con terraza;0;4;3;49736;49738;49737,49739,49740,49741
5158;mayor_of_scaredy_cat_town__londres;Mayor of Scaredy Cat Town, Londres;Filipinas;Fiesta;Discotecas;0;4;4;46352;46346;46347,46348,46349,46350,46351,46353,46354,46355
5651;mazoni;Mazoni;Barcelona;Ocio y eventos;Conciertos;0;4;4;49302;49301;49303
17404;ia_3225;MB&F;Madrid;Compras;"Joyería y relojería de lujo, Alta relojería independiente; Diseños artísticos; Innovación mecánica";0;3;3;;;
17406;ia_3227;MB&F;Madrid;Compras;"Joyería y relojería de lujo, Alta relojería creativa; Diseños futuristas; Ediciones limitadas";0;3;3;;;
17438;ia_3259;MB&F Legacy Machine;Madrid;Compras;"Joyería y relojería de lujo, Alta relojería creativa; Complicaciones exclusivas; Estilo futurista";0;3;3;;;
16581;ia_2302;McLaren’s Madrid;Madrid;Restaurantes;Americana / Internacional, Pub / Hamburguesería;0;3;3;;;
17417;ia_3238;MCT;Madrid;Compras;"Joyería y relojería de lujo, Relojes de lujo; Complicaciones modernas; Estilo único";0;3;3;;;
17459;ia_3280;MCT Watches;Madrid;Compras;"Joyería y relojería de lujo, Diseños contemporáneos; Alta relojería; Producción exclusiva";0;3;3;;;
17857;ia_3808;Me gusta Madrid: Ruta privada alternativa con un guía local;Madrid;Arte y Cultura;Museo de historia, Museo del Arte Contemporáneo Local, instalaciones, pintura;0;3;3;;;
5881;me_hotel_;ME Hotel ;Ibiza;Alojamiento;Hoteles, Terraza, Wifi, Estética, Restaurante, Bar, Spa;0;3;3;49730;;49731,49732,49733
89;me_madrid_reina_victoria_4;Me Madrid Reina Victoria 4*;Madrid;Alojamiento;Hoteles, Terraza;0;4;4;14493;14494;14496,14497,14498,14499,14500
16613;ia_2335;Medaigual;Madrid;Nightlife;Club latino / Urbano;0;3;3;;;
18360;ia_4407;Medallón a la Prudencia;Madrid;Arte y Cultura;Arquitectura / edificio emblemático, escultura alegórica, relieve alegórico;0;1;1;73557;73555;
1754;mediamanga;MEDIAMANGA;Barcelona;Restaurantes;Trendy, Restaurantes;0;4;4;18804;18801;18800,18802,18803
17564;ia_3385;MediaMarkt Outlet Madrid;Madrid;Compras;Ofertas de tecnología & reacondicionados, Garantías extendidas & promociones diarias;0;3;3;;;
1084;medias_puri;Medias Puri;Madrid;Fiesta;Discotecas;0;4;4;16425;16426;16427,16429,74106,74107
19257;ia_5636;Medias Puri;Madrid;Experiencias Unicas;Experiencia inmersiva / VR / museo interactivo;0;1;1;;;
17037;ia_2857;MEEU (Madrid Exposiciones y Eventos Urbanos);Madrid;Eventos;Centro de ocio y eventos;0;3;3;;;
17858;ia_3810;Mejor tour privado personalizable en Madrid con recogida en el hotel;Madrid;Arte y Cultura;Museo de historia, Museo del Cine Español, carteles, películas;0;3;3;;;
17602;ia_3431;Melati Concept Store;Madrid;Compras;Concept Stores, Asesoría de estilo, envoltorio regalo;0;3;3;;;
1621;melendi;Melendi;Madrid;Ocio y eventos;Conciertos, Comercial, Musical;0;4;3;18474;18475;18476
16806;ia_2561;Melia Castilla;Madrid;Alojamiento;Luxury Hotel, Piscina, spa, restaurante, bar;0;3;3;;;
16812;ia_2564;Melia Madrid Serrano;Madrid;Alojamiento;City Hotel, Rooftop, piscina, gimnasio, restaurante;0;3;3;;;
1007;meltdown;Meltdown;Madrid;Fiesta;Bares de copas, Restaurantes, Bares y Pubs;0;4;4;17926;17927;
15632;ia_1226;Menomale;Madrid;Restaurantes;Italiana / Napolitana, Pizza / Pasta / Postres italianos;0;3;3;;;
14673;ia_218;Menta & Cilantro;Madrid;Restaurantes;Española / Fusión, Menú diario, Platos caseros, Fusión saludable;0;3;3;;;
3269;meraky_ronda;Meraky Ronda;Ronda;Fiesta;Bares de copas y Discotecas;0;4;4;42815;42814;21383,21385
839;mercadillo_del_gato;Mercadillo del Gato;Madrid;Compras;Mercados, Música;1;4;4;15378;15379;15380,15381
17614;ia_3443;Mercadito Batán;Madrid;Compras;Mercados de abastos, Puestos locales, tapas, comercio tradicional;0;3;3;;;
17615;ia_3444;Mercado Boisan;Madrid;Compras;Mercados de abastos, Venta directa, comida preparada;0;3;3;;;
4091;mercado_de_abastos_aranjuez;Mercado de Abastos Aranjuez;Aranjuez;Qué ver;Arquitectura: museos, plazas y monumentos;0;4;4;49270;49263;33853,49260,49261,49262,49264,49265,49266,49267,49268,49269
4017;mercado_de_abastos_ronda;Mercado de Abastos Ronda;Ronda;Ocio y eventos;;0;4;4;30681;30682;30679,30683,30685,30686
17567;ia_3389;Mercado de Antón Martín;Madrid;Compras;€-€€, https://mercadoantonmartin.com/;0;4;4;74253;74252;74251,74254
3614;mercado_de_atarazanas;Mercado de Atarazanas;Málaga;Qué ver;Cool Places;1;4;3;;;23342,23343,23344,23345,23346,23347,23348,23349,23350,23351
1833;mercado_de_atarazanas_;Mercado de Atarazanas ;Málaga;Qué ver;Cool Places;0;1;3;19372;19373;19370,19371
1148;mercado_de_chamartin;Mercado de Chamartín;Madrid;Compras;Mercados;0;4;3;17089;17090;17091,17092
17268;ia_3088;Mercado de Chamartín;Madrid;Compras;"Mercados de abastos, Mercado premium; Puestos gourmet; Productos selectos";0;3;3;;;
17253;ia_3073;Mercado de Chamberí;Madrid;Compras;"Mercados de abastos, Mercado tradicional; Puestos variados; Productos frescos";0;3;3;74573;74575;74574,74576,74577
710;mercado_de_diseno;Mercado de Diseño;Madrid;Ocio y eventos;Mercados, Ocio;0;4;4;14310;14311;
1628;mercado_de_la_boqueria;Mercado de la Boquería;Barcelona;Ocio y eventos;Mercados;0;4;4;18502;18501;18503
627;mercado_de_la_cebada;Mercado de la Cebada;Madrid;;Marcas y Productos Locales;0;4;4;14351;14352;14353,14354,14355,14356,14357,14358,14359
1632;mercado_de_la_concepcion;Mercado de la Concepción;Barcelona;Ocio y eventos;Mercados;0;4;4;22825;22824;22823
17260;ia_3080;Mercado de la Paz;Madrid;Compras;"Mercados de abastos, Mercado histórico; Puestos gourmet; Variedad premium";0;3;3;;;
15014;ia_598;Mercado de la Reina 12;Madrid;Restaurantes;Argentino;0;3;3;;;
1145;mercado_de_las_flores_tirso_de_molina;Mercado de las Flores Tirso de Molina;Madrid;Compras, Ocio y eventos;Mercados, Mercados, Decoración, Naturaleza, Ocio, Otro, Moda;0;4;3;17803;17804;
970;mercado_de_las_ranas;Mercado de Las Ranas;Madrid;Ocio y eventos;Mercados, Indoor, Cultura, Ocio;1;4;4;15270;15271;
17269;mercado_de_maravillas;Mercado de Maravillas;Madrid;Compras;"Mercados de abastos, Mercado histórico; Variedad de puestos; Productos frescos";0;4;4;74528;74527;74529,74530,74531
252;mercado_de_motores_;Mercado de Motores ;Madrid;Ocio y eventos;Mercados, Indoor, Ocio;1;4;4;17107;17108;17109,17110,17111,17112,17113,17114
1146;mercado_de_navidad_de_la_plaza_mayor;Mercado de Navidad de la Plaza Mayor;Madrid;Compras, Ocio y eventos;Mercados, Mercados, Accesorios;0;4;4;46879;17426;46880,46881,46882
253;mercado_de_productores_;Mercado de Productores ;Madrid;Ocio y eventos;Mercados;0;4;4;16655;16656;16657,16658,16660
4436;mercado_de_salamanca;Mercado de Salamanca;Málaga;Compras;Mercados;0;3;3;;;39871,39872,39873,39874,39875,39876,39877,39878,39879,39880
308;mercado_de_san_anton;Mercado de San Antón;Madrid;Compras;Mercados;0;4;4;14307;14308;14309
325;mercado_de_san_ildefonso;Mercado de San Ildefonso;Madrid;Restaurantes;Trendy, Mercados, Streetfood;0;4;4;14959;14960;14961,14962,14963
324;mercado_de_san_ildefonso_calle_de_fuencarral_57;Mercado de San Ildefonso Calle de Fuencarral, 57;Madrid;Restaurantes;Trendy, Mercados, Streetfood;1;4;4;15596;15597;15598
307;mercado_de_san_miguel_;Mercado de San Miguel ;Madrid;Compras;Mercados;1;4;4;18037;18038;18039,18040,18041
16962;ia_2752;Mercado de San Miguel;Madrid;Eventos;Mercados Gastronómicos;0;3;3;;;
16963;ia_2781;Mercado de San Miguel;Madrid;Eventos;Mercado;0;3;3;;;
1629;mercado_de_sant_antoni;Mercado de Sant Antoni;Barcelona;Ocio y eventos;Mercados, Ocio, Gastronomía;1;1;3;;;
1631;mercado_de_santa_catalina;Mercado de Santa Catalina;Barcelona;Ocio y eventos;Mercados;0;4;4;18514;18513;18511,18512
3663;mercado_de_sants;Mercado de Sants;Barcelona;Compras;Mercados;0;4;4;23597;23596;23595,23598,23599,23600,23601,23602,23603,23604
1353;mercado_de_vallehermoso;Mercado de Vallehermoso;Madrid;Compras;Mercados, Mercados;0;4;4;17321;17322;17323,17324,17325,17326,17327,17328
1354;mercado_del_juguete;Mercado del Juguete;Madrid;Compras;Mercados;0;4;3;18261;18262;18263,18264,18265,18266,18267,18268,18269
17616;ia_3445;Mercado Galería Lucillo;Madrid;Compras;Mercados de abastos, Puestos locales, trato personalizado;0;3;3;;;
4216;mercado_general_de_ataranzas_;Mercado General de Ataranzas ;Aranjuez;Compras;Marcas y Productos Locales;1;4;4;;;35849,35850,35851,35852,35853,35854,35855,35856,35857,35858
17619;ia_3448;Mercado Las Águilas Aluche;Madrid;Compras;Mercados de abastos, Tapas, producto fresco, atención cercana;0;3;3;;;
17259;ia_3079;Mercado Municipal de Argüelles;Madrid;Compras;"Mercados de abastos, Mercado local; Puestos variados; Productos frescos";0;3;3;;;
5208;mercado_navideno_plaza_mayor;Mercado navideño Plaza Mayor;Madrid;Ocio y eventos;Experiencias y actividades;0;3;3;;;46869,46870,46871,46872,46873,46874,46875,46876,46877,46878
1630;mercado_sant_antoni;Mercado Sant Antoni;Barcelona;Ocio y eventos;Mercados;0;4;4;18504;18506;18505
5988;mercado_victoria;Mercado Victoria;Málaga;Alojamiento;Apartamentos;0;1;3;;50062;50063,50064,50065,50066,50067,50068,50069,50070,50071
17254;ia_3074;Mercafruteria Z;Madrid;Compras;"Fruterías y verdulerías, Frutería local; Variedad de frutas; Atención cercana";0;3;3;;;
5856;mercat_nou;Mercat Nou;Ibiza;Compras;Marcas y Productos Locales, Para ti;0;4;3;49627;49628;49630,49631,49632
468;mercato_ballaro;Mercato Ballaro;Madrid;Restaurantes;;0;4;4;17872;17873;17874,17875,17876,17877,17878,17879,17880,17881
15360;ia_945;Mercato Italiano;Madrid;Restaurantes;Italiana, Pizzas, Pastas, Platos italianos;0;3;3;;;
18496;ia_5689;Mercedes Herranz - Centro Estética Avanzada;Madrid;Wellness;Centro de estética avanzada;0;1;1;;;
18314;ia_4362;Mercedes-Benz Fashion Week Madrid (MBFWMadrid);Madrid;Arte y Cultura;Torre / mirador arquitectónico, moda contemporánea, desfiles, cibelespacio, showrooms, Desfiles de Agatha Ruiz de la Prada, Roberto Torretta, Teresa Helbig;0;1;1;73552;73553;
5986;mercury_lounge_;Mercury Lounge ;Dubai;;;0;4;3;50053;50052;50054,50055,50056
16557;ia_2268;Merecumbé;Madrid;Restaurantes;Caribeña / Latina, Restaurante con espectáculo;0;3;3;;;
18615;ia_5818;Merida CDC;Madrid;Deportes;Ciclismo;0;1;1;73317;73318;
733;mermeladas_cucumi;Mermeladas Cucumi;Madrid;Compras;Marcas y Productos Locales;0;4;4;14663;14664;14665
16305;ia_1924;Mesón Andaluz;Madrid;Restaurantes;"Andaluza, Salmorejo; Pescaíto Frito";0;3;3;;;
1931;meson_carmen_la_de_ronda;Mesón Carmen la de ronda;Ronda;Restaurantes;Tradicionales;1;1;1;19853;19846;19847,19848,19849,19850,19851,19852,19854,19855
16110;ia_1729;Mesón del Duero;Madrid;Restaurantes;"Castellana, Lechazo; Torreznos";0;3;3;;;
3976;meson_el_sacristan;Mesón el Sacristán;Ronda;Restaurantes;Tradicionales, Español, Restaurantes;0;1;1;41886;41890;28877,28882,28885,28886,41887,41888,41889,41911,41912,41913,41914,41915,41916,41956,41957,41958
3819;meson_el_sol;meson el sol;Madrid;Restaurantes;Top;1;4;3;;;25004,25005,25006,25007,25008,25009,25010,25011,25012,25013
16145;ia_1764;Mesón Gallego;Madrid;Restaurantes;"Gallega, Pulpo a feira; Empanada gallega";0;3;3;;;
15564;ia_1153;Mesón La Casina;Madrid;Restaurantes;Española, Cocina Tradicional;0;3;3;;;
16165;ia_1784;Mesón Manchego;Madrid;Restaurantes;"Manchega, Pisto manchego; Queso manchego";0;3;3;;;
16170;ia_1789;Mesón Manchego;Madrid;Restaurantes;"Manchega, Gachas; Queso manchego";0;3;3;;;
15392;ia_977;Mesón O'Lagar;Madrid;Restaurantes;Española, Carnes, Pescados, Guisos;0;3;3;;;
16027;ia_1644;Meson Restaurante As Fontes;Madrid;Restaurantes;"Gallega, Pulpo; Mariscos; Empanadas";0;3;3;;;
16017;ia_1634;Mesón Restaurante EL SEGOVIANO;Madrid;Restaurantes;"Castellana, Cochinillo; Lechazo; Sopas";0;3;3;;;
17365;ia_3186;Messika;Madrid;Compras;"Joyería y relojería de lujo, Alta joyería contemporánea; Diamantes exclusivos; Diseños modernos";0;3;3;;;
17542;ia_3363;Messika Watches;Madrid;Compras;"Joyería y relojería de lujo, Joyas con diamantes; Diseños modernos; Exclusividad francesa";0;3;3;;;
497;mestizo_store;Mestizo Store;Madrid;Compras;Tiendas, Decoración;0;4;4;16477;16476;16478,16479
1225;metallica;Metallica;Madrid;Ocio y eventos;Conciertos;1;4;3;15146;15147;15148,15149,15150
815;metropolitan_;Metropolitan ;Madrid;Compras;Para ti;0;4;4;15618;15619;15620,15621
15174;ia_758;Mexcalista;Madrid;Restaurantes;Internacional, Tacos | Quesadillas | Nachos;0;3;3;;;
15843;ia_1437;Mexita Taco Bar / Italian Fusion;Madrid;Restaurantes;Mexicana, Fusión, Tacos y pastas;0;3;3;;;
14970;ia_554;Mezban;Madrid;Restaurantes;India, Samosas;0;3;3;;;
15562;ia_1151;Mezcaloteca Corazón Agavero;Madrid;Restaurantes;Mexicana, Cocina mexicana;0;3;3;;;
1032;mh_apartments_central_madrid;MH Apartments Central Madrid;Madrid;Alojamiento;Apartamentos, Wifi;1;4;4;15119;15120;15121,15122,15123,15124,15125
769;mi_bicicleta_holandesa;Mi Bicicleta Holandesa;Madrid;Compras;Marcas y Productos Locales;0;4;4;17971;17972;
17256;ia_3076;Mi Rebotica Store;Madrid;Compras;"Perfumerías y cosmética, Cosmética natural; Productos artesanales; Filosofía sostenible";0;3;3;;;
17859;ia_3811;Mi Tour Gay en Madrid;Madrid;Arte y Cultura;Museo de historia, Museo de Ciencias Naturales Regional, fauna, geología;0;3;3;;;
17503;ia_3324;Michael Kors Watches;Madrid;Compras;"Joyerías y relojerías, Relojes modernos; Moda global; Diseños accesibles";0;3;3;;;
17271;ia_3091;MICOS Moda Infantil;Madrid;Compras;"Moda infantil y bebés, Tienda de moda infantil; Prendas modernas; Ambiente cercano";0;3;3;;;
17062;ia_2883;Microlog;Madrid;Compras;Computadoras y accesorios, Distribuidor oficial Arduino & Micro:bit, Kits STEAM, Envío 24h;0;3;3;;;
17072;ia_2893;Microlog;Madrid;Compras;Computadoras y accesorios, No disponible;0;3;3;;;
4628;microteatro;Microteatro;Madrid;Ocio y eventos;Cines y Teatros, Conciertos, Monólogo, Musical;0;4;4;41408;41411;41404,41405,41406,41407,41410,41412,41413
16965;ia_2783;Microteatro por Dinero;Madrid;Eventos;Teatro / Musical;0;3;3;;;
17083;ia_2904;Microvell Informática;Madrid;Compras;Computadoras y accesorios, No disponible;0;3;3;;;
17493;ia_3314;Mido;Madrid;Compras;"Joyerías y relojerías, Diseño arquitectónico; Alta relojería suiza; Innovación creativa";0;3;3;;;
18458;ia_5650;Midra 30, Kessa tradicional y masaje;Madrid;Wellness;Hammam;0;1;1;;;
5336;mieleria_colmenita_tajo;Mielería Colmenita Tajo;Aranjuez;Compras, Ocio y eventos;Marcas y Productos Locales, Experiencias y actividades, Naturaleza, Cultura, Ocio, Gastronomía, Gastronomía;0;4;4;49076;49077;49070,49071,49072,49073,49074,49075,49079
18310;ia_4358;Miguel Ángel Hernández Santos;Madrid;Arte y Cultura;Barrio / zona histórica, arte contemporáneo local, talleres, contacto directo con artista, Obra personal del artista;0;1;1;;;
3562;miguelito_el_carinoso;Miguelito el Cariñoso;Málaga;Restaurantes;Chiringuitos;0;4;4;23121;23120;23116,23117,23118,23119,23122,23123,23124,23125
19222;ia_5586;Miguitas (Pastelería de Mascotas);Madrid;Experiencias Unicas;Pastelería para mascotas (pet bakery);0;1;1;;;
16437;ia_2101;Miho Sushi;Madrid;Restaurantes;Japonesa;0;3;3;;;
17213;ia_3033;MiiN Korean Cosmetics · Goya;Madrid;Compras;"Perfumerías y cosmética, Cosmética coreana; Productos exclusivos; Asesoría personalizada";0;3;3;;;
15792;ia_1386;Miix Kitchn;Madrid;Restaurantes;Japonesa, Sushi, Cocina fusión;0;3;3;;;
3098;mijas;Mijas;Málaga;Qué ver;Escapadas;0;1;3;20349;20352;20350,20351,20353,20354,20355,20356,20357,20358
17280;ia_3100;MIKA UÑAS;Madrid;Compras;"Centros de estética, Centro de estética; Manicura profesional; Diseños personalizados";0;3;3;;;
14729;ia_279;Mikado;Madrid;Restaurantes;Japonesa, Sushi, Sashimi;0;3;3;;;
15221;ia_806;Miki;Madrid;Restaurantes;Española, Sushi, Nigiris;0;3;3;;;
17366;ia_3187;Mikimoto;Madrid;Compras;"Joyería y relojería de lujo, Alta joyería japonesa; Perlas icónicas; Diseño elegante";0;3;3;;;
17537;ia_3358;Mikimoto Watches;Madrid;Compras;"Joyería y relojería de lujo, Perlas japonesas; Alta relojería; Exclusividad internacional";0;3;3;;;
4468;milamores_ronda;Milamores Ronda;Ronda;Experiencias y Actividades;Comercios, productos locales y artesanía, Bodegas y Vinos de Ronda;0;3;3;;;40861,40862
19253;ia_5631;MILFSHAKES x Alex Cordobés;Madrid;Experiencias Unicas;Tour/experiencia (general);0;1;1;;;
5860;mimì_;Mimì ;Ibiza;Restaurantes;Top, Low cost, Italiano, Pizza, Restaurantes;0;3;3;49639;;49640
17225;ia_3045;Mino Barber Shop;Madrid;Compras;"Peluquerías y barberías, Barbería urbana; Cortes modernos; Ambiente joven";0;3;3;;;
17235;ia_3055;Mino Barber Shop;Madrid;Compras;"Peluquerías y barberías, Barbería urbana; Cortes modernos; Ambiente joven";0;3;3;;;
15863;ia_1457;Mint;Madrid;Restaurantes;Española, Cocina tradicional, Platos creativos;0;3;3;;;
18380;ia_4490;Mirador / Virgen de Valdelatas;Madrid;Naturaleza;Ruta circular, Bosque mediterráneo, laderas suaves, Mirador con ermita;0;1;1;;;
18397;ia_4507;Mirador del Cerro de las Canteras;Madrid;Naturaleza;Excursión a Zona Natural Poco Urbanizada D, Colina, praderas urbanas, Fotografía, contemplación urbana;0;1;1;;;
18257;ia_4415;Mirador Torre de Madrid;Madrid;Arte y Cultura;Plaza histórica / icónica, Vistas panorámicas, arquitectura años 50;0;3;3;;;
5140;mirazur_;Mirazur ;Filipinas;Restaurantes;Top;0;4;4;46101;46102;46103,46104,46105,46106,46107,46108,46109,46110
4438;mirch_indian_garito;Mirch Indian Garito;Barcelona;Restaurantes;Top, Restaurantes, Hindú;0;4;4;40133;40143;40127,40128,40129,40130,40131,40132,40134,40135,40136,40144
5791;mis_tradiciones;Mis Tradiciones;Madrid;Restaurantes;Trendy, Tradicionales, Low cost;0;4;3;49549;49556;49551,49553,49554
5010;misericordia_club;Misericordia club;Madrid;Fiesta;Bares de copas;0;4;4;44771;;44772,44773
15601;ia_1192;Misky Mikuy;Madrid;Restaurantes;Peruana / Latinoamericana, Ceviche / Arroz chaufa / Anticuchos;0;3;3;;;
439;miss_sushi;Miss Sushi;Madrid;Restaurantes;Trendy, Japonés, Restaurantes;0;4;4;15735;15736;15737,15739
14695;ia_240;Miss Sushi - Avenida de Brasil;Madrid;Restaurantes;Japonesa / Fusión, Sushi rolls, Bao, Gyozas;0;3;3;;;
15861;ia_1455;Miss Sushi - Hortaleza;Madrid;Restaurantes;Japonesa, Sushi, Cocina japonesa;0;3;3;;;
15335;ia_920;Miss Sushi - Santa Ana;Madrid;Restaurantes;Japonesa, Sushi, Platos japoneses modernos;0;3;3;;;
15875;ia_1474;Miss Sushi Alcobendas;Madrid;Restaurantes;Japonesa, Sushi, Cocina japonesa;0;3;3;;;
14908;ia_487;Miss Sushi Campo de las Naciones;Madrid;Restaurantes;Japonesa, Comida Fusión, Sushi, Makis;0;3;3;;;
15658;ia_1252;Miss Sushi Majadahonda;Madrid;Restaurantes;Japonesa, Sushi, Cocina japonesa;0;3;3;;;
15181;ia_766;Miss Sushi Mendez Álvaro;Madrid;Restaurantes;Japonesa, Sushi | Uramaki | Nigiri;0;3;3;;;
5455;mister_o1_pizzeria;Mister O1 Pizzeria;Madrid;Restaurantes;Trendy, Veggie, Especial Delivery, Italiano, Restaurantes;0;4;4;48502;48503;48501,48504
15829;ia_1423;Mitiko;Madrid;Restaurantes;Japonesa, Tapas japonesas, Sushi;0;3;3;;;
17038;ia_2858;MITM Events;Madrid;Eventos;Agencia de organización de eventos;0;3;3;;;
17860;ia_3812;Mito y significado en el viaje del Prado a través de leyendas clásicas;Madrid;Arte y Cultura;Museo de arte clásico / pinacoteca, Museo del Modernismo, arquitectura, mobiliario;0;3;3;;;
16566;ia_2279;Mitsuha;Madrid;Restaurantes;Japonesa, Restaurante japonés;0;3;3;;;
1524;mitty_cats;Mitty Cats;Madrid;Fiesta;Discotecas, Comercial, Otro;0;4;4;13559;13560;13553,13554,13555,13556,13557,13558
4746;miyagi_express_sushi_bar;Miyagi Express Sushi Bar;Ronda;Restaurantes;Trendy, Japonés, Restaurantes;0;4;4;43635;43636;43634,43637
15055;ia_639;Mizi Sushi;Madrid;Restaurantes;Española;0;3;3;;;
16991;ia_2810;mk2 Palacio de Hielo;Madrid;Eventos;Cine;0;3;3;;;
15547;mo_de_movimiento;Mo de Movimiento;Madrid;Restaurantes;Internacional;0;4;4;74178;74177;74179,74180,74181,74183
142;moby_dick;Moby Dick;Madrid;Fiesta;Salas de concierto, Rock, Otro;0;4;4;18115;18116;18117,18118,18119
5776;moco_museum_story_for_instagram);Moco Museum (story for Instagram);Barcelona;Ocio y eventos;Exposiciones, Escultura;0;3;3;49475;;49477
454;moda_shopping;Moda Shopping;Madrid;Compras;Centros comerciales;0;4;4;16394;16395;16396
3712;mokaï_beach_bar;MOKAÏ BEACH BAR;Barcelona;Restaurantes;Low cost, Bares y Pubs;0;4;4;24186;24183;24191
683;mola!_hostel;Mola! Hostel;Madrid;Alojamiento;Low cost;0;4;4;17435;17436;17437
15110;ia_694;Molcajete & Tejolote;Madrid;Restaurantes;Internacional, Tacos;0;3;3;;;
3980;molino_don_felix;Molino Don Felix;Ronda;Experiencias y Actividades;Comercios, productos locales y artesanía;0;4;4;28895;28892;28891,28893,28894
246;momad_;Momad ;Madrid;Compras;Galerías de arte;1;4;4;15841;15842;
5226;mon_madrid_;Mon Madrid ;Madrid;Fiesta;Discotecas;0;4;4;47225;47222;47219,47220,47223,47224,47226,47227,47228
18439;ia_4551;Monasterio de El Escorial;Madrid;Naturaleza;Ruta a mirador / cumbre, Jardines, colinas, montaña, Visita guiada, historia, fotografía;0;1;1;;;
5979;monasterio_de_las_descalzas;Monasterio de las Descalzas;Madrid;Qué ver;Plazas y monumentos, Arquitectura;0;4;4;;;
17955;monasterio_de_las_descalzas_reales_y_madrid_de_los_austrias:_visita_guiada;Monasterio de las Descalzas Reales y Madrid de los Austrias: Visita guiada;Madrid;Arte y Cultura;Museo de historia, Museo de la Ciencia Marina, océanos, fauna;0;3;3;74389;74391;74388,74390,74392
1644;monasterio_de_montserrat;Monasterio de Montserrat;Barcelona;Qué ver;Cool Places;0;4;4;18590;18589;18588
17954;ia_3914;Monasterio Descalzas Reales Visita con entrada sin esperar colas;Madrid;Arte y Cultura;Museo de historia, Museo de la Fotografía Histórica, daguerrotipos, retratos;0;3;3;;;
17956;ia_3917;Monasterio las Descalzas: Tour guiado;Madrid;Arte y Cultura;Museo de historia, Museo del Diseño Gráfico, carteles, tipografía;0;3;3;;;
1645;monasterio_sant_cugat_del_valles;Monasterio Sant Cugat Del Vallés;Barcelona;Qué ver;Escapadas;0;4;4;18596;18597;18595,18598
170;moncloa_y_argüelles;Moncloa y Argüelles;Madrid;Fiesta, Qué ver;Zonas de fiesta, Barrios;0;4;4;17225;17226;
1564;mondo__25º_aniversario;Mondo, 25º Aniversario;Madrid;Fiesta, Ocio y eventos;Discotecas, Más de 18, Electrónica;1;4;3;18324;18326;18325
16597;ia_2319;Monete Club;Madrid;Nightlife;Sala de música / Club;0;3;3;;;
1557;monkey_garage;Monkey Garage;Madrid;Compras;Galerías de arte, Tiendas, Para ti, Moda, Coleccionista, Moda;0;4;4;74702;74705;74703,74704
5225;monocle_club;Monocle Club;Madrid;Fiesta;Discotecas;0;4;4;47211;47216;47209,47210,47212,47213,47214,47215,47217,47218
14523;ia_93;Monsieur Sushita;Madrid;Restaurantes;Japonesa, Sushi Premium, Wagyu, Cocina Japonesa Moderna;0;3;3;;;
14892;ia_469;Monster Sushi Zurbano;Madrid;Restaurantes;Japonesa, Comida Fusión, Sushi, Nigiris;0;3;3;;;
16440;ia_2104;Mont San;Madrid;Restaurantes;Mediterránea / Española, De mercado;0;3;3;;;
5190;montana_magica_lodge__chile;Montaña Mágica Lodge, Chile;Filipinas;Alojamiento;Hoteles;0;4;4;46652;46653;46646,46647,46648,46649,46650,46651,46654,46655
1280;montana_redonda_-_miches;Montaña Redonda - Miches;Punta Cana;Qué ver;Escapadas;0;4;4;15825;15826;15827,15828,15829,15830,15831,15832
18428;monte_de_el_pardo;Monte de El Pardo;Madrid;Naturaleza;Excursión / day trip, Encinares, colinas, ríos, Avistamiento de fauna, rutas forestales;0;4;4;;;
1829;monte_de_gibralfaro;Monte de Gibralfaro;Málaga;Qué ver;Barrios;0;1;3;19345;19347;19346
397;monte_holiday_ecoturismo;Monte Holiday Ecoturismo;Madrid;Alojamiento;;0;4;4;16568;16569;16570,16571,16572,16573,16574,16575,16576,16577
1651;montjuic;Montjuic;Barcelona;Fiesta;Zonas de fiesta;0;4;4;18616;;18614,18615
18359;ia_4406;Monumento a Alfonso XII;Madrid;Arte y Cultura;Monumento emblemático, escultura monumental, mirador panorámico, Esculturas de Benlliure, mirador;0;1;1;73549;73548;
1593;monumento_a_colon;Monumento a Colón;Barcelona;Qué ver;Plazas y monumentos;0;4;4;18398;28334;18397,18399
18357;ia_4404;Monumento a Emilio Castelar;Madrid;Arte y Cultura;Excursión / day trip, escultura de Benlliure, escultura conmemorativa, Escultura de Benlliure, alegorías;0;1;1;73545;73546;
3630;monumento_a_los_constituyentes;Monumento a los Constituyentes;Santo Domingo;Qué ver;Parques;0;4;4;23394;23396;23393,23395,23397,23398,23399,23400,23401,23402
3627;monumento_a_los_heroes_de_la_restauracion;Monumento a los Héroes de la Restauración;Santo Domingo;Qué ver;Museos, Parques;0;4;4;23368;23370;23363,23364,23365,23366,23369,23371,23372
18313;ia_4361;Monumento Cervantes — Monumento a Cervantes;Madrid;Arte y Cultura;Monumento emblemático, literatura / escultura, esculturas icónicas, entorno histórico, Escultura de Cervantes, Quijote y Sancho;0;1;1;73542;73544;
3574;monumento_fray_antonio_montesino;Monumento Fray Antonio Montesino;Santo Domingo;Qué ver;Museos;0;4;4;23185;23182;23181,23183,23184,23186,23188,23189
1820;monvinic;Monvínic;Barcelona;Restaurantes;Top, Español, Restaurantes;0;4;4;19285;19282;19283,19284
16471;ia_2153;Mood 77;Madrid;Restaurantes;Fusión / Internacional, Restaurante de autor;0;3;3;;;
1800;moog_;Moog ;Barcelona;Fiesta;Discotecas, Electrónica;0;4;4;19125;19123;19124,19126,19127
134;moondance;Moondance;Madrid;Fiesta;Discotecas, Comercial, Reggeaton;0;4;4;17563;17564;17565,17566,17569
459;moraleja_green;Moraleja Green;Madrid;Compras;Centros comerciales;0;4;4;17119;17120;17121
811;morales_box;Morales Box;Madrid;Compras;Para ti;0;4;4;16907;16908;16909,16910
317;morao;Morao;Madrid;Restaurantes;Trendy, Mediterranea, Restaurantes;0;4;4;18044;18045;18046,18047
1236;morat;Morat;Madrid;Ocio y eventos;Conciertos;1;4;3;15425;15426;15427,15428,15429,15430,15431
15362;ia_947;Morgana;Madrid;Restaurantes;Mediterranea, Platos creativos, Cócteles;0;3;3;;;
15217;ia_802;Morso Pizza Bar;Madrid;Restaurantes;Italiana, Pizza creativa;0;3;3;;;
17579;ia_3404;Morueco Cerámicas;Madrid;Compras;Hogar y Decoración, Personalización de piezas artesanales;0;3;3;74224;74225;74223,74227,74228
5036;mosquito_;Mosquito ;Barcelona;Restaurantes;Low cost, Japonés, Chino, Coreano, Restaurantes;0;4;4;45292;45291;45050,45051,45052,45053,45054,45056,45057,45058,45059
15322;ia_907;Mother India;Madrid;Restaurantes;India, Curries, Biryanis, Pan naan;0;3;3;;;
1016;motion_hostels;Motion hostels;Madrid;Alojamiento;Low cost;0;4;4;14581;14582;14583,14584
1305;motomadrid;MotoMadrid;Madrid;Ocio y eventos;Ferias, Exposiciones;0;4;3;17888;17889;17890,17891,17892,17893,17894,17895
17551;ia_3372;Mouawad Watches;Madrid;Compras;"Joyería y relojería de lujo, Alta joyería con diamantes; Relojes exclusivos; Tradición familiar";0;3;3;;;
18573;ia_5776;Mountain Group S.C.;Madrid;Deportes;Senderismo / Escalada / Aventura;0;1;1;73314;73316;
14858;ia_434;Mountain Tandoori - Indian & Nepali Cuisine;Madrid;Restaurantes;India, Nepalí, Curries, Momos, Biryani;0;3;3;;;
17485;ia_3306;Movado;Madrid;Compras;"Joyerías y relojerías, Diseño moderno; Alta relojería; Icono minimalista";0;3;3;;;
17017;ia_2837;Movistar Arena Madrid;Madrid;Eventos;Arena multiusos;0;3;3;;;
14930;ia_512;Mozzafiato Pasta Fresca Artigianale;Madrid;Restaurantes;Italiana, Pastas frescas;0;3;3;;;
14527;ia_104;Mr. Kabab;Madrid;Restaurantes;Turca, Kebabs, Shawarma, Cocina Turca;0;3;3;;;
15064;ia_648;Mr. Pizza;Madrid;Restaurantes;Pizza, Internacional;0;3;3;;;
15262;ia_847;Mr. Vu;Madrid;Restaurantes;Española, Pho, Rollitos, Bao;0;3;3;;;
6031;muay_thai._;Muay Thai. ;Ronda;Ocio y eventos;Eventos;0;4;3;;;
17109;ia_2929;Muebles Barman (Con cita. Llamar antes de ir);Madrid;Compras;"Muebles y decoración, Muebles a medida; Atención personalizada con cita; Diseños exclusivos";0;3;3;;;
17106;ia_2926;Muebles Mobel K6;Madrid;Compras;"Muebles y decoración, Mobiliario moderno; Diseño contemporáneo; Asesoría en decoración";0;3;3;;;
17105;ia_2925;Muebles y colchones A. Gómez;Madrid;Compras;"Colchones y descanso, Venta de colchones; Muebles de descanso; Asesoría personalizada";0;3;3;;;
15002;ia_586;Muerde la Pasta Islazul;Madrid;Restaurantes;Española;0;3;3;;;
15032;ia_616;Muerde la Pasta Rivas H2O;Madrid;Restaurantes;Española, Pastas;0;3;3;;;
5647;mulafest_2022;MulaFest 2022;Madrid;Fiesta, Ocio y eventos;Festivales, Ferias;0;3;3;49287;49288;49286
1352;mulafest_madrid;Mulafest Madrid;Madrid;Fiesta;Festivales;0;4;3;15678;15679;15680,15681,15682,15683,15684,15685,15686,15687
19212;ia_5576;Multiaventura Los Gatos;Madrid;Experiencias Unicas;Barranquismo;0;1;1;;;
19210;ia_5574;Multiaventura Madrid;Madrid;Experiencias Unicas;Clase/Taller (general);0;1;1;;;
675;multiaventura_park;Multiaventura Park;Madrid;Ocio y eventos;Experiencias y actividades;0;4;4;16663;16664;
3972;multicines_ronda;Multicines Ronda;Ronda;Ocio y eventos;Cines y Teatros y Salas de concierto;0;4;4;28856;28857;28742,28744
18293;ia_4341;MUMA – Museo de Medios Acorazados;Madrid;Arte y Cultura;Museo / galería (general), historia militar / tecnología, acceso a tanques originales, Tanques, blindados, documentos;0;1;1;73539;73538;
15655;ia_1249;Munchies by Foodgoddess;Madrid;Restaurantes;Internacional / Creativa, Hamburguesas / Bowls / Snacks;0;3;3;;;
15720;ia_1314;Mundorum Viator Bar;Madrid;Restaurantes;Internacional, Tapas, Platos internacionales;0;3;3;;;
14731;ia_281;MUNE Pelayo;Madrid;Restaurantes;Libanesa, Hummus, Falafel;0;3;3;;;
14623;ia_162;MUNE Prado;Madrid;Restaurantes;Mediterránea / Internacional, Platos Mediterráneos, Cocina Internacional;0;3;3;;;
15475;ia_1062;Muñeca Brava;Madrid;Restaurantes;"Española contemporánea, Tapas; Empanadas; Tablas";0;3;3;;;
18338;ia_4385;Mural Calle Invisible;Madrid;Arte y Cultura;arte urbano contemporáneo, Street art / graffiti, arte callejero en vivo, Mural callejero contemporáneo;0;1;1;73537;73535;
18266;ia_4424;Mural en General Ricardos 46;Madrid;Arte y Cultura;Barrio de Carabanchel (ruta a pie), Arte urbano de gran formato;0;3;3;;;
4238;muralla_de_la_cijara;Muralla de la Cijara;Ronda;Qué ver;Barrios;0;1;1;36763;36762;36396
3169;murallas_de_ronda;Murallas de Ronda;Ronda;Qué ver, Experiencias y Actividades;Arquitectura: plazas y monumentos, Monumentos Propios;0;4;4;33472;42868;33467,33468,33469,33470,33473,33474,42855,42856,42857,42900
14544;murillo_cafe;MURILLO Café;Madrid;Restaurantes;Mediterránea / Europea, Café, Brunch, Cocina Mediterránea;0;4;4;;;74477,74478,74479,74480,74481
4450;muroexe_madrid;Muroexe Madrid;Madrid;Compras;Zonas de compras, Tiendas, Marcas y Productos Locales, Moda, Accesorios, Moda, Accesorios;0;4;4;40331;40336;40332,40333,40334,40335,40337,40338,40339,40340
826;museo_abc_;Museo ABC ;Madrid;Qué ver;Museos, Arquitectura;0;4;4;17674;17675;17676,17677,17678
18275;museo_abc_de_dibujo_e_ilustracion;Museo ABC de Dibujo e Ilustración;Madrid;Arte y Cultura;Museo de arte contemporáneo, Ilustración, cómic, artes gráficas;0;4;4;74338;74336;74335,74337,74339
17754;ia_3598;Museo Africano Mundo Negro;Madrid;Arte y Cultura;Museo de arte moderno / contemporáneo, máscaras tribales, tallas de madera, tejidos y arte religioso;0;3;3;;;
52;museo_arqueologico_nacional;Museo Arqueológico Nacional;Madrid;Qué ver;Museos;0;4;4;14330;14331;14332,14333,14334,14336,14337,14338,14339
17732;ia_3576;Museo Arqueológico Nacional;Madrid;Arte y Cultura;Museo de historia, La Dama de Elche, tesoros de Guarrazar, mosaicos romanos y sarcófagos egipcios;0;3;3;72532;74504;74505,74506
17917;ia_3873;Museo Arqueológico Nacional de Madrid con Audio Tour;Madrid;Arte y Cultura;Excursión / day trip, Museo del Romanticismo, pintura, mobiliario;0;3;3;;;
17918;ia_3874;Museo Arqueológico Nacional: entradas sin colas y visita guiada privada;Madrid;Arte y Cultura;Excursión / day trip, Museo del Tren, locomotoras, vagones;0;3;3;;;
17919;ia_3875;Museo Banksy Madrid: Entrada;Madrid;Arte y Cultura;Museo de historia, Museo de la Medicina Moderna, quirófanos, avances;0;3;3;;;
3314;museo_casa_de_tostado;Museo Casa de Tostado;Santo Domingo;Qué ver;Museos, Cool Places;0;4;4;21574;21570;21566,21567,21568,21569,21571,21572,21573,21575
17920;museo_cav_la_neomudejar;Museo CAV La Neomudéjar;Madrid;Arte y Cultura;Museo de historia, Museo de Arte Abstracto, escultura, pintura;0;4;4;74655;74653;74654,74657
18271;museo_cerralbo;Museo Cerralbo;Madrid;Arte y Cultura;Museo / galería (general), Pintura, escultura, artes decorativas;0;4;4;74141;74142;74143,74144,74145,74146
17735;ia_3579;Museo Cerralbo;Madrid;Arte y Cultura;Museo de historia, colecciones de pintura española e italiana, tapices flamencos y armas antiguas;1;4;4;;;
15869;ia_1463;Museo Chicote;Madrid;Restaurantes;Internacional, Coctelería, Bebidas;0;3;3;;;
189;museo_chicote;Museo Chicote;Madrid;Fiesta, Restaurantes;Bares de copas, Tradicionales, Restaurant & Club;0;4;4;14413;14414;14415,14417,14418,14419
17739;ia_3583;Museo de América;Madrid;Arte y Cultura;Museo de historia, mapas coloniales, arte precolombino, piezas de oro y códices mayas;0;3;3;74373;74377;74374,74375,74376
3736;museo_de_arte_contemporaneo;Museo de Arte Contemporáneo;Barcelona;Qué ver;Museos;0;4;4;24338;24318;24319,24320,24323,24324,24326,24327
18320;ia_4368;Museo de Arte Contemporáneo (Conde Duque);Madrid;Arte y Cultura;Museo de historia, arte contemporáneo madrileño, colección madrileña del siglo XX, Antonio López, Juan Gris, Lucio Muñoz;0;1;1;73531;73532;
3792;museo_de_arte_moderno_de_santo_domingo;Museo de Arte Moderno de Santo Domingo;Santo Domingo;Qué ver;Museos;0;4;4;24789;24783;24784,24785,24787,24788,24790,24791,24792
17753;ia_3597;Museo de Artes y Tradiciones Populares;Madrid;Arte y Cultura;Museo de historia, indumentaria regional, instrumentos musicales, objetos de oficios tradicionales;0;3;3;;;
1845;museo_de_carmen_thyssen;Museo de Carmen Thyssen;Málaga;Qué ver;Museos;0;4;4;19477;;19474,19475,19476
17961;ia_3922;Museo de Cera de Madrid;Madrid;Arte y Cultura;Museo de historia, Museo de la Ciencia Médica, anatomía, avances;0;3;3;;;
3010;museo_de_faluas_reales;Museo de Falúas Reales;Aranjuez;Qué ver;Arquitectura;0;4;4;19970;33508;19971,19972,19974,19975,19976,19977
1013;museo_de_historia_de_madrid;Museo de Historia de Madrid;Madrid;Qué ver;Arquitectura;0;4;4;15393;15394;
17751;ia_3595;Museo de Historia de Madrid;Madrid;Arte y Cultura;Museo de historia, maquetas de la ciudad, retratos cortesanos, colecciones de artes decorativas;1;3;3;;;
18269;ia_4427;Museo de Historia de Madrid;Madrid;Arte y Cultura;Museo de historia, Maquetas, pinturas, objetos históricos;0;4;4;74399;74400;74401,74402,74403
18834;ia_5159;Museo de la Felicidad: Entrada;Madrid;Experiencias Unicas;Visita guiada a museo/monumento;0;1;1;;;
18839;ia_5164;Museo de la Felicidad: Entrada;Madrid;Experiencias Unicas;Visita guiada a museo/monumento;0;1;1;;;
19073;ia_5427;Museo de la Felicidad: Entrada;Madrid;Experiencias Unicas;Tour guiado (general);0;1;1;;;
17815;ia_3763;Museo de la Real Academia de Bellas Artes de San Fernando: Colección Permanente;Madrid;Arte y Cultura;Museo arqueológico, Museo del Arte Rococó, pintura, decoración;0;3;3;72574;74360;74361,74362,74363
3300;museo_de_las_casas_reales;Museo de las Casas Reales;Santo Domingo;Qué ver;Museos, Cool Places;0;4;4;21548;21547;21546,21549,21550,21551,21552,21553,21554,21555
4359;museo_de_las_ilusiones;Museo de las ilusiones;Madrid;Ocio y eventos;Experiencias y actividades, Indoor, Ocio;0;4;4;43728;38367;38365,38366,38368,38369,38370,38371,38372,38373
18835;ia_5160;Museo de las Ilusiones de Madrid: Entrada;Madrid;Experiencias Unicas;Taller de artes (pintura/cerámica/foto);0;1;1;;;
18840;ia_5165;Museo de las Ilusiones de Madrid: Entrada;Madrid;Experiencias Unicas;Taller de artes (pintura/cerámica/foto);0;1;1;;;
19074;ia_5428;Museo de las Ilusiones de Madrid: Entrada;Madrid;Experiencias Unicas;Taller de artes (pintura/cerámica/foto);0;1;1;;;
1847;museo_de_malaga;Museo de Málaga;Málaga;Qué ver;Museos;0;1;3;19506;19509;19507,19508
17750;ia_3594;Museo de San Isidro;Madrid;Arte y Cultura;Museo de historia, restos arqueológicos, maquetas de la villa medieval, objetos de San Isidro;0;4;4;74396;74393;74394,74397,74398
18334;ia_4381;Museo de Sanidad Militar;Madrid;Arte y Cultura;Museo de historia, historia de la medicina, colección de medicina militar, Instrumental quirúrgico, uniformes médicos, documentos;0;1;1;73529;73527;
17741;ia_3585;Museo del Aire;Madrid;Arte y Cultura;Museo de arte clásico / pinacoteca, aviones históricos, helicópteros, motores y uniformes de piloto;0;3;3;;;
18268;museo_del_aire_y_del_espacio;Museo del Aire y del Espacio;Madrid;Arte y Cultura;Museo de historia, Aviones históricos, motores, cohetes;0;4;4;74692;74689;74688,74690,74691
1844;museo_del_automovil;Museo del Automóvil;Málaga;Qué ver;Museos;0;4;4;19469;19468;19466,19467
3195;museo_del_bandolero;Museo del Bandolero;Ronda;Qué ver;Museos;1;4;4;20977;20974;20973,20975,20976
6019;museo_del_carruaje;Museo del Carruaje;Ronda;Experiencias y Actividades;Experiencias y Actividades;1;4;4;50128;;50127,50129,50130,50131,50132,50133,50134,50135,50136,50137,50138,50139,50141
17755;ia_3599;Museo del Ejército;Madrid;Arte y Cultura;Museo de arte clásico / pinacoteca, armas históricas, uniformes, banderas y objetos personales de grandes generales;0;3;3;;;
17740;ia_3584;Museo del Ferrocarril;Madrid;Arte y Cultura;Museo de arte clásico / pinacoteca, locomotoras de vapor, vagones históricos y uniformes ferroviarios;0;3;3;74331;74333;74332,74334
1294;museo_del_ferrocarril;Museo del Ferrocarril;Madrid;Qué ver, Ocio y eventos;Museos, Exposiciones;0;4;4;14806;14803;14802,14804,14805
1052;museo_del_jamon;Museo del Jamón;Madrid;Restaurantes;Low cost, Español;1;4;4;15740;15741;15742,15743,15744,15745,15746,15747
16961;ia_2741;Museo del Jamón;Madrid;Eventos;Restaurantes Tradicionales;0;3;3;;;
15938;ia_1555;Museo del Jamón;Madrid;Restaurantes;"Española, Jamón; Bocadillos; Tapas";0;3;3;;;
17747;ia_3591;Museo del Perfume;Madrid;Arte y Cultura;Museo de arte clásico / pinacoteca, frascos antiguos, esencias históricas, perfumería moderna y colecciones de lujo;0;3;3;;;
17728;ia_3572;Museo del Prado;Madrid;Arte y Cultura;Excursión / day trip, Las Meninas de Velázquez, Saturno devorando a su hijo de Goya, El Jardín de las Delicias de El Bosco;0;3;3;;;
38;museo_del_prado;Museo del Prado;Madrid;Qué ver;Museos;0;4;4;14988;14989;14990
1011;museo_del_prado_1819-2019;Museo del Prado 1819-2019;Madrid;Ocio y eventos;Exposiciones;1;4;4;14786;14787;
17923;ia_3879;Museo del Prado con guía oficial en grupos reducidos ;Madrid;Arte y Cultura;Museo de arte clásico / pinacoteca, Museo del Chocolate, cacao, dulces;0;3;3;;;
17748;ia_3592;Museo del Prado de Ciencias Naturales;Madrid;Arte y Cultura;Museo de arte clásico / pinacoteca, colecciones de fósiles, esqueletos de mamíferos, aves disecadas y minerales;0;3;3;;;
18841;ia_5166;Museo del Prado de Madrid con Tour de Tapas y Vino en Grupo Pequeño ;Madrid;Experiencias Unicas;Visita guiada a museo/monumento · Grupo;0;1;1;;;
19044;ia_5394;Museo del Prado de Madrid con Tour de Tapas y Vino en Grupo Pequeño ;Madrid;Experiencias Unicas;Tour guiado (general) · Grupo;0;1;1;;;
17816;ia_3764;Museo del Prado Madrid Visita Guiada Semi-Privada 6ppl Max;Madrid;Arte y Cultura;Museo de arte clásico / pinacoteca, Museo del Petróleo, energía, maquinaria;0;3;3;;;
17817;ia_3765;Museo del Prado Obras maestras - 3 horas Tour completo - Grupo pequeño;Madrid;Arte y Cultura;Museo de arte clásico / pinacoteca, Museo de la Prehistoria, herramientas, cuevas;0;3;3;;;
17924;ia_3880;Museo del Prado sin multitudes - Exclusivo tour guiado previo a la inauguración;Madrid;Arte y Cultura;Museo de arte clásico / pinacoteca, Museo de la Radio, transmisores, receptores;0;3;3;;;
17819;ia_3767;Museo del Prado Visita guiada privada sin colas ;Madrid;Arte y Cultura;Museo de arte clásico / pinacoteca, Museo de la Ciencia Aplicada, tecnología, industria;0;3;3;;;
17922;ia_3878;Museo del Prado Visita guiada privada y entrada de entradas en Madrid;Madrid;Arte y Cultura;Museo de arte clásico / pinacoteca, Museo del Arte Renano, pintura, escultura;0;3;3;;;
17818;ia_3766;Museo del Prado Visita Semi Privada con opción Museo Reina Sofía;Madrid;Arte y Cultura;Museo de arte moderno / contemporáneo, Museo del Arte Renacentista, pintura, escultura;0;3;3;;;
17925;ia_3881;Museo del Prado y Entrada Reina Sofía ;Madrid;Arte y Cultura;Museo de arte moderno / contemporáneo, Museo de Ciencias Interactivas, experimentos, talleres;0;3;3;;;
17926;ia_3882;Museo del Prado y Palacio Real de Madrid: Sáltate la cola y visita guiada;Madrid;Arte y Cultura;Museo de arte clásico / pinacoteca, Museo del Arte Flamenco, trajes, baile;0;3;3;;;
17866;ia_3818;Museo del Prado y Palacio Real: Visita guiada a Madrid en inglés;Madrid;Arte y Cultura;Museo de arte clásico / pinacoteca, Museo del Arte Barroco, retablos, esculturas;0;3;3;;;
17867;ia_3819;Museo del Prado y Parque del Retiro con Aperitivo;Madrid;Arte y Cultura;Museo de arte clásico / pinacoteca, Museo del Ferrocarril Regional, locomotoras, estaciones;0;3;3;;;
17868;ia_3820;Museo del Prado y Reina Sofía: visita guiada privada de medio día por Madrid;Madrid;Arte y Cultura;Museo de arte moderno / contemporáneo, Museo de la Escritura, manuscritos, caligrafía;0;3;3;;;
17921;ia_3877;Museo Del Prado. Obras Maestras;Madrid;Arte y Cultura;Museo de arte clásico / pinacoteca, Museo de la Astronomía, planetarios, telescopios;0;3;3;;;
17869;ia_3821;Museo del Prado: Entrada;Madrid;Arte y Cultura;Museo de arte clásico / pinacoteca, Museo de Ciencias Físicas, experimentos, física cuántica;0;3;3;;;
17870;ia_3822;Museo del Prado: Entrada + App con audioguía;Madrid;Arte y Cultura;Museo de arte clásico / pinacoteca, Museo del Arte Latinoamericano, pintura, escultura;0;3;3;;;
17916;ia_3872;Museo del Prado: Entrada + App con audioguía;Madrid;Arte y Cultura;Museo de arte clásico / pinacoteca, Museo del Arte Contemporáneo Español, fotografía, escultura;0;3;3;;;
17824;ia_3773;Museo del Prado: Entrada + Audioguía;Madrid;Arte y Cultura;Museo de arte clásico / pinacoteca, Museo del Arte Clásico, esculturas, mosaicos;0;3;3;;;
17837;ia_3788;Museo del Prado: Entrada + Audioguía;Madrid;Arte y Cultura;Museo de arte clásico / pinacoteca, Museo del Arte Surrealista, Dalí, sueños;0;3;3;;;
17825;ia_3774;Museo del Prado: Entrada de acceso rápido + Tour guiado + Comida;Madrid;Arte y Cultura;Museo de arte clásico / pinacoteca, Museo del Vidrio, cristalería, diseño;0;3;3;;;
17838;ia_3789;Museo del Prado: Entrada de acceso rápido + Tour guiado + Comida;Madrid;Arte y Cultura;Museo de arte clásico / pinacoteca, Museo de la Electricidad, generadores, innovación;0;3;3;;;
17826;ia_3775;Museo del Prado: Entrada de acceso rápido + Tour guiado para grupos reducidos;Madrid;Arte y Cultura;Museo de arte clásico / pinacoteca, Museo del Arte Conceptual, instalaciones, performances;0;3;3;;;
17839;ia_3790;Museo del Prado: Entrada de acceso rápido + Tour guiado para grupos reducidos;Madrid;Arte y Cultura;Museo de arte clásico / pinacoteca, Museo de la Música Popular, instrumentos, tradición;0;3;3;;;
17827;ia_3776;Museo del Prado: Entrada sin colas + Tour guiado;Madrid;Arte y Cultura;Museo de arte clásico / pinacoteca, Museo de Ciencias de la Salud, anatomía, medicina;0;3;3;;;
17828;ia_3777;Museo del Prado: Entrada sin colas + Tour guiado;Madrid;Arte y Cultura;Museo de arte clásico / pinacoteca, Museo del Arte Escandinavo, diseño, pintura;0;3;3;;;
17840;ia_3791;Museo del Prado: Entrada sin colas + Tour guiado;Madrid;Arte y Cultura;Museo de arte clásico / pinacoteca, Museo de Ciencias Naturales, fauna, fósiles;0;3;3;;;
17841;ia_3792;Museo del Prado: Entrada sin colas + Tour guiado;Madrid;Arte y Cultura;Museo de arte clásico / pinacoteca, Museo del Arte Contemporáneo Internacional, instalaciones, fotografía;0;3;3;;;
17884;ia_3838;Museo del Prado: Entrada sin colas + Tour guiado;Madrid;Arte y Cultura;Museo de arte clásico / pinacoteca, Museo del Arte Contemporáneo Urbano, murales, grafitis;0;3;3;;;
17912;ia_3868;Museo del Prado: Entrada sin colas + Tour guiado;Madrid;Arte y Cultura;Museo de arte clásico / pinacoteca, Museo del Arte Gótico Tardío, esculturas, retablos;0;3;3;;;
17885;ia_3839;Museo del Prado: Entrada sin colas + Visita guiada de tarde en grupo reducido;Madrid;Arte y Cultura;Museo de arte clásico / pinacoteca, Museo de la Astronomía Popular, telescopios, planetario;0;3;3;;;
17913;ia_3869;Museo del Prado: Entrada sin colas + Visita guiada de tarde en grupo reducido;Madrid;Arte y Cultura;Museo de arte clásico / pinacoteca, Museo de la Industria Textil, telares, moda;0;3;3;;;
17886;ia_3840;Museo del Prado: Entrada sin colas + Visita guiada en grupo reducido;Madrid;Arte y Cultura;Museo de arte clásico / pinacoteca, Museo del Transporte Ferroviario, trenes, locomotoras;0;3;3;;;
17914;ia_3870;Museo del Prado: Entrada sin colas + Visita guiada en grupo reducido;Madrid;Arte y Cultura;Museo de arte clásico / pinacoteca, Museo del Arte Naíf, pintura, ingenuidad;0;3;3;;;
17887;ia_3841;Museo del Prado: entradas y visita guiada privada del Museo del Prado;Madrid;Arte y Cultura;Museo de arte clásico / pinacoteca, Museo del Arte Mediterráneo, mosaicos, escultura;0;3;3;;;
17915;ia_3871;Museo del Prado: entradas y visita guiada privada del Museo del Prado;Madrid;Arte y Cultura;Museo de arte clásico / pinacoteca, Museo de la Ciencia y Tecnología, inventos, energía;0;3;3;;;
17746;ia_3590;Museo del Ratoncito Pérez;Madrid;Arte y Cultura;Museo / galería (general), la casa del ratón, cartas de niños, objetos mágicos y cuentos ilustrados;0;3;3;;;
17734;museo_del_romanticismo;Museo del Romanticismo;Madrid;Arte y Cultura;Excursión / day trip, pinturas de Goya y Madrazo, mobiliario romántico, retratos y daguerrotipos;0;4;4;74349;74350;74351,74352,74353
17738;ia_3582;Museo del Traje;Madrid;Arte y Cultura;Museo de arte moderno / contemporáneo, vestidos tradicionales, moda del siglo XX, piezas de Balenciaga y Pertegaz;0;3;3;74343;74342;74340,74341,74344
17888;ia_3842;Museo del Videojuego OXO Madrid: Entrada;Madrid;Arte y Cultura;Museo de historia, Museo de la Ciencia Espacial, cohetes, satélites;0;3;3;;;
18346;ia_4393;Museo Eduardo Torroja;Madrid;Arte y Cultura;Museo de historia, arquitectura e ingeniería, documentos y maquetas originales, Hipódromo de la Zarzuela, proyectos de hormigón armado;0;1;1;73523;73526;
5073;museo_erotico_de_barcelona_;Museo erótico de Barcelona ;Barcelona;Ocio y eventos;Más de 18;0;4;4;45588;45589;45590,45591,45592,45593,45594,45595,45596,45597
17743;museo_geominero;Museo Geominero;Madrid;Arte y Cultura;Museo de ciencia y tecnología, minerales de Asturias, fósiles de dinosaurios, gemas y meteoritos;0;4;4;74347;74345;74346,74348
17742;ia_3586;Museo ICO;Madrid;Arte y Cultura;Museo de historia, maquetas arquitectónicas, exposiciones temporales y fotografía urbana;0;3;3;;;
3185;museo_joaquin_peinado;Museo Joaquín Peinado;Málaga;Qué ver;Museos;0;4;4;20907;20911;20908,20909,20910,20913,20915
4735;museo_joaquin_peinado_ronda;Museo Joaquin Peinado Ronda;Ronda;Qué ver, Experiencias y Actividades;Museos, Experiencias y Actividades, Monumentos Propios;0;4;4;43576;43582;43575,43577,43578,43579,43580,43581,43583,43584,43585
3912;museo_lara_coleccionismo;Museo Lara Coleccionismo;Ronda;Qué ver, Experiencias y Actividades;Museos, Experiencias y Actividades, Actividades Ronda, Monumentos Propios;0;4;4;27021;27020;27019,27023,27025,27026,27027,27028
17736;museo_lazaro_galdiano;Museo Lázaro Galdiano;Madrid;Arte y Cultura;Museo de arte moderno / contemporáneo, pinturas de Goya, El Bosco y Zurbarán, joyas y manuscritos;0;4;4;74356;74357;74355,74358,74359
3202;museo_municipal_de_ronda_–_palacio_de_mondragon__;Museo Municipal de Ronda – Palacio de Mondragón  ;Ronda;Qué ver;Museos;1;1;4;26225;26227;25740,26226,26228,27002
18362;ia_4409;Museo Nacional Centro de Arte Reina Sofía;Madrid;Arte y Cultura;Museo de arte moderno / contemporáneo, Arte contemporáneo, El Guernica de Picasso, Guernica, Dalí, Miró, Juan Gris;0;1;1;73520;73522;
1015;museo_nacional_de_antropologia;Museo Nacional de Antropología;Madrid;Qué ver;Museos, Arquitectura;0;4;4;15670;15671;15674,15675,15676
17752;ia_3596;Museo Nacional de Antropología;Madrid;Arte y Cultura;Museo de historia, colecciones de Asia, África y América, máscaras, instrumentos musicales y trajes tradicionales;0;3;3;74378;74380;74379,74381,74382
17733;ia_3577;Museo Nacional de Artes Decorativas;Madrid;Arte y Cultura;Excursión / day trip, cerámicas de Talavera, vidrios de La Granja, mobiliario barroco y textiles islámicos;1;4;4;;;
18292;museo_nacional_de_artes_decorativas;Museo Nacional de Artes Decorativas;Madrid;Arte y Cultura;Museo / galería (general), historia del diseño / artes aplicadas, recorrido por ambientes históricos, Cerámica, mobiliario, vidrio, textiles;0;4;4;73515;73517;
18321;ia_4369;Museo Nacional del Prado;Madrid;Arte y Cultura;Museo de arte clásico / pinacoteca, pintura europea siglos XII-XIX, colección de Goya, Velázquez y El Bosco, Las Meninas, El jardín de las delicias, Saturno devorando a su hijo;0;1;1;73513;73512;
39;museo_nacional_reina_sofia;Museo Nacional Reina Sofía;Madrid;Qué ver;Museos;0;4;4;16931;16930;16929,16932,16933,16934,16935,16936,16937
18327;ia_4375;Museo Nacional Thyssen-Bornemisza;Madrid;Arte y Cultura;Museo de arte moderno / contemporáneo, pintura europea siglos XV-XX, obras maestras privadas, Triángulo del Arte, Caravaggio, Monet, Van Gogh, Hopper, Ghirlandaio;0;1;1;73508;73507;
17842;ia_3793;Museo Nacional Thyssen-Bornemisza con recorridos temáticos;Madrid;Arte y Cultura;Museo de arte clásico / pinacoteca, Museo del Arte Futurista, experimentación, tecnología;0;3;3;;;
18831;ia_5156;Museo Nacional Thyssen-Bornemisza: Art & Wine Visita + Degustación;Madrid;Experiencias Unicas;Cata/Maridaje de vino / Bodega;0;1;1;;;
18836;ia_5161;Museo Nacional Thyssen-Bornemisza: Art & Wine Visita + Degustación;Madrid;Experiencias Unicas;Cata/Maridaje de vino / Bodega;0;1;1;;;
19070;ia_5424;Museo Nacional Thyssen-Bornemisza: Art & Wine Visita + Degustación;Madrid;Experiencias Unicas;Walking tour;0;1;1;;;
17843;ia_3794;Museo Nacional Thyssen-Bornemisza: Colección permanente;Madrid;Arte y Cultura;Museo de arte clásico / pinacoteca, Museo de la Cultura Celta, armas, ritos;0;3;3;;;
17844;ia_3795;Museo Nacional Thyssen-Bornemisza: Exposición Temporal + Colección Permanente;Madrid;Arte y Cultura;Museo de arte clásico / pinacoteca, Museo de la Ecología, sostenibilidad, medioambiente;0;3;3;;;
17845;ia_3796;Museo Nacional Thyssen-Bornemisza: Sin colas + Menú de mediodía;Madrid;Arte y Cultura;Museo de arte clásico / pinacoteca, Museo de la Cultura Medieval, armaduras, manuscritos;0;3;3;;;
17846;ia_3797;Museo Nacional Thyssen-Bornemisza: Visita guiada;Madrid;Arte y Cultura;Museo de arte clásico / pinacoteca, Museo de la Fotografía Analógica, negativos, cámaras;0;3;3;;;
17737;ia_3581;Museo Naval;Madrid;Arte y Cultura;Museo de arte moderno / contemporáneo, el mapa de Juan de la Cosa, maquetas de navíos, instrumentos de navegación y banderas históricas;0;3;3;74366;74364;74365,74367,74368
5946;museo_naval;Museo Naval;Madrid;Qué ver;Museos;0;3;3;49849;;49850,49851,49852,49853,49854,49855,49856,49857,49858
5371;museo_neomudejar;Museo Neomudejar;Madrid;Qué ver;Museos;0;3;3;48332;48336;48327,48328,48329,48330,48333,48334,48335
1843;museo_picasso;Museo Picasso;Málaga;Qué ver;Museos;0;1;3;19452;19453;19449,19450,19451
17729;ia_3573;Museo Reina Sofía;Madrid;Arte y Cultura;Museo de arte moderno / contemporáneo, Guernica de Picasso, obras de Dalí, Miró y Juan Gris;0;3;3;;;
18832;ia_5157;Museo Reina Sofía opcional Experiencia Gourmet;Madrid;Experiencias Unicas;Clase de cocina / Taller culinario;0;1;1;;;
18837;ia_5162;Museo Reina Sofía opcional Experiencia Gourmet;Madrid;Experiencias Unicas;Clase de cocina / Taller culinario;0;1;1;;;
19071;ia_5425;Museo Reina Sofía opcional Experiencia Gourmet;Madrid;Experiencias Unicas;Tour guiado (general);0;1;1;;;
17932;ia_3888;Museo Reina Sofía Visita guiada privada y entrada de entradas en Madrid;Madrid;Arte y Cultura;Museo de arte moderno / contemporáneo, Museo del Arte Digital, instalaciones, proyecciones;0;3;3;;;
17933;ia_3889;Museo Reina Sofía y Museo del Prado: Entrada sin colas + Visita guiada;Madrid;Arte y Cultura;Museo de arte moderno / contemporáneo, Museo del Café, tostado, cultura cafetera;0;3;3;;;
17934;ia_3890;Museo Reina Sofía y Parque del Retiro con Aperitivo;Madrid;Arte y Cultura;Museo de arte moderno / contemporáneo, Museo de la Danza, vestuario, coreografía;0;3;3;;;
17935;ia_3891;Museo Reina Sofía: Entrada;Madrid;Arte y Cultura;Museo de arte moderno / contemporáneo, Museo de Ciencias de la Tierra, fósiles, volcanes;0;3;3;;;
17936;ia_3892;Museo Reina Sofía: Entrada + Audioguía;Madrid;Arte y Cultura;Museo de arte moderno / contemporáneo, Museo del Arte Popular, artesanía, tradiciones;0;3;3;;;
17957;ia_3918;Museo Reina Sofía: Entrada sin colas + Audioguía;Madrid;Arte y Cultura;Museo de arte moderno / contemporáneo, Museo del Arte Gótico, retablos, vitrales;0;3;3;;;
17958;ia_3919;Museo Reina Sofía: Entrada sin colas + Tour guiado;Madrid;Arte y Cultura;Museo de arte moderno / contemporáneo, Museo de la Historia Naval, barcos, navegación;0;3;3;;;
17959;ia_3920;Museo Reina Sofía: Entrada sin colas + Visita guiada;Madrid;Arte y Cultura;Museo de arte moderno / contemporáneo, Museo de la Etnografía Regional, trajes, costumbres;0;3;3;;;
17731;ia_3575;Museo Sorolla;Madrid;Arte y Cultura;Excursión / day trip, Paseo a orillas del mar, retratos íntimos y jardines andaluces diseñados por Sorolla;0;3;3;;;
17960;ia_3921;Museo Sweet Space: Entrada;Madrid;Arte y Cultura;Excursión / day trip, Museo del Arte Urbano, grafitis, murales;0;3;3;;;
4034;museo_taurino_aranjuez;Museo Taurino Aranjuez;Aranjuez;Qué ver;Arquitectura: museos, plazas y monumentos;1;4;4;31229;31230;31228,31232,31233,31234,31235,31237
17730;ia_3574;Museo Thyssen-Bornemisza;Madrid;Arte y Cultura;Museo enciclopédico / colección privada, Caravaggio, Van Gogh, Hopper, Kandinsky y arte americano moderno;0;3;3;;;
40;museo_thyssen-bornemisza;Museo Thyssen-Bornemisza;Madrid;Qué ver, Ocio y eventos;Museos, Experiencias y actividades;0;4;4;17316;17317;17318,17319,17320
18833;ia_5158;Museo Thyssen: Art & Brunch;Madrid;Experiencias Unicas;Excursión de día (Day trip);0;1;1;;;
18838;ia_5163;Museo Thyssen: Art & Brunch;Madrid;Experiencias Unicas;Excursión de día (Day trip);0;1;1;;;
19072;ia_5426;Museo Thyssen: Art & Brunch;Madrid;Experiencias Unicas;Excursión de día (Day trip);0;1;1;;;
17745;ia_3589;Museo Tiflológico ONCE;Madrid;Arte y Cultura;Museo / galería (general), maquetas táctiles de monumentos, esculturas, obras realizadas por artistas ciegos;0;3;3;;;
3971;museo_unicaja_joaquin_peinado;Museo Unicaja Joaquín Peinado;Ronda;Ocio y eventos;Exposiciones y Galerías de Arte;1;4;4;28737;33432;28738,28739,28740,28741,33433,33434,33435,33436
17834;ia_3783;Museos del Prado y Reina Sofía: Sin colas + Visita guiada;Madrid;Arte y Cultura;Museo de arte moderno / contemporáneo, Museo del Arte Romántico, pintura, mobiliario;0;3;3;;;
17835;ia_3784;Museos y Experiencias Culturales en Madrid;Madrid;Arte y Cultura;Museo de ciencia y tecnología, Museo del Automóvil, coches clásicos, motores;0;3;3;;;
3680;museu_de_cera_barcelona;Museu de Cera Barcelona;Barcelona;Ocio y eventos;Espectáculos, Otro;0;4;4;23736;23740;23737,23738,23739,23741
1585;musical_el_medico;Musical El Médico;Madrid;Ocio y eventos;Cines y Teatros, Espectáculos, Otro, Musical;1;4;3;18344;18345;18346
1297;mutua_madrid_open_2019;Mutua Madrid Open 2019;Madrid;Ocio y eventos;Experiencias y actividades;0;4;3;16316;16317;16318
17635;ia_3464;Muxcular World – Tienda de Nutrición Deportiva;Madrid;Compras;Nutrición deportiva y suplementos, Asesoría nutricional, productos fitness;0;3;3;;;
15317;ia_902;MY Hookah Room;Madrid;Restaurantes;Española, Platos internacionales, Tapas modernas;0;3;3;;;
18632;ia_5835;MYBIKESPORT;Madrid;Deportes;Ciclismo;0;1;1;73313;73309;
18637;ia_5840;MYBIKESPORT;Madrid;Deportes;Ciclismo;0;1;1;;;
17632;ia_3461;MyCoworking Las Tablas;Madrid;Compras;Coworking y oficinas compartidas, Coworking, oficinas privadas, comunidad profesional;0;3;3;;;
18647;ia_5850;Mysore House — Mysore House Madrid Ashtanga Yoga;Madrid;Deportes;Yoga;0;1;1;73305;73307;
18842;ia_5167;Mystery hunt autoguiado por el Palacio Real de Madrid;Madrid;Experiencias Unicas;Tour/experiencia (general);0;1;1;;;
19045;ia_5395;Mystery hunt autoguiado por el Palacio Real de Madrid;Madrid;Experiencias Unicas;Clase de cocina / Taller culinario;0;1;1;;;
14928;ia_510;Mytokys Sushi Fusión - Atocha;Madrid;Restaurantes;Japonesa, Comida Fusión, Sushi, Rolls;0;3;3;;;
14871;ia_447;Mytokys Sushi Fusión - Malasaña;Madrid;Restaurantes;Japonesa, Comida Fusión, Sushi fusión;0;3;3;;;
15652;ia_1246;Na Num;Madrid;Restaurantes;Tailandesa / Vietnamita / Asiática, Curry / Sopas / Noodles;0;3;3;;;
5179;na_xamena_ibiza;Na xamena Ibiza;Filipinas;Alojamiento;Hoteles;0;4;4;46562;46558;46556,46557,46559,46560,46561,46563,46564,46565
3352;nacimiento_del_rio_genal;Nacimiento del Río Genal;Málaga;Qué ver;Parques;0;4;4;21771;21770;21772,21773,21774,21775,21776,21777,21778,21779
4990;nacionsushi_;Nacionsushi ;Madrid;Restaurantes;Veggie;0;4;4;44401;;44392,44393,44394,44395,44396,44397,44398,44399,44400
5863;nagai_;Nagai ;Ibiza;Restaurantes;Top, Trendy, Japonés, Restaurantes;0;3;3;49647;;49648
15223;ia_808;Nagoya Trafalgar;Madrid;Restaurantes;Japonesa, Sushi, Sashimi, Cocina nipona;0;3;3;;;
14756;ia_313;Nagú;Madrid;Restaurantes;Mediterránea, Comida Fusión, Tapas gourmet, Cócteles;0;3;3;;;
14933;ia_515;Naia Bistro;Madrid;Restaurantes;Mediterranea, Cocina de mercado;0;3;3;;;
14878;ia_455;Nairobi Madrid;Madrid;Restaurantes;Africana, Carnes, Estofados;0;3;3;;;
1239;nakamura_;NAKAMURA ;Punta Cana;Restaurantes;Top, Japonés;0;4;4;14774;14775;14776,14777,14778,14779,14780,14781,14782,14783
5456;nakeima;Nakeima;Madrid;Restaurantes;Trendy, Chino, Fusión, Restaurantes;0;3;3;;48523;48505,48506,48507,48508,48509,48510,48511,48512,48513,48514,48521,48524,48526
17086;ia_2907;Naluz;Madrid;Compras;"Shopping de hogar y decoración, Iluminación de diseño; Lámparas personalizadas; Proyectos lumínicos";0;3;3;;;
4747;name_the_brand_;Name the brand ;Madrid;Compras;Zonas de compras;0;3;3;;;
15186;ia_771;Nanai;Madrid;Restaurantes;Mediterranea, Tapas creativas | Croquetas;0;3;3;;;
15457;ia_1042;Nanako;Madrid;Restaurantes;Japonesa, Internacional, Sushi, Platos fusión, Cocina asiática;0;3;3;;;
15674;ia_1268;Nano el Mexicano;Madrid;Restaurantes;Mexicana, Cocina mexicana, Tacos;0;3;3;;;
14966;ia_550;Nao Bistro Bar;Madrid;Restaurantes;Española, Mariscos;0;3;3;;;
787;naos_libros;Naos Libros;Madrid;Compras;Marcas y Productos Locales;0;4;4;16802;16803;
19180;ia_5546;Nappai Culinary Experience;Madrid;Experiencias Unicas;Tour/experiencia (general);0;1;1;;;
461;nassica;Nassica;Madrid;Compras;Centros comerciales, Decoración;0;4;4;16167;16168;16169
18481;ia_5674;Natalia Gil Vela;Madrid;Wellness;Consultoría de imagen y terapias;0;1;1;;;
18353;ia_4400;Nataly’s Pizza;Madrid;Arte y Cultura;Arquitectura / edificio emblemático, N/A;0;1;1;;;
17283;ia_3103;Naturalmente Spa Per Capelli;Madrid;Compras;"Centros de estética, Spa capilar; Tratamientos naturales; Filosofía eco";0;3;3;;;
18393;ia_4503;Nature Adventures Spain;Madrid;Naturaleza;Excursión a Madrid Nature Adventures Spain, Montañas, ríos y entornos naturales, Excursiones guiadas, deportes de aventura;0;1;1;;;
16999;ia_2818;NAVARRO | CABALGANTE;Madrid;Eventos;Ruta ecuestre;0;3;3;;;
18843;ia_5168;Navidad en Madrid: experiencia privada con un anfitrión de la ciudad;Madrid;Experiencias Unicas;Tour guiado (general) · Privado;0;1;1;;;
19046;ia_5396;Navidad en Madrid: experiencia privada con un anfitrión de la ciudad;Madrid;Experiencias Unicas;Excursión de día (Day trip);0;1;1;;;
5209;naviluz_;Naviluz ;Málaga;Qué ver;Cool Places;0;3;3;46891;46904;46883,46884,46885,46886,46887,46889,46890,46892
5163;nay_palad_hideaway__filipinas;Nay Palad Hideaway, Filipinas;Filipinas;Alojamiento;Hoteles;0;4;4;46400;46396;46397,46398,46399,46401,46402,46403,46404,46405
5171;nayara_springs__costa_rica;Nayara Springs, Costa Rica;Filipinas;Alojamiento;Hoteles, Terraza, Wifi, Restaurante, Bar, Spa, Traslados;0;4;4;46477;46484;46478,46479,46480,46481,46482,46483,46485
17209;ia_3029;Nectárion Parfum - Perfumería Personalizada;Madrid;Compras;"Perfumerías y cosmética, Perfumería personalizada; Fragancias exclusivas; Atención experta";0;3;3;;;
17053;ia_2873;Neighborhood Association San Juan Bautista;Madrid;Eventos;Asociación vecinal;0;3;3;;;
14955;ia_539;Nelma;Madrid;Restaurantes;Mediterranea, Huevos rotos | Croquetas | Sepia a la plancha;0;3;3;;;
15543;ia_1130;NEM NEM - Auténtico Sabor Vietnamita;Madrid;Restaurantes;restaurante, Internacional;0;3;3;;;
16745;ia_2500;NeoMagna Madrid;Madrid;Alojamiento;City Hotel, Terraza, coworking, lounge bar;0;3;3;;;
14941;ia_523;Neotaberna de Santerra;Madrid;Restaurantes;Española, Comida Fusión, Tapas creativas, Cócteles;0;3;3;;;
3806;neptuno's_club_restaurant;Neptuno's Club Restaurant;Santo Domingo;Fiesta;Beachclubs;0;4;4;24868;24873;24869,24870,24871,24872,24874,24875,24876,24877
3077;nerja;Nerja;Málaga;Qué ver;Escapadas;0;1;3;20290;20294;20289,20291,20292,20293,20295,20296,20297,20298
15257;ia_842;Neró;Madrid;Restaurantes;Española, Moussaka, Souvlaki, Gyros;0;3;3;;;
17636;ia_3465;Nest Boutique;Madrid;Compras;Ropa y accesorios, Selección de autor, moda independiente;0;3;3;74222;74220;74218,74219,74221
5590;nevermind.;Nevermind.;Barcelona;Restaurantes;Top, Trendy, Bares y Pubs;0;4;4;48886;48885;48882,48883,48884,48887,48888
128;new_garamond;New Garamond;Madrid;Fiesta;Discotecas, Electrónica, Comercial, Reggeaton;0;4;4;16650;16651;16652,16653,16654
15438;ia_1023;New Garden;Madrid;Restaurantes;China, Tapas, Platos caseros, Guisos;0;3;3;;;
17041;ia_2861;New Line Events;Madrid;Eventos;Agencia de eventos;0;3;3;;;
400;new_york_burger;New York Burger;Madrid;Restaurantes;Trendy, Americano, Restaurantes;0;4;4;17607;17608;17609
16151;ia_1770;New York Burger;Madrid;Restaurantes;"Americana, Hamburguesas; Costillas";0;3;3;;;
16356;ia_1975;New York Burger Bar;Madrid;Restaurantes;"Americana, Hamburguesas; Costillas BBQ";0;3;3;;;
16221;ia_1840;New York Burgers;Madrid;Restaurantes;"Americana, Hamburguesas; Costillas";0;3;3;;;
15859;ia_1453;New York Crush - Understreet Market;Madrid;Restaurantes;Americana, Hamburguesas, Comida rápida;0;3;3;;;
4081;next_level_arcade_bar;Next Level Arcade Bar;Madrid;Ocio y eventos;Experiencias y actividades, Ocio;1;4;4;33509;33513;33510,33512,33514,33515,33517,33694,33695,33696,33697,33698
16780;ia_2535;NH Collection Madrid Abascal;Madrid;Alojamiento;City Hotel, Restaurante, gimnasio, terraza;0;3;3;;;
16814;ia_2566;NH Collection Madrid Colon;Madrid;Alojamiento;City Hotel, Piscina rooftop, gimnasio, restaurante;0;3;3;;;
402;nh_collection_madrid_eurobuilding_4;NH Collection Madrid Eurobuilding 4*;Madrid;Alojamiento;Hoteles;0;4;4;15112;15113;15114,15115,15116,15117
85;nh_collection_paseo_del_prado;NH Collection Paseo del Prado;Madrid;Alojamiento;Hoteles;0;4;4;14645;14646;14647,14648,14649,14650
16687;ia_2442;NH Leganés;Madrid;Alojamiento;Hoteles, Restaurante, desayuno buffet, Wi‑Fi;0;3;3;;;
16707;ia_2462;NH Madrid Barajas Airport;Madrid;Alojamiento;Airport Hotel, Piscina, restaurante, shuttle aeropuerto;0;3;3;;;
16782;ia_2537;NH Madrid Lagasca;Madrid;Alojamiento;City Hotel, Restaurante, bar, salas de eventos;0;3;3;;;
16774;ia_2530;NH Madrid Nacional;Madrid;Alojamiento;City Hotel, Restaurante, bar, gimnasio;0;3;3;;;
16741;ia_2496;NH Paseo de la Habana;Madrid;Alojamiento;Business Hotel, Restaurante, salas de reunión;0;3;3;;;
16722;ia_2477;NH Pozuelo Ciudad de la Imagen;Madrid;Alojamiento;Business Hotel, Restaurante, salas de reunión;0;3;3;;;
1316;nh_punta_cana;NH Punta Cana;Punta Cana;Alojamiento;Hoteles;0;4;4;14379;14380;14381,14382,14383,14384,14385
3897;nickelodeon_hotels_y_resorts_punta_cana;Nickelodeon Hotels & Resorts Punta Cana;Punta Cana;Alojamiento;Hoteles;0;4;4;26654;26648;26646,26647,26649,26650,26651,26652,26653,26655
5492;night_of_the_museums_in_barcelona;Night of the Museums in Barcelona;Barcelona;Ocio y eventos;Experiencias y actividades, Exposiciones;0;3;3;48653;48651;48652,48654
18844;ia_5169;Night Street Life Cocktail Experience;Madrid;Experiencias Unicas;Tour/experiencia (general);0;1;1;;;
19047;ia_5397;Night Street Life Cocktail Experience;Madrid;Experiencias Unicas;Walking tour;0;1;1;;;
1742;night_street_life_cocktail_experience;Night Street Life Cocktail Experience;Madrid;Ocio y eventos;Experiencias y actividades, Naturaleza, Cultura;0;4;3;18737;18736;18738,18739,18740
1760;night_tour_en_coche_clasico;Night Tour en coche clásico;Madrid;Ocio y eventos;Experiencias y actividades;0;4;4;18842;18844;18843
15264;ia_849;Nigola;Madrid;Restaurantes;Española, Platos caseros;0;3;3;;;
594;nigra_mercato_;Nigra Mercato ;Madrid;Compras;Tiendas, Moda, Moda;0;4;4;17543;17544;17545,17546,17547
5740;niki_nicole;Niki nicole;Madrid;Fiesta;Festivales;0;4;4;49423;49425;49427,49429,49430
8;nikkei_225;Nikkei 225;Madrid;Restaurantes;Trendy, Japonés;0;4;4;;73645;
5846;nikki_beach;Nikki Beach;Ibiza;Fiesta, Ocio y eventos;Discotecas, Bares de copas, Zonas de fiesta, Experiencias y actividades, Ocio;0;3;3;49598;;
5411;nimu_barquillo;NiMU Barquillo;Madrid;Restaurantes;Trendy, Tradicionales, Especial Delivery, Español, Restaurantes;0;3;3;48482;48479;48480,48488,48489
14774;ia_340;Ninja Taberna Japonesa;Madrid;Restaurantes;Japonesa, Sushi, Ramen, Poke;0;3;3;;;
16515;ia_2204;Ninja Taberna Japonesa;Madrid;Restaurantes;Japonesa / Fusión, Izakaya;0;3;3;;;
3450;nipau;Nipau;Santo Domingo;Restaurantes;Top;0;4;4;22345;22352;22346,22347,22348,22349,22350,22351,22353,22354
15852;ia_1446;Nippon;Madrid;Restaurantes;Japonesa, Sushi, Ramen;0;3;3;;;
3608;nista/atsin_sala_apolo);Nista/Atsin (Sala Apolo);Barcelona;Fiesta;Discotecas;1;1;3;;;
1500;nitro_circus:_you_got_this;Nitro Circus ;Madrid;Ocio y eventos;Indoor, Deporte;1;4;1;13098;12788;12781,12782,12783,12784,12786,12787,12789
1797;nitsa_club;Nitsa Club;Barcelona;Fiesta;Discotecas, Electrónica;0;4;4;19098;19100;19097,19099,19101
1333;noah_restaurant_y_lounge;Noah Restaurant & Lounge;Punta Cana;Restaurantes;Trendy, Tradicionales, Japonés, Americano, Comida Regional, Fusión, Especialista en mariscos;0;4;4;17585;17586;17587,17588,17589,17590,17591
17242;ia_3062;NOBLE ART | Tattoo, Piercing, Academy Madrid;Madrid;Compras;"Tatuajes y piercings, Estudio de tatuajes; Piercing profesional; Academia de formación";0;3;3;;;
5840;nobu_hotel_ibiza_bay;Nobu Hotel Ibiza Bay;Ibiza;Alojamiento;Hoteles, Terraza, Gimnasio, Wifi, Estética, Restaurante, Bar, Spa;0;4;4;50001;49998;49996,49997,49999,50000,50002,50003,50004,50005,50006,50007,50008
18845;ia_5170;Noche de Madrid: Tour en bicicleta Vintage con tapas opcionales;Madrid;Experiencias Unicas;Walking tour;0;1;1;;;
19048;ia_5398;Noche de Madrid: Tour en bicicleta Vintage con tapas opcionales;Madrid;Experiencias Unicas;Walking tour;0;1;1;;;
1813;noche_de_san_juan;Noche de San Juan;Barcelona;Fiesta;Fiesta de barrios;0;4;4;19219;19218;19215,19216,19217
6116;noche_en_el_convento;Noche en el convento;Ronda;Ocio y eventos;Eventos;1;4;4;50343;50347;50338,50339,50340,50341,50342,50344,50345,50346
685;noches_del_botanico;Noches Del Botánico;Madrid;Fiesta;Festivales, Otro;0;4;4;17840;17841;17842
5654;nochevieja_y_entrada_flamenca;Nochevieja y Entrada Flamenca;Madrid;Ocio y eventos;Experiencias y actividades, Cultura, Gastronomía;0;4;3;;;
484;nogueras_blanchardner_;Nogueras Blanchardner ;Madrid;Compras;Galerías de arte;0;4;4;14746;14747;14748,14749
5407;noirfonce;NoirFonce;Madrid;Compras;Tiendas;0;4;4;48429;48441;48442,48443,48444,48445,48446
14555;ia_54;Nokoribi;Madrid;Restaurantes;Japonesa, Tapas Japonesas, Izakaya, Sake;0;3;3;;;
15175;ia_759;Nolowa;Madrid;Restaurantes;Internacional, Sushi | Ramen;0;3;3;;;
16656;ia_2378;Nomad Club;Madrid;Nightlife;Club electrónico;0;3;3;;;
15091;ia_675;Nomad Food & Bar - Hotel Vincci Soho;Madrid;Restaurantes;Mediterranea, Hamburguesas;0;3;3;;;
18279;ia_4437;Nomad Museo;Madrid;Arte y Cultura;Museo de arte contemporáneo, Arte contemporáneo, diseño, galería;0;3;3;;;
17836;ia_3785;Nomad Museo Inmersivo: Entrada;Madrid;Arte y Cultura;Museo de ciencia y tecnología, Museo del Arte Asiático, cerámica, caligrafía;0;3;3;;;
1147;nomada_market;Nómada Market;Madrid;Ocio y eventos;Mercados, Indoor, Ocio;0;4;4;15390;15391;15392
19256;ia_5635;Nomade Brewing;Madrid;Experiencias Unicas;Degustación / experiencia gastronómica;0;1;1;;;
4663;nomading_camp_ronda;Nomading Camp Ronda;Ronda;Alojamiento;Camping y Casa rural;0;4;4;44616;44618;41869,41870,44612,44613,44614,44615,44617
17029;ia_2849;Nomads Maldives;Madrid;Eventos;Agencia de experiencias de viaje;0;3;3;;;
14553;ia_47;Nomo Braganza;Madrid;Restaurantes;Japonesa, Sushi, Ramen, Cocina Japonesa Creativa;0;3;3;;;
1899;nono_by_charming_stay;Nono by charming stay;Málaga;Alojamiento;Apartamentos, Terraza, Wifi, Estética;0;1;3;19739;19740;19737,19738
16101;ia_1720;Noodle House;Madrid;Restaurantes;"China, Noodles; Dumplings";0;3;3;;;
17570;ia_3392;NORMAL;Madrid;Compras;Discount & everyday essentials, Amplio surtido fijo & novedades semanales;0;3;3;;;
827;norman_foster_foundation;Norman Foster Foundation;Madrid;Qué ver;Arquitectura;0;4;4;17312;17313;17314,17315
550;norte_y_sur;Norte y Sur;Madrid;Restaurantes;Top, Tradicionales, Español, Restaurantes, Restaurant & Club;0;4;4;18077;18078;18079,18081,18082
1407;nosotros_fuimos_a_egb;Nosotros fuimos a EGB;Madrid;Fiesta, Restaurantes;Bares de copas, Trendy, Restaurantes, Restaurant & Club, Otro;0;4;3;14875;14876;14877,14879,14880,14881,14883
16431;ia_2089;Notorious Club;Madrid;Restaurantes;Fusión / Internacional, Cocktail & Music Lounge;0;3;3;;;
17291;ia_3111;Nouveau Joyeros;Madrid;Compras;"Joyerías y relojerías, Alta joyería; Estilo contemporáneo; Colecciones exclusivas";0;3;3;;;
3540;nova_icaria;Nova Icária;Barcelona;Qué ver;Escapadas;0;4;4;27086;27085;27087,27088,27089,27090
403;novotel_campo_de_las_naciones_4;Novotel Campo de las Naciones 4*;Madrid;Alojamiento;Hoteles;0;4;4;16613;16614;16615,16617,16618
16794;ia_2549;Novotel Madrid Campo de las Naciones;Madrid;Alojamiento;Business Hotel, Piscina, gimnasio, restaurante, servicios familiares;0;3;3;;;
16756;ia_2511;Novotel Madrid City Las Ventas;Madrid;Alojamiento;Family Hotel, Piscina, restaurante, espacios familiares;0;3;3;;;
3505;now_onyx_punta_cana_resort_y_spa;Now Onyx Punta Cana Resort & Spa;Punta Cana;Alojamiento;Hoteles;0;4;4;22649;22644;22645,22646,22647,22648,22650,22651,22652,22653
466;nox_club;NOX Club;Madrid;Fiesta;Discotecas, Electrónica;0;4;4;16980;16979;
15744;ia_1338;NuBel;Madrid;Restaurantes;Internacional, Cocina moderna, Platos internacionales;0;3;3;;;
4458;nud_madrid;Nud Madrid;Madrid;Compras;Tiendas, Marcas y Productos Locales;0;4;4;40352;40356;40351,40353,40354,40355,40357,40358,40359,40360,40363
235;nuestra_senora_de_butarque_;Nuestra Señora de Butarque ;Madrid;Fiesta;Fiesta de barrios;0;4;4;14720;14721;14722
287;nuevo_club_de_golf_de_madrid;Nuevo Club de Golf de Madrid;Madrid;Ocio y eventos;Experiencias y actividades;0;4;4;14831;14832;14833,14835,14836,14837
14646;ia_190;Nuevo Fairuz;Madrid;Restaurantes;Libanesa / Árabe, Mezzes, Parrilla libanesa, Ensaladas frescas;0;3;3;;;
14629;ia_171;Nuevo Mandela;Madrid;Restaurantes;Africana / Nigeriana, Comida africana, Platos especiados, Guisos;0;3;3;;;
267;nuevo_teatro_alcala;Nuevo Teatro Alcalá;Madrid;Ocio y eventos;Cines y Teatros, Monólogo, Musical, Otro, Ocio;1;4;4;14549;14550;14551,14553
1861;nuevo_y_sur__beach_club;Nuevo y Sur  Beach Club;Málaga;Fiesta;Bares de copas, Comercial, Rock;0;4;4;19584;19583;19585
789;nuilea;Nuilea;Madrid;Compras;Marcas y Productos Locales;0;4;4;14285;14286;
4939;numa_pompilio_;Numa Pompilio ;Madrid;Restaurantes;Con terraza;0;4;4;44334;44333;44327,44328,44329,44330,44331,44332,44335,44336
17601;ia_3430;Number Three Concept Vintage Store;Madrid;Compras;Tiendas Vintage, Selección curada, asesoramiento de estilo;0;3;3;;;
600;numbers_sneakers_store_;Numbers Sneakers Store ;Madrid;Compras;Tiendas;0;4;4;16374;16375;16376,16377
14561;ia_66;Nuo Sushi & Ramen;Madrid;Restaurantes;Japonesa, Ramen, Sushi, Cocina Japonesa;0;3;3;;;
1492;nyx_hotel;NYX Hotel;Punta Cana;;;0;4;4;12244;12255;12245,12246,12247,12248,12249,12250,12251,12252,12253,12254,12256
1494;nyx_hotel_madrid;NYX Hotel Madrid;Madrid;Alojamiento;Hoteles, Terraza, Restaurante, Bar;1;1;3;12279;12284;12280,12281,12282,12283,12285,12286
16634;ia_2356;NYX Sky Rooftop Terrace;Madrid;Nightlife;Rooftop bar;0;3;3;;;
5848;nº74_l'atelier;nº74 L'atelier;Ibiza;Restaurantes;Con terraza, Especial Delivery;0;3;3;49600;;
5842;o_beach_;O Beach ;Ibiza;Fiesta, Ocio y eventos;Discotecas, Bares de copas, Zonas de fiesta;0;3;3;49587;;
15604;ia_1195;O Camiño;Madrid;Restaurantes;Gallega / Española, Mariscos / Taberna / Raciones;0;3;3;;;
3813;o.livia_santo_domingo;O.Livia Santo Domingo;Santo Domingo;Restaurantes;Trendy, Restaurantes;0;4;4;24945;24944;24946,24947,24948,24949,24950,24951,24952,24953
18493;ia_5686;O2 Wellness Centre — Sexta Avenida;Madrid;Wellness;Centro wellness;0;1;1;;;
15559;ia_1147;Oam Thong (Sanuk);Madrid;Restaurantes;Tailandesa, Pad Thai, Curries;0;3;3;;;
16016;ia_1633;Oasis Bar & Restaurant;Madrid;Restaurantes;"Española, Tapas; Menú Diario; Raciones";0;3;3;;;
14771;ia_333;Oasis del sabor de Meknes;Madrid;Restaurantes;Marroquí, Cuscús, Tajines;0;3;3;;;
17180;ia_3000;Obrador Toma Pastel;Madrid;Compras;"Panaderías y pastelerías, Pastelería creativa; Tartas personalizadas; Repostería artesanal";0;3;3;;;
16480;ia_2163;Ocafú;Madrid;Restaurantes;Española / Gallega, Restaurante de mariscos;0;3;3;;;
16728;ia_2483;Occidental Castellana Norte;Madrid;Alojamiento;Business Hotel, Restaurante, salas de reunión;0;3;3;;;
3504;ocean_el_faro;Ocean El Faro;Punta Cana;Alojamiento;Hoteles;0;4;4;22643;22638;22634,22635,22636,22637,22639,22640,22641,22642
15621;ia_1214;Oceanika Madrid;Madrid;Restaurantes;Creativa / Internacional, Ceviche / Tataki / Coctelería;0;3;3;;;
14977;ia_561;OchentaySiete;Madrid;Restaurantes;Mediterranea;0;3;3;;;
130;ocho_y_medio_;Ocho y Medio ;Madrid;Fiesta;Discotecas, Rock, Otro;0;4;4;47708;15386;15387,15389
4999;ocho_y_medio_libros;Ocho y Medio Libros;Madrid;Compras;Marcas y Productos Locales;0;4;4;44500;;44497,44498,44499,44501,44502,44503,44504,44505,44506
16988;ia_2807;OCINE Urban Caleido;Madrid;Eventos;Cine;0;3;3;;;
18598;ia_5801;Ociogim S.L.;Madrid;Deportes;Fitness / Clases colectivas;0;1;1;73304;73303;
5364;oculto_madrid;Oculto Madrid;Madrid;Compras;Para ti;0;3;3;48260;48265;48257,48258,48259,48261,48262,48263,48264,48266
5882;od_sky_bar_ocean_drive);OD Sky Bar (Ocean Drive);Ibiza;Restaurantes;Con terraza;0;3;3;49734;;49735
18543;ia_5736;Oda Aesthetic Quevedo;Madrid;Wellness;Estética facial;0;1;1;;;
5242;ofelia_homeydecor;Ofelia home&decor;Madrid;Compras;Tiendas, Decoración;0;4;4;47366;47361;47359,47360,47362,47363,47364,47365,47367,47368
5220;oh_my_club;Oh my club;Madrid;Fiesta;Discotecas;0;4;4;47179;47180;47167,47168,47169,47170,47171,47172,47173,47174,47175,47176
5081;ohla_barcelona;Ohla Barcelona;Barcelona;Alojamiento;Hoteles;0;4;4;45676;45675;45677,45678,45679,45680,45681,45682,45683,45684
16590;ia_2311;Oima;Madrid;Restaurantes;Japonesa / Asiática, Restaurante Japonés Contemporáneo;0;3;3;;;
313;ojala;Ojalá;Madrid;Restaurantes;Trendy, Mediterranea, Fusión, Restaurantes;0;4;4;17645;17646;17647,17648
404;ok_hostel;OK Hostel;Madrid;Alojamiento;Low cost, Bar;0;4;4;16672;;16674,16675,16677
17272;ia_3092;Okaïdi;Madrid;Compras;"Moda infantil y bebés, Cadena internacional; Moda infantil; Variedad de estilos";0;3;3;;;
15369;ia_954;Okapi Gastrobar;Madrid;Restaurantes;Española, Tapas, Platos Mediterráneos;0;3;3;;;
1551;oktoberfest;Oktoberfest;Madrid;Fiesta, Ocio y eventos;Ferias, Experiencias y actividades, Más de 18, Otro, Cultura, Ocio, Gastronomía;0;4;3;18305;18309;18310,18311
17298;ia_3119;Old Jeffrey;Madrid;Compras;"Ropa y accesorios, Sastrería masculina; Moda clásica; Prendas exclusivas";0;3;3;;;
14576;ia_103;Olé Perú Cocina Fusión;Madrid;Restaurantes;Peruana / Fusión, Ceviches, Tiraditos, Cocina Peruana;0;3;3;;;
5340;oleanto_catering_y_eventos;Oleanto Catering y Eventos;Aranjuez;Compras;Para ti, Otro;0;3;3;;;48121,48122,48123,48124,48125,48126,48127,48128,48129,48130
15940;ia_1557;Oliveto;Madrid;Restaurantes;"Italiana, Pasta; Pizza; Tiramisú";0;3;3;;;
15349;ia_934;Om Tandoori;Madrid;Restaurantes;India, Curries, Tandoori, Arroz basmati;0;3;3;;;
16092;ia_1711;Omakase Sushi Bar;Madrid;Restaurantes;"Japonesa, Sushi; Omakase";0;3;3;;;
17381;ia_3202;Omega;Madrid;Compras;"Joyería y relojería de lujo, Alta relojería suiza; Relojes deportivos icónicos; Servicio técnico";0;3;3;;;
14989;ia_573;Omeraki;Madrid;Restaurantes;Mediterranea, Comida Fusión;0;3;3;;;
15659;ia_1253;Omnia Restaurante y Pasteleria;Madrid;Restaurantes;Internacional, Cocina casera, Pastelería;0;3;3;;;
3950;on_sushi;On Sushi;Aranjuez;Restaurantes;Trendy;0;4;4;28617;28626;28618,28619,28620,28621,28622,28623,28624,28625
6102;ondinas_do_mendo;ondiñas do mendo;Madrid;Restaurantes;Tradicionales;0;1;3;;;50164,50165,50166,50167,50168,50169,50170,50171,50172,50173
736;one_green_bunny;One Green Bunny;Madrid;Restaurantes;Trendy, Vegetariano, Celiacos ;1;4;4;7676;7675;
72;one_shot_prado_3;One Shot Prado 3*;Madrid;Alojamiento;Hoteles;0;4;4;16864;16865;16866,16867,16868
1405;ongravity_-_freestyle_indoor_center;ONGRAVITY - Freestyle Indoor Center;Madrid;Ocio y eventos;Experiencias y actividades, Indoor, Deporte;0;3;3;17438;17439;17440,17441,17442,17443,17444,17445
18575;ia_5778;Ongravity Climbing Indoor Center;Madrid;Deportes;Escalada;0;1;1;73300;73298;
405;only_you_atocha;Only you Atocha;Madrid;Alojamiento;Hoteles, Terraza;0;4;4;16635;16636;16637,16638,16639,16640,16641,16642,16643
16833;ia_2596;Only YOU Boutique Hotel Madrid: diseño y energía en Chueca;Madrid;Alojamiento;Hoteles, Rooftop y brunch musical;0;3;3;;;
14648;onno_bar_nikkei;Onno Bar Nikkei;Madrid;Restaurantes;Japonesa, Peruana, Ceviches, Sushi nikkei, Cócteles;0;3;3;;;
19260;ia_192;Onno Bar Nikkei;Madrid;Restaurantes;Japonesa, Peruana, Ceviches, Sushi nikkei, Cócteles;0;1;1;;;
1282;onno's_-_bavaro;Onno's - Bávaro;Punta Cana;Fiesta;Bares de copas;0;4;4;15322;15323;15324,15325,15326,15327,15328,15329,15330
15545;ia_1132;Onoé;Madrid;Restaurantes;Tradicionales, restaurante;0;3;3;;;
15755;ia_1349;OnSushi Fusion Peruano Japonés;Madrid;Restaurantes;Fusión, Sushi, Cocina fusión;0;3;3;;;
15824;ia_1418;Opera Victoria;Madrid;Restaurantes;Mediterranea, Cocina mediterránea, Tapas;0;3;3;;;
133;opium;Opium;Madrid;Fiesta;Discotecas, Electrónica, Comercial, Reggeaton;0;4;4;14921;14922;14923
1809;opium_barcelona;Opium Barcelona;Barcelona;Fiesta;Discotecas, Electrónica, Comercial, Reggeaton, Otro;0;4;4;19175;19171;19170,19172,19173,19174
4472;optica_baca;Óptica Baca;Ronda;Experiencias y Actividades;Comercios, productos locales y artesanía;0;4;4;42537;42538;42536
14558;ia_60;Orale burrito;Madrid;Restaurantes;Mexicana, Burritos, Tacos, Cocina Mexicana;0;3;3;;;
412;orale_compadre;Orale Compadre;Madrid;Restaurantes;Tradicionales, Mexicano, Restaurantes;0;4;4;17149;17150;17151,17152,17153
14722;ia_272;Oribu Brasas Japocastizas;Madrid;Restaurantes;Japonesa, Comida Fusión, Brasas, Makis;0;3;3;;;
16425;ia_2070;Orient;Madrid;Restaurantes;Asiática, Noodles & Rice;0;3;3;;;
14836;ia_410;ORIO Madrid Fuencarral;Madrid;Restaurantes;Vasca, Pintxos, Tapas vascas;0;3;3;;;
17483;ia_3304;Oris;Madrid;Compras;"Joyerías y relojerías, Alta relojería suiza; Innovación sostenible; Producción independiente";0;3;3;;;
3338;oro_nightclub;Oro Nightclub;Punta Cana;Fiesta;Discotecas;0;4;4;21728;21720;21721,21722,21723,21724,21725,21726,21727,21729
15464;ia_1050;Oroya;Madrid;Restaurantes;"Peruana, Ceviches; Tapas para compartir; Coctelería";0;3;3;;;
15949;ia_1566;Os'Peregrinos;Madrid;Restaurantes;"Gallega, Mariscos; Pulpo; Empanadas";0;3;3;;;
15076;ia_660;OSA;Madrid;Restaurantes;Tradicionales, Gourmet;0;3;3;;;
18518;ia_5711;OSCENA Tattoo;Madrid;Wellness;Estudio de tatuajes;0;1;1;;;
16062;ia_1681;Osteria Bella Roma;Madrid;Restaurantes;"Italiana, Pasta; Risotto";0;3;3;;;
16297;ia_1916;Osteria Roma;Madrid;Restaurantes;"Italiana, Pasta carbonara; Pizza romana";0;3;3;;;
16162;ia_1781;Osteria Toscana;Madrid;Restaurantes;"Italiana, Tagliatelle; Bistecca alla Fiorentina";0;3;3;;;
5412;ostras_pedrin;Ostras Pedrin;Madrid;Restaurantes;Top, Trendy, Especialista en mariscos, Restaurantes, Bares y Pubs;0;3;3;48477;48469;48470,48471,48472,48473,48474,48475,48476,48478
14886;ia_463;Ottica;Madrid;Restaurantes;Mediterránea, Española, Cocina mediterránea, Platos creativos;0;3;3;;;
5084;otto_zutz;Otto Zutz;Barcelona;Fiesta;Discotecas;0;4;4;45708;;45709,45710,45711,45712,45713,45714,45715,45716,45717
15813;ia_1407;Ouh Babbo;Madrid;Restaurantes;Internacional, Platos internacionales, Cocina creativa;0;3;3;;;
19200;ia_5564;Outdoor Sin Límite;Madrid;Experiencias Unicas;Clase/Taller (general);0;1;1;;;
15713;ia_1307;Oven Mozzarella Bar Las Tablas;Madrid;Restaurantes;Italiana, Pizza, Platos italianos;0;3;3;;;
14904;ia_482;Oven Mozzarella Gran Via 55;Madrid;Restaurantes;Italiana, Pizzas, Pastas;0;3;3;;;
17626;oxygen_workspace_;Oxygen Workspace ;Madrid;Compras;Coworking y oficinas compartidas, Coworking flexible, zonas comunes, comunidad profesional;0;4;4;72486;74571;74572,74599
15007;ia_591;Oyishi;Madrid;Restaurantes;Española;0;3;3;;;
14574;ia_96;Ozio Gastronómico;Madrid;Restaurantes;Mediterránea / Creativa, Cocina Mediterránea de Autor;0;3;3;;;
17007;ia_2827;Pabellón 12 (IFEMA);Madrid;Eventos;Espacio de eventos;0;3;3;;;
17008;ia_2828;Pabellón 14 (IFEMA);Madrid;Eventos;Espacio ferial y de espectáculos;0;3;3;;;
3606;pabellon_de_mies_van_der_rohe;Pabellón de Mies Van Der Rohe;Barcelona;Qué ver;Arquitectura;0;4;4;23292;23282;23283,23285,23286,23287,23288,23289,23290,23291
963;pablo_alboran;Pablo Alborán;Madrid;Ocio y eventos;Conciertos;0;4;4;17868;17869;
15299;pabu;Pabú;Madrid;Restaurantes;Española, Platos de autor, Cocina moderna;0;4;4;74307;74311;74308,74309,74310
5896;pacha_;Pacha ;Ibiza;Fiesta;Discotecas;0;3;3;49762;;49763,49764,49765
1804;pacha_barcelona;Pachá Barcelona;Barcelona;Fiesta;Discotecas, Electrónica, Comercial;0;4;4;19161;19159;19156,19157,19158,19160,19162,19163
5257;paco_roncero_restaurante_;Paco roncero restaurante ;Madrid;Restaurantes;Top, Español, Restaurantes;0;4;4;47494;47491;47492,47493,47495,47496,47497,47498,47499,47500
3937;paco_seco_-_guitarra_andaluza;Paco Seco - Guitarra Andaluza;Ronda;Ocio y eventos;Eventos;1;3;3;28481;28480;28478,28479,28482
5290;paddle_surf_aranjuez;Paddle surf Aranjuez;Aranjuez;Ocio y eventos;Experiencias y actividades;0;3;3;47726;47724;
4080;paddock_paradise_ronda;Paddock Paradise Ronda;Ronda;Experiencias y Actividades;Naturaleza y Turismo Activo;0;4;3;49127;49128;33483,33485,33486,40942,40943
18846;ia_5171;Paella, aceite de oliva, vino y relax en finca rural a las afueras de Madrid;Madrid;Experiencias Unicas;Cata/Maridaje de vino / Bodega;0;1;1;;;
19065;ia_5419;Paella, aceite de oliva, vino y relax en finca rural a las afueras de Madrid;Madrid;Experiencias Unicas;Tour guiado (general);0;1;1;;;
18847;ia_5172;Paella, tortilla y sangría tradicional Clase de cocina ;Madrid;Experiencias Unicas;Clase de cocina / Taller culinario;0;1;1;;;
19066;ia_5420;Paella, tortilla y sangría tradicional Clase de cocina ;Madrid;Experiencias Unicas;Clase de cocina / Taller culinario;0;1;1;;;
19187;ia_5551;Paint and Sip Madrid (Vestalab);Madrid;Experiencias Unicas;Taller de artes (pintura/cerámica/foto);0;1;1;;;
674;paintball;Paintball;Madrid;Ocio y eventos;Experiencias y actividades, Deporte;0;4;4;15306;18617;15308
18438;ia_4549;Paintball Madrid Action Live;Madrid;Naturaleza;Paintball, Bosques, campo abierto, Paintball, team building, aventura;0;1;1;;;
5547;paintball_mountain;Paintball Mountain;Málaga;Ocio y eventos;Experiencias y actividades, Naturaleza, Deporte;0;4;4;48768;48769;48767,48770,48771
3447;paintball_ronda;Paintball Ronda;Ronda;Experiencias y Actividades;Experiencias y Actividades, Actividades Deportivas;0;3;3;26999;26997;26051,26996,26998
17820;ia_3768;Paisaje de la Luz : Museo del Prado y Museo Reina Sofía;Madrid;Arte y Cultura;Museo de arte moderno / contemporáneo, Museo del Arte Expresionista, pintura, escultura;0;3;3;;;
15934;ia_1551;Pakistani Restaurante;Madrid;Restaurantes;"Pakistaní, Currys; Biryani; Kebabs";0;3;3;;;
14951;ia_535;Palacio de Anglona;Madrid;Restaurantes;Mediterranea, Tapas | Arroces | Carnes;0;4;4;;;
4618;palacio_de_cristal_malo;Palacio de cristal;Madrid;Qué ver;Arquitectura;1;1;3;;;41384,41385,41386,41387,41388,41389,41390,41391,41392,41393
4619;palacio_de_cristal_;Palacio de cristal ;Madrid;Qué ver;Arquitectura;0;4;4;41395;41398;41394,41396,41397,41399,41400,41401,41402,41403
5077;palacio_de_exposiciones_y_congresos_barcelona;Palacio de exposiciones y congresos Barcelona;Barcelona;Ocio y eventos;Experiencias y actividades, Conciertos, Exposiciones, Espectáculos;0;4;4;45640;45644;45638,45639,45641,45642,45643,45645,45646,45647
16993;ia_2812;Palacio de la Prensa Cinema;Madrid;Eventos;Cine y eventos culturales;0;3;3;;;
3160;palacio_de_mondragon;Palacio de Mondragón;Ronda;Qué ver;Arquitectura: plazas y monumentos;1;1;1;20805;20803;20804,20806,20807,20808,20811,20812
1592;palacio_güell;Palacio Güell;Barcelona;Qué ver;Plazas y monumentos;0;4;4;18396;28331;18392,18393,18394
3869;palacio_mondragon;Palacio Mondragón;Ronda;Qué ver, Experiencias y Actividades;Museos, Arquitectura: plazas y monumentos, Monumentos Propios;0;4;4;25714;25690;25681,25685,25686
406;palacio_plaza_conde_miranda;Palacio Plaza Conde Miranda;Madrid;Alojamiento;Apartamentos, Wifi;1;4;4;;18127;18128,18129,18130
54;palacio_real;Palacio Real;Madrid;Qué ver;Plazas y monumentos;0;4;4;14975;14976;14978,14979,14980,14981,14982
17821;ia_3769;Palacio Real + Ciudad Vieja Madrid Exclusiva Visita Guiada a pie;Madrid;Arte y Cultura;Museo de arte contemporáneo, Museo de la Minería, herramientas, minerales;0;3;3;;;
2620;palacio_real_aranjuez;Palacio Real Aranjuez;Aranjuez;Qué ver;Arquitectura;0;4;4;49186;49187;19890,19891,19892,19894,19897,49184,49185,49188,49189,49190,49191,49192
2691;palacio_real_aranjuez_a_borrar;Palacio Real Aranjuez A borrar;Aranjuez;Qué ver;Arquitectura;1;1;1;;19954;
2696;palacio_real_aranjuez_diego;palacio real aranjuez diego;Aranjuez;Qué ver;Arquitectura;1;3;3;;;19907,19908,19909,19910,19911,19912,19913,19914,19915,19916
18021;ia_4009;Palacio Real de Madrid Tour Guiado Profesional sin Colas;Madrid;Arte y Cultura;Museo de historia, Museo del Arte Renacentista Italiano, Miguel Ángel, Leonardo;0;3;3;;;
18022;ia_4010;Palacio Real de Madrid y Catedral de la Almudena: Visita guiada y sin colas;Madrid;Arte y Cultura;Museo de historia, Museo de Ciencias de la Robótica, humanoides, IA;0;3;3;;;
18023;ia_4011;Palacio Real de Madrid y experiencia de tapas con entrada sin colas;Madrid;Arte y Cultura;Museo de historia, Museo del Arte Nórdico, Munch, Akseli Gallen-Kallela;0;3;3;;;
18024;ia_4012;Palacio Real de Madrid: Entrada + Visita guiada en italiano;Madrid;Arte y Cultura;Museo de historia, Museo de Ciencias de la Energía Hidráulica, presas, turbinas;0;3;3;;;
17962;ia_3923;Palacio Real de Madrid: Entrada de acceso rápido + Audioguía;Madrid;Arte y Cultura;Museo / galería (general), Museo del Arte Griego Clásico, Partenón, cerámicas;0;3;3;;;
17963;ia_3924;Palacio Real de Madrid: Entrada rápida;Madrid;Arte y Cultura;Museo de ciencia y tecnología, Museo de Ciencias de la Tecnología Espacial, satélites, cohetes;0;3;3;;;
18011;ia_3989;Palacio Real de Madrid: Entrada rápida;Madrid;Arte y Cultura;Museo de historia, Museo de Ciencias de la Nanotecnología, materiales, microchips;0;3;3;;;
18025;ia_4013;Palacio Real de Madrid: Entrada Rápida + Visita Guiada + Degustación de Vinos;Madrid;Arte y Cultura;Museo de historia, Museo del Arte Oriental, cerámica china, ukiyo-e;0;3;3;;;
17964;ia_3925;Palacio Real de Madrid: Entrada sin colas + Tour guiado;Madrid;Arte y Cultura;Museo / galería (general), Museo del Arte Impresionista Francés, Monet, Degas;0;3;3;;;
17965;ia_3926;Palacio Real de Madrid: Entrada sin colas + Tour guiado;Madrid;Arte y Cultura;Museo de ciencia y tecnología, Museo de Ciencias Ambientales, ecología, sostenibilidad;0;3;3;;;
17966;ia_3927;Palacio Real de Madrid: Entrada sin colas + Tour guiado;Madrid;Arte y Cultura;Museo / galería (general), Museo del Arte Flamenco Andaluz, baile, cante;0;3;3;;;
17985;ia_3953;Palacio Real de Madrid: Entrada sin colas + Tour guiado;Madrid;Arte y Cultura;Museo de arte contemporáneo, Museo del Arte Contemporáneo Africano, máscaras, esculturas;0;3;3;;;
18005;ia_3983;Palacio Real de Madrid: Entrada sin colas + Tour guiado;Madrid;Arte y Cultura;Museo de ciencia y tecnología, Museo del Arte Islámico Persa, alfombras, miniaturas;0;3;3;;;
18012;ia_3990;Palacio Real de Madrid: Entrada sin colas + Tour guiado;Madrid;Arte y Cultura;Museo de historia, Museo del Arte Barroco Español, Velázquez, Murillo;0;3;3;;;
18013;ia_3991;Palacio Real de Madrid: Entrada sin colas + Tour guiado;Madrid;Arte y Cultura;Museo de historia, Museo de Ciencias de la Inteligencia Artificial, robótica, aprendizaje automático;0;3;3;;;
18014;ia_3992;Palacio Real de Madrid: Entrada sin colas + Tour guiado;Madrid;Arte y Cultura;Museo de historia, Museo del Arte Abstracto Americano, Pollock, Rothko;0;3;3;;;
17986;ia_3954;Palacio Real de Madrid: Entrada sin colas + Tour guiado para grupos reducidos;Madrid;Arte y Cultura;Museo de ciencia y tecnología, Museo de Ciencias del Clima, meteorología, sostenibilidad;0;3;3;;;
18006;ia_3984;Palacio Real de Madrid: Entrada sin colas + Tour guiado para grupos reducidos;Madrid;Arte y Cultura;Museo de arte contemporáneo, Museo de Ciencias del Transporte, trenes, automóviles;0;3;3;;;
17987;ia_3955;Palacio Real de Madrid: Entrada sin colas + Visita guiada;Madrid;Arte y Cultura;Museo / galería (general), Museo del Arte Surrealista, Dalí, Magritte;0;3;3;;;
17988;ia_3956;Palacio Real de Madrid: Entrada sin colas + Visita guiada;Madrid;Arte y Cultura;Museo de ciencia y tecnología, Museo de Ciencias de la Energía Eólica, turbinas, sostenibilidad;0;3;3;;;
17989;ia_3957;Palacio Real de Madrid: Entrada sin colas + Visita guiada;Madrid;Arte y Cultura;Museo de arte contemporáneo, Museo del Arte Latinoamericano Moderno, Rivera, Kahlo;0;3;3;;;
18007;ia_3985;Palacio Real de Madrid: Entrada sin colas + Visita guiada;Madrid;Arte y Cultura;Museo de ciencia y tecnología, Museo del Arte Futurista Italiano, Marinetti, Boccioni;0;3;3;;;
18008;ia_3986;Palacio Real de Madrid: Entrada sin colas + Visita guiada;Madrid;Arte y Cultura;Museo de ciencia y tecnología, Museo de Ciencias Agrarias, agricultura, innovación;0;3;3;;;
18009;ia_3987;Palacio Real de Madrid: Entrada sin colas + Visita guiada;Madrid;Arte y Cultura;Museo de ciencia y tecnología, Museo del Arte Romántico Alemán, Friedrich, Caspar David;0;3;3;;;
18010;ia_3988;Palacio Real de Madrid: Entrada sin colas + Visita guiada de tarde en grupo reducido;Madrid;Arte y Cultura;Museo de historia, Museo del Arte Medieval Europeo, vitrales, tapices;0;3;3;;;
18015;ia_4003;Palacio Real de Madrid: Entrada sin colas + Visita guiada de tarde en grupo reducido;Madrid;Arte y Cultura;Museo / galería (general), Museo del Arte Bizantino, iconos, mosaicos;0;3;3;;;
17822;ia_3770;Palacio Real Madrid y Jardines: Tour privado con entrada incluida;Madrid;Arte y Cultura;Museo de arte contemporáneo, Museo del Arte Moderno, pintura, instalaciones;0;3;3;;;
17823;ia_3771;Palacio Real Madrid: Entradas + Visita a la Cocina Real y Guía Real Digital;Madrid;Arte y Cultura;Museo de arte contemporáneo, Museo de Ciencias de la Tierra, geología, fósiles;0;3;3;;;
5337;palacio_silvela_eventos;Palacio Silvela Eventos;Aranjuez;Qué ver;Arquitectura: museos, plazas y monumentos;0;3;3;;;48091,48092,48093,48094,48095,48096,48097,48098,48099,48100
16954;ia_2727;Palafox Luxury Cinema;Madrid;Eventos;Cine y Teatro;0;4;4;;;
15022;ia_606;Palique Pozuelo;Madrid;Restaurantes;Española;0;3;3;;;
15664;ia_1258;Palm Court;Madrid;Restaurantes;Internacional, Cocina de autor, Pastelería, Tapas;0;3;3;;;
3673;palo_alto_market_barcelona;Palo Alto Market Barcelona;Barcelona;Qué ver;Barrios;0;4;4;23707;23705;23704,23706,23708,23709,23710,23711,23712,23713
5240;pan_delirio;Pan delirio;Madrid;Compras;Tiendas, Gatronomía;0;4;4;47340;47343;47341,47342,47344,47345,47346,47347,47348
15351;ia_936;Panamera Madrid;Madrid;Restaurantes;Tapas, Carnes, Pescados, Sudamericana;0;3;3;;;
15158;ia_742;Pancho Villa Madrid;Madrid;Restaurantes;Creativa, Tacos | Burritos | Quesadillas | Nachos;0;3;3;;;
1504;panda_club;Panda Club;Madrid;Fiesta;Discotecas, Comercial;0;4;4;13056;13055;13054,13057
15673;ia_1267;Panda Rojo;Madrid;Restaurantes;Fusión, Cocina asiática, Fusión;0;3;3;;;
17358;ia_3179;Pandora;Madrid;Compras;"Joyerías y relojerías, Charm bracelets; Personalización; Moda accesible";0;3;3;;;
17387;ia_3208;Panerai;Madrid;Compras;"Joyería y relojería de lujo, Relojes de buceo; Diseño italiano; Innovación técnica";0;3;3;;;
5625;pangea_active_nature;Pangea Active Nature;Ronda;Experiencias y Actividades;Naturaleza y Turismo Activo;0;3;3;49133;49132;49134,49136
16417;ia_2062;Panod;Madrid;Restaurantes;Francesa, Panadería;0;3;3;;;
3434;panoramico;Panorámico;Ronda;Restaurantes;Top, Mediterranea, Restaurantes;0;1;1;48242;48235;22189,22191,22194,22195,22196,22197,22198,48236
15676;ia_1270;PANSHI;Madrid;Restaurantes;Japonesa, Sushi, Cocina japonesa;0;3;3;;;
783;panta_rhei;Panta Rhei;Madrid;Compras;Marcas y Productos Locales;0;4;4;17144;17145;17146,17147,17148,74430,74431
17097;ia_2917;Pantallas Ariza ,pantallas hechas a mano;Madrid;Compras;"Iluminación y lámparas, Pantallas de lámparas artesanales; Diseños a medida; Taller propio";0;3;3;;;
18430;pantano_de_san_juan;Pantano de San Juan;Madrid;Naturaleza;Deportes acuáticos (kayak/SUP), Agua, pinares, calas, Baño, deportes acuáticos, navegación;0;4;4;;;
3280;panteon_de_la_patria;Panteón de la Patria;Santo Domingo;Qué ver;Museos;0;4;4;21462;21460;21461,21463,21464,21465,21466,21467,21468,21469
15889;ia_1504;Panthera;Madrid;Restaurantes;Japonesa, Sushi, Cocina japonesa;0;3;3;;;
1535;panthera_dinner_y_dance;Panthera Dinner & Dance;Madrid;Restaurantes;Trendy, Fusión, Restaurantes;0;4;4;14234;14230;14231,14232,14233
14677;ia_222;Pantin Grill;Madrid;Restaurantes;Francesa / Europea, Carnes, Parrilla francesa, Vino;0;3;3;;;
16414;ia_2058;Papanato Buffet de Hamburguesas;Madrid;Restaurantes;Americana, Hamburguesas;0;3;3;;;
4307;papua_colon;Papúa Colón;Madrid;Restaurantes;Top, Trendy, Español, Fusión, Restaurantes;0;4;4;36823;36825;36824,36826,36827,36828,36829,36830,36831,36832
15586;ia_1177;Papúa Colón;Madrid;Restaurantes;Fusión / Mediterránea, Alta cocina / Creativa;0;3;3;;;
15248;ia_833;Para Você;Madrid;Restaurantes;Portuguesa, Tapas, Carnes, Cocina fusión;0;3;3;;;
17621;ia_3450;Paradis Skateshop;Madrid;Compras;Skate y deportes urbanos, Taller skate, eventos, comunidad local;0;3;3;;;
16598;ia_2320;Paradise After;Madrid;Nightlife;After‑hours;0;3;3;;;
5135;paradiso_barcelona;Paradiso barcelona;Barcelona;Fiesta;Bares de copas;0;3;3;46063;46064;46061,46065,46191,46192
5844;paradiso_ibiza_art_hotel;Paradiso Ibiza Art Hotel;Ibiza;Alojamiento;Hoteles, Terraza, Wifi, Estética, Restaurante;0;3;3;49595;;
3894;paradisus_palma_real_golf_y_spa_resort_all_inclusive;Paradisus Palma Real Golf & Spa Resort All Inclusive;Punta Cana;Alojamiento;Hoteles;0;4;4;26616;26624;26617,26618,26619,26620,26621,26623
407;parador_alcala_de_henares;Parador Alcalá de Henares;Madrid;Alojamiento;Hoteles;0;4;4;16272;16273;16274,16275,16276,16277,16278,16279,16280
413;parador_de_chinchon;Parador de Chinchón;Madrid;Alojamiento;Hoteles;0;4;4;17154;17155;17156,17157,17158,17159,17160
3876;parador_de_ronda;Parador de Ronda;Ronda;Alojamiento;Hoteles, Terraza, Wifi, Restaurante, Bar;0;4;4;25950;25948;25951,25953,25954
3037;parador_malaga_gibralfaro;Parador Málaga Gibralfaro;Málaga;Restaurantes;Top;0;4;4;25160;25159;25158
713;paraiso;Paraíso;Madrid;Fiesta;Festivales, Electrónica;0;4;4;17329;18350;17331
3969;paraiso_cano_hondo;Paraíso Caño Hondo;Santo Domingo;Alojamiento;Casa rural;0;4;4;28717;28720;28718,28719,28721,28724,28725
4840;parallelo_gelato;Parallelo Gelato;Barcelona;Restaurantes;Tradicionales, Italiano, Heladerias;0;3;3;44142;44139;44134,44135,44136,44137,44140,44141
17559;ia_3380;Paréntesis de Olvido – Magia & Té;Madrid;Compras;Concept‑store de tés & objetos únicos, Selección de infusiones premium & objetos de coleccionista;0;3;3;;;
14698;ia_243;Parisien;Madrid;Restaurantes;Francesa / Tradicional, Croissants, Quiches, Vinos franceses;0;3;3;;;
1752;parking_pita;PARKING PITA;Barcelona;Restaurantes;Trendy, Restaurantes, Streetfood;0;4;4;18785;18788;18786,18787,18789
5091;parking_pizza;Parking pizza;Barcelona;Restaurantes;Trendy, Italiano, Vegetariano, Pizza, Restaurantes;0;4;4;45787;45783;45778,45779,45782,45784,45785,45786
5021;parking_sotano;Parking Sótano;Barcelona;Restaurantes;Trendy, Especialista en carne, Restaurantes;0;3;3;44915;44914;44889,44890,44891,44892,44893,44894,44895,44896,44897,44898
17398;ia_3219;Parmigiani Fleurier;Madrid;Compras;"Joyería y relojería de lujo, Alta relojería suiza; Diseño artesanal; Producción limitada";0;3;3;;;
18411;parque_casa_de_campo;Parque Casa de Campo;Madrid;Naturaleza;Playa / zona de baño en lago/embalse, Bosque, lago, río, Teleférico, rutas verdes;0;4;4;74494;74493;74495
1601;parque_cervantes;Parque Cervantes;Barcelona;Qué ver;Parques;0;4;4;18424;18423;
18406;ia_4516;Parque de Alfredo Kraus;Madrid;Naturaleza;Excursión a Hortaleza Parque De Alfredo Kr, Praderas y arbolado urbano, Deporte, ocio familiar;0;1;1;;;
18387;ia_4497;Parque de Atenas;Madrid;Naturaleza;Excursión a La Catedral Parque De Atenas E, Praderas urbanas, Picnic urbano, fotografía patrimonial;0;1;1;;;
292;parque_de_atracciones_;Parque de Atracciones ;Madrid;Ocio y eventos;Parques Temáticos;0;4;4;14254;18462;14256,14257,14258,14259
16969;ia_2788;Parque de Atracciones de Madrid;Madrid;Eventos;Parque temático / atracción permanente;0;3;3;;;
18371;ia_4477;Parque de Atracciones Madrid: Entrada;Madrid;Naturaleza;Parque urbano, Atracciones, espectáculos, áreas verdes, Acceso a todas las atracciones;0;1;1;;;
18388;ia_4498;Parque de Berlín;Madrid;Naturaleza;Excursión a Chamartín Combina Áreas De Pas, Praderas, arbolado urbano, Fragmentos del Muro de Berlín, esculturas;0;1;1;74569;74568;74566,74567,74570
1385;parque_de_berlin;Parque de Berlín;Madrid;Qué ver;Parques;0;4;4;15449;15450;15451,15453,15454
1733;parque_de_diversiones;Parque de Diversiones;Punta Cana;Ocio y eventos;Experiencias y actividades;0;4;4;18683;18681;18682
18417;ia_4527;Parque de El Capricho;Madrid;Naturaleza;Jardín histórico / palaciego, Laberinto, templetes, estanques, Búnker histórico, visitas guiadas;0;1;1;;;
18391;ia_4501;Parque de El Retiro;Madrid;Naturaleza;Excursión a Septiembre De, Estanques, avenidas arboladas, Barcas en estanque, exposiciones culturales;0;1;1;74554;74560;74557,74561,74562
33;parque_de_el_retiro;Parque de El Retiro;Madrid;Qué ver;Parques;0;4;4;15816;15817;
18392;ia_4502;Parque de Juan Carlos I;Madrid;Naturaleza;Excursión a Barajas Parque De Juan Carlos, Lagos, praderas y arte urbano, Tren gratuito, esculturas, actividades deportivas;0;1;1;;;
1599;parque_de_la_ciudadela;Parque de la Ciudadela;Barcelona;Qué ver;Parques;0;4;4;18413;18415;18414,28379,28380
18396;ia_4506;Parque de la Cuña Verde de Latina;Madrid;Naturaleza;Excursión a Latina El Parque De La Cuña Ve, Praderas, caminos y arbolado urbano, Ciclismo, deportes, encuentro vecinal;0;1;1;;;
1460;parque_de_la_fresa;Parque de la fresa;Madrid;Compras;Tiendas;1;4;4;11429;11431;11430
18401;ia_4511;Parque de las Cruces;Madrid;Naturaleza;Excursión a Carabanchel Parque De Las Cruc, Praderas, colinas y arbolado urbano, Auditorio, deportes, ocio familiar;0;1;1;;;
3772;parque_de_malaga_;Parque de Málaga ;Málaga;Qué ver;Parques;0;1;3;24663;24662;24661,24664,24665,24666,24667,24668,24670
18385;ia_4495;Parque de Santander;Madrid;Naturaleza;Ruta de senderismo, Césped, árboles urbanos, Naturaleza de proximidad;0;1;1;;;
18399;ia_4509;Parque del Arroyo;Madrid;Naturaleza;Excursión a Moncloa Parque Del Arroyo Espa, Césped, arbolado urbano, Encuentro vecinal, caminata local;1;1;1;;;
634;parque_del_cerro_del_tio_pio;Parque del Cerro del Tío Pío;Madrid;Qué ver;Parques, Cool Places;0;4;4;14579;14580;
18384;ia_4494;Parque del Oeste;Madrid;Naturaleza;Ruta a mirador / cumbre, Parque mediterráneo urbano, Jardines temáticos, miradores urbanos;0;1;1;;;
18412;ia_4522;Parque del Oeste;Madrid;Naturaleza;Ruta a mirador / cumbre, Jardines, miradores, Rosaleda, miradores, fotografía;1;1;1;;;
18410;parque_del_retiro;Parque del Retiro;Madrid;Naturaleza;Jardín histórico / palaciego, Jardines, estanque, pinares, Barcas, eventos culturales;0;4;4;;;
18373;ia_4479;Parque del Retiro de Madrid: Visita guiada de 2h;Madrid;Naturaleza;Jardines, estanques, Jardín histórico / palaciego, Guía experto, ruta cultural;0;1;1;;;
18374;ia_4480;Parque del Retiro de Madrid: Visita guiada de 2h con picnic;Madrid;Naturaleza;Parque urbano, Jardines, praderas, Picnic con productos locales;0;1;1;;;
18372;ia_4478;Parque del Retiro Madrid: Sesión de fotos privada;Madrid;Naturaleza;Jardín histórico / palaciego, Jardines históricos, estanques, Fotografía profesional personalizada;0;1;1;;;
18016;ia_4004;Parque del Retiro y Barrio de las Letras en bicicleta.;Madrid;Arte y Cultura;Museo de historia, Museo de Ciencias del Sonido, acústica, instrumentos;0;3;3;;;
3719;parque_del_tibidabo;Parque del tibidabo;Barcelona;Ocio y eventos;Parques Temáticos;0;4;4;24198;24193;24194,28971,28972,28973,28974,28975
18622;ia_5825;Parque Deportivo Puerta de Hierro;Madrid;Deportes;Multideporte;0;1;1;73294;73295;
1049;parque_el_capricho;Parque El Capricho;Madrid;Qué ver;Parques;0;4;4;14740;14741;14742,14743
18404;ia_4514;Parque Eugenia de Montijo;Madrid;Naturaleza;Excursión a Carabanchel Parque Eugenia De, Árboles y praderas urbanas, Juegos infantiles, ocio vecinal;0;1;1;;;
305;parque_europa_;Parque Europa ;Madrid;Ocio y eventos;Parques Temáticos;0;4;4;47667;;15991,15993,15994,15995,15996,15997
1602;parque_güell;Parque Güell;Barcelona;Qué ver;Parques;0;4;4;29356;29357;18425,18426,29358,29359,29360,29361
3575;parque_independencia_santo_domingo;Parque Independencia Santo Domingo;Santo Domingo;Qué ver;Museos, Parques;0;4;4;23196;23193;23191,23192,23194,23195,23197,23199,23200
925;parque_juan_carlos_i;Parque Juan Carlos I;Madrid;Qué ver;Parques;0;4;4;14264;14265;14266,14267
18415;ia_4525;Parque Juan Carlos I;Madrid;Naturaleza;Playa / zona de baño en lago/embalse, Praderas, lagos, esculturas, Alquiler de bicis, arte al aire libre;0;1;1;74193;74191;74192,74194
18414;parque_madrid_rio;Parque Madrid Río;Madrid;Naturaleza;Excursión a Verano, Ribera de río, praderas, puentes, Ciclismo, deporte, ocio urbano;0;4;4;74188;74190;74187,74189
1288;parque_nacional_armando_bermudez;Parque Nacional Armando Bermúdez;Punta Cana;Qué ver;Parques, Escapadas;1;1;1;15192;15193;
1300;parque_nacional_de_los_haitises;Parque Nacional de los Haitises;Punta Cana;Qué ver;Escapadas;0;4;4;16351;16352;16353,16354,16355,16356
3795;parque_nacional_del_este;Parque Nacional del Este;Punta Cana;Qué ver;Parques, Cool Places;0;4;4;;;24805,24806,24807,24808,24809,24810,24811,24812,24813,24814
3315;parque_nacional_jaragua;Parque Nacional Jaragua;Santo Domingo;Qué ver;Parques, Cool Places;0;4;4;21576;21583;21577,21578,21579,21580,21581,21582,21584,21585
1317;parque_nacional_montecristi;Parque Nacional Montecristi;Punta Cana;Qué ver;Parques, Escapadas;0;4;4;17339;17340;17341,17342,17343
3197;parque_natural_de_los_alcornocales;Parque Natural de Los Alcornocales;Ronda;Qué ver, Experiencias y Actividades;Naturaleza y parques, Naturaleza y Turismo Activo;0;4;4;20994;20989;20988,20990,20991,20992,20995,20997
18375;ia_4481;Parque natural Faunia: Entrada;Madrid;Naturaleza;Parque natural / reserva, Ecosistemas, jardines temáticos, Charlas educativas, ecosistemas recreados;0;1;1;;;
3358;parque_natural_sierra_de_las_nieves;Parque Natural Sierra de las Nieves;Ronda;Qué ver, Experiencias y Actividades;Naturaleza y parques, Naturaleza y Turismo Activo;0;4;4;21798;21799;21790,21791,21792,21793,21794,21795,21796,21797
18386;ia_4496;Parque Norte – Carmen Tagle;Madrid;Naturaleza;Parque urbano, Césped, árboles urbanos, Verde cercano para paseos cotidianos;0;1;1;;;
18418;ia_4528;Parque Quinta de los Molinos;Madrid;Naturaleza;Parque urbano, Almendros, praderas, estanques, Floración estacional, fotografía;0;1;1;;;
18444;ia_4861;Parque Quinta de los Molinos;Madrid;Naturaleza;Parque urbano, Jardines, praderas, almendros, Floración de almendros, fotografía;0;1;1;;;
4067;parque_warner_bross;Parque Warner Bross;Aranjuez;Ocio y eventos;Experiencias y actividades, Ocio;0;3;3;33209;33215;33208,33210,33211,33212,33213,33214,33216,33217
299;parque_warner_madrid_y_parque_warner_beach;Parque Warner Madrid y Parque Warner Beach;Madrid;Ocio y eventos;Parques Temáticos;0;4;4;14594;14595;14596,14597,14598,14599,14601,14602
450;parquesur;Parquesur;Madrid;Compras;Centros comerciales, Decoración, Música;0;4;4;16981;16982;16983,16984
14837;ia_411;Parrilla La Dorita;Madrid;Restaurantes;Argentino, Carnes a la brasa, Parrilla;0;3;3;;;
15355;ia_940;Parrilla Las Brasas;Madrid;Restaurantes;Española, Carnes a la brasa, Platos españoles;0;3;3;;;
14957;ia_541;Parrilla Street - Understreet Market;Madrid;Restaurantes;Argentino, Parrillada/BBQ;0;3;3;;;
15677;ia_1271;Parrilla total;Madrid;Restaurantes;Argentino, Parrilla, Carnes;0;3;3;;;
14757;ia_314;Parsi;Madrid;Restaurantes;Persa, Afgana, Kebabs, Guisos;0;3;3;;;
17308;ia_3129;Particularity (Concept Store);Madrid;Compras;"Ropa y accesorios, Concept store; Moda independiente; Estilo creativo";0;3;3;;;
16548;ia_2256;Partners Foods (promo pancakes);Madrid;Restaurantes;Repostería / Cafetería, Pancakes & Sweet Shop;0;3;3;;;
5543;"pasaje_del_terror_""apocalipsis_ronda""";"PASAJE DEL TERROR ""APOCALIPSIS RONDA""";Ronda;Ocio y eventos, Experiencias y Actividades;Eventos, Experiencias y Actividades;0;4;4;48738;;
15474;ia_1061;Pasamar;Madrid;Restaurantes;"Española, Mariscos; Arroces; Asados";0;3;3;;;
18848;ia_5173;Pase de Madrid;Madrid;Experiencias Unicas;Tour/experiencia (general);0;1;1;;;
19067;ia_5421;Pase de Madrid;Madrid;Experiencias Unicas;Excursión de día (Day trip);0;1;1;;;
18849;ia_5174;Pase diversión en familia en Madrid;Madrid;Experiencias Unicas;Tour/experiencia (general);0;1;1;;;
19068;ia_5422;Pase diversión en familia en Madrid;Madrid;Experiencias Unicas;Tour guiado (general);0;1;1;;;
18460;ia_5652;Pase Fitness Premium de Madrid;Madrid;Wellness;Fitness;0;1;1;;;
18850;ia_5175;Pasea por el famoso Parque del Retiro en Segway;Madrid;Experiencias Unicas;Tour en bici / e-bike / segway;0;1;1;;;
19069;ia_5423;Pasea por el famoso Parque del Retiro en Segway;Madrid;Experiencias Unicas;Tour en bici / e-bike / segway;0;1;1;;;
3665;paseando_con_gaudi;Paseando con Gaudí;Barcelona;Ocio y eventos;Exposiciones, Otro;0;4;4;28938;28940;23626,28939,28948,28949
4825;paseo_a_caballo;Paseo a caballo;Aranjuez;Ocio y eventos;Experiencias y actividades, Naturaleza, Ocio;0;4;4;48975;48978;48972,48974,48976,48977,48979
18376;ia_4482;Paseo a Caballo desde Madrid;Madrid;Naturaleza;Ruta a caballo, Caminos rurales, bosque mediterráneo, Experiencia privada, guía ecuestre;0;1;1;;;
18019;ia_4007;Paseo del Arte: Prado, Reina Sofía y Museo Thyssen;Madrid;Arte y Cultura;Museo de arte moderno / contemporáneo, Museo del Arte Vanguardista Ruso, Malevich, Kandinsky;0;3;3;;;
37;paseo_del_prado;Paseo del Prado;Madrid;Qué ver;Barrios;0;4;4;17097;17098;17099
5282;paseo_en_buggie;Paseo en Buggie;Filipinas;;;0;3;3;;;
4823;paseo_en_globo;Paseo en Globo;Aranjuez;Ocio y eventos;Experiencias y actividades, Ocio;0;4;4;48950;48942;48951,48954,48955,48956,48957,48958
18852;ia_5177;Paseo en globo aerostático sobre Guadarrama el Parque Regional de Guadarrama de Madrid;Madrid;Experiencias Unicas;Excursión de día (Day trip);0;1;1;;;
19089;ia_5445;Paseo en globo aerostático sobre Guadarrama el Parque Regional de Guadarrama de Madrid;Madrid;Experiencias Unicas;Walking tour;0;1;1;;;
4317;paseo_en_globo_aranjuez;Paseo en Globo Aranjuez;Aranjuez;Ocio y eventos;Experiencias y actividades, Naturaleza, Ocio;1;4;4;36939;36933;36930,36931,36932,36935,36936,36937
677;paseo_en_helicoptero;Paseo en helicóptero;Madrid;Ocio y eventos;Experiencias y actividades;0;4;4;16097;16098;16099,16100,16101,16102
18853;ia_5178;Paseo en segway por el centro histórico de Madrid;Madrid;Experiencias Unicas;Tour en bici / e-bike / segway;0;1;1;;;
19090;ia_5446;Paseo en segway por el centro histórico de Madrid;Madrid;Experiencias Unicas;Excursión de día (Day trip);0;1;1;;;
18851;ia_5176;Paseo en Segway por el Parque del Retiro;Madrid;Experiencias Unicas;Tour/experiencia (general);0;1;1;;;
19088;ia_5444;Paseo en Segway por el Parque del Retiro;Madrid;Experiencias Unicas;Tour en bici / e-bike / segway;0;1;1;;;
1728;paseo_en_slingshot;Paseo en Slingshot;Punta Cana;Ocio y eventos;Experiencias y actividades;0;4;4;18639;18641;18640
18854;ia_5179;Paseo gastronómico y vinícola por tabernas escondidas con sabores locales;Madrid;Experiencias Unicas;Clase de cocina / Taller culinario;0;1;1;;;
19091;ia_5447;Paseo gastronómico y vinícola por tabernas escondidas con sabores locales;Madrid;Experiencias Unicas;Walking tour;0;1;1;;;
4687;paseo_kazuroni_yamauchi;Paseo Kazuroni Yamauchi;Ronda;Qué ver;Cool Places;0;4;4;42904;42903;42907,42909,42915
18020;ia_4008;Paseo por el Barrio del Arte de Madrid;Madrid;Arte y Cultura;Museo de arte contemporáneo, Museo del Arte Islámico Marroquí, cerámica, azulejos;0;3;3;;;
17951;ia_3909;Paseo por el Madrid de los Austrias;Madrid;Arte y Cultura;Museo arqueológico, Museo de la Ciencia Industrial, motores, inventos;0;3;3;;;
18855;ia_5180;Paseo por la ciudad Madrid en los TUK TUK;Madrid;Experiencias Unicas;Walking tour;0;1;1;;;
19092;ia_5448;Paseo por la ciudad Madrid en los TUK TUK;Madrid;Experiencias Unicas;Walking tour;0;1;1;;;
18017;ia_4005;Paseo Privado Historia de Madrid (Tour Personalizable);Madrid;Arte y Cultura;Museo de historia, Museo del Arte Renacentista Flamenco, Van Eyck, Rubens;0;3;3;;;
18018;ia_4006;Paseo Privado por Madrid. Barrios de Salamanca y Malasaña;Madrid;Arte y Cultura;Excursión / day trip, Museo de Ciencias de la Inteligencia Animal, primates, delfines;0;3;3;;;
16723;ia_2478;Paseo Suites Hotel;Madrid;Alojamiento;Aparthotel, Suites, cocina equipada, Wi‑Fi;0;3;3;;;
18377;ia_4483;Paseos a caballo por el Parque Natural de Madrid;Madrid;Naturaleza;Ruta a caballo, Montaña, pinar, Ruta privada, guía ecuestre;0;1;1;;;
3706;paseos_en_barco;Paseos en Barco;Barcelona;Ocio y eventos;Experiencias y actividades, Ocio;0;4;4;24176;24177;24175,24178
3264;paseos_hemingway_y_blas_infante;Paseos Hemingway y Blas Infante;Ronda;Qué ver;Cool Places;0;4;4;21304;42852;21301,21303,21307
15103;ia_687;Pasiones Argentinas Las Rozas;Madrid;Restaurantes;Internacional, Parrillada/BBQ;0;3;3;;;
17538;ia_3359;Pasquale Bruni Watches;Madrid;Compras;"Joyería y relojería de lujo, Joyas italianas; Diseños artísticos; Relojes de lujo";0;3;3;;;
5826;passeig_de_vara_de_rey;Passeig de Vara de Rey;Ibiza;Restaurantes, Compras, Ocio y eventos;Zonas de compras, Tiendas, Mercados, Para ti;0;4;4;49569;49571;49568,49570,49572,49573
5780;passenger_;Passenger ;Barcelona;Fiesta;Festivales;1;3;3;;;
5835;passion_cafe_;Passion Cafe ;Ibiza;Restaurantes;Top, Trendy, Vegetariano, Fusión, Restaurantes, Café y té;0;4;4;;50022;50023,50024,50025,50026,50027
15354;ia_939;Pasta Balboa;Madrid;Restaurantes;Italiana, Pasta, Ensaladas, Carnes;0;3;3;;;
17187;ia_3007;Pastelería Asturias;Madrid;Compras;"Panaderías y pastelerías, Pastelería tradicional; Dulces artesanales; Recetas históricas";0;3;3;;;
17183;ia_3003;Pastelería Inbay;Madrid;Compras;"Panaderías y pastelerías, Pastelería artesanal; Tartas personalizadas; Atención cercana";0;3;3;;;
16131;ia_1750;Pastelería Lazcano ( ventisquero );Madrid;Restaurantes;"Shopping en pastelerías y confiterías, Pastelería artesanal; Tartas clásicas; Bollería fresca";0;3;3;;;
17196;ia_3016;Pastelería Lyon;Madrid;Compras;"Panaderías y pastelerías, Pastelería artesanal; Repostería francesa; Tartas clásicas";0;3;3;;;
5321;pasteleria_parras;Pastelería Parras;Aranjuez;Restaurantes;Tradicionales, Pastelerias y Panaderias;0;3;3;;;47966,47967,47968,47969,47970,47971,47972,47973,47974,47975
17182;ia_3002;Pastelería Yassma Dulces Árabes;Madrid;Compras;"Panaderías y pastelerías, Pastelería árabe; Dulces tradicionales; Recetas artesanales";0;3;3;;;
1751;pastrami;PASTRAMI;Barcelona;Restaurantes;Trendy, Restaurantes, Streetfood;0;4;4;18771;18774;18772,18773,18775
14769;ia_331;Patacón Pisao;Madrid;Restaurantes;Venezolana, Arepas, Patacones, Cachapas;0;3;3;;;
1471;patanel;Patanel;Madrid;Fiesta, Restaurantes, Compras;Bares de copas, Trendy, Marcas y Productos Locales, Irlandes, Restaurantes, Bares y Pubs, Restaurant & Club;1;4;1;;12622;11737,11738,11739,11741,11742,12621
5879;patchwork_;Patchwork ;Ibiza;Restaurantes;Trendy, Con terraza, Fusión, Restaurantes;0;3;3;49716;;49718,49719,49720
671;patinaje_sobre_hielo;Patinaje sobre hielo;Madrid;Ocio y eventos;Experiencias y actividades;0;4;4;14556;14557;
4834;patio_de_santa_maria;Patio de Santa Maria;Ronda;Alojamiento;Apartamentos;0;4;4;44115;44118;44116,44117
15241;ia_826;PATO SALVAJE Velázquez;Madrid;Restaurantes;Española, Pato laqueado, Cocina fusión;0;3;3;;;
17625;ia_3454;Patrick Sport - Ski — Patrick Sport - Esquí;Madrid;Compras;Deportes de montaña y esquí, Asesoría técnica, venta de material profesional;0;3;3;;;
17952;ia_3910;Patrimonio de Madrid : Old Town Walking & Royal Palace Grupo reducido;Madrid;Arte y Cultura;Museo arqueológico, Museo del Arte Ibérico, esculturas, cerámica;0;3;3;;;
17953;ia_3911;Patrimonio de Madrid – Visita privada a los Museos Reina Sofía y Prado;Madrid;Arte y Cultura;Museo de arte moderno / contemporáneo, Museo de Ciencias Naturales Urbanas, biodiversidad, ecología;0;3;3;;;
15646;ia_1240;Pattaya Thai Street Food;Madrid;Restaurantes;Tailandesa / Creativa, Curry / Noodles / Street Food;0;3;3;;;
17274;ia_3094;Patucos Moda Infantil;Madrid;Compras;"Moda infantil y bebés, Ropa infantil; Diseño tradicional; Servicio cercano";0;3;3;;;
17025;ia_2845;Paurora Experiences S.L.;Madrid;Eventos;Taller gastronómico;0;3;3;;;
15054;ia_638;PAX;Madrid;Restaurantes;Mediterranea, Comida Fusión;0;3;3;;;
17081;ia_2902;PC-ELITE - Tienda de informatica barata madrid;Madrid;Compras;Computadoras y accesorios, No disponible;0;3;3;;;
17082;ia_2903;PCBox;Madrid;Compras;Computadoras y accesorios, No disponible;0;3;3;;;
1309;pearl_beach_club;Pearl Beach Club;Punta Cana;Fiesta;Bares de copas;0;4;4;18193;18194;18195,18196,18197,18198,18199
17107;ia_2927;Peccata Viruta;Madrid;Compras;"Shopping de hogar y decoración, Muebles artesanales; Diseño en madera; Piezas personalizadas";0;3;3;;;
16559;ia_2271;Pecorilo;Madrid;Restaurantes;Italiana, Trattoria / Pasta fresca;0;3;3;;;
18283;ia_4441;Pedro Almodóvar - La habitación de al lado;Madrid;Arte y Cultura;Arquitectura / edificio emblemático, Película, cine español;0;3;3;;;
5641;pedro_pastor;Pedro Pastor;Málaga;Ocio y eventos;Conciertos;0;3;3;49241;49242;
3408;pelicano_beach_club_restaurant;Pelicano Beach Club Restaurant;Santo Domingo;Fiesta, Restaurantes;Beachclubs;0;4;4;21960;21962;21959,21961,21963,21964,21965,21966,21967,21968
4044;peluqueria_alicia_fortes_salon_de_belleza;Peluquería Alicia Fortes Salón de belleza;Ronda;Experiencias y Actividades;Experiencias y Actividades, Comercios, productos locales y artesanía;0;1;1;31394;31392;31393,31395,31396,31397,31398,31399
556;pena_delicatessen;Peña Delicatessen;Madrid;Compras;Tiendas;1;4;4;15371;15372;15373
17066;peninsula_vintage_clothing_madrid;Península Vintage Clothing Madrid;Madrid;Compras;Tiendas Vintage, Moda vintage de alta calidad, Selección exclusiva de prendas retro;0;4;4;;;74432,74433,74434,74435,74436,74437
17076;ia_2897;Península Vintage Clothing Madrid;Madrid;Compras;"Tiendas Vintage, Vintage europeo premium; Colecciones rotativas; Especialidad denim y cuero";0;3;3;;;
1750;pepa_pla;PEPA PLA;Barcelona;Restaurantes;Trendy, Restaurantes;0;4;4;18767;18770;18766,18768,18769
15344;ia_929;PEPITA PEPA;Madrid;Restaurantes;restaurante, Española;0;3;3;;;
17306;ia_3127;PEPO Ropa Infantil;Madrid;Compras;"Moda infantil y bebés, Moda infantil; Diseños cómodos; Atención familiar";0;3;3;;;
14655;ia_200;Per Se Bistró - Andrés Madrigal;Madrid;Restaurantes;Española / Creativa, Platos de autor, Gourmet, Degustación;0;3;3;;;
17230;ia_3050;Perfumería Arabian Oud;Madrid;Compras;"Perfumerías y cosmética, Perfumería oriental; Fragancias de lujo; Experiencia exclusiva";0;3;3;;;
17240;ia_3060;Perfumería Arabian Oud;Madrid;Compras;"Perfumerías y cosmética, Perfumería oriental; Fragancias de lujo; Experiencia exclusiva";0;3;3;;;
17206;ia_3026;Perfumería Madrid Paris;Madrid;Compras;"Perfumerías y cosmética, Perfumería de lujo; Fragancias exclusivas; Atención personalizada";0;3;3;;;
17211;ia_3031;Perfumería Rosi;Madrid;Compras;"Perfumerías y cosmética, Perfumería selecta; Amplia variedad; Atención cercana";0;3;3;;;
17231;ia_3051;Perfums Intense - Baccara dLuxe;Madrid;Compras;"Perfumerías y cosmética, Perfumería selecta; Fragancias nicho; Atención experta";0;3;3;;;
17241;ia_3061;Perfums Intense - Baccara dLuxe;Madrid;Compras;"Perfumerías y cosmética, Perfumería selecta; Fragancias nicho; Atención experta";0;3;3;;;
15083;ia_667;Perla del Pacifico - Ascao;Madrid;Restaurantes;Internacional, Ceviche | Mariscos | Pescados;0;3;3;;;
15265;ia_850;Perla Ecuatoriana;Madrid;Restaurantes;Española, Ceviche, Encebollado, Seco de pollo;0;3;3;;;
549;perra_chica;Perra Chica;Madrid;Restaurantes;Trendy, Español, Restaurant & Shop, Restaurant & Club;0;4;4;15317;15318;15319,15320,15321
15102;ia_686;Perrachica;Madrid;Restaurantes;Mediterranea, Desayunos y Brunch;0;3;3;74609;74605;74606,74607,74608
5255;perrachica;Perrachica;Madrid;Restaurantes;Trendy, Mediterranea, Hamburguesa, Restaurantes;0;3;3;;;47477,47478,47479,47480,47481,47482,47483,47484,47485,47486
17468;ia_3289;Perrelet;Madrid;Compras;"Joyería y relojería de lujo, Relojes automáticos; Innovación técnica; Tradición suiza";0;3;3;;;
15176;ia_760;PerretxiCo Chueca;Madrid;Restaurantes;Internacional, Pinchos & Montaditos | Croquetas;0;3;3;;;
4743;peseta_;peSeta ;Madrid;Compras;Tiendas;0;3;3;;;
16790;ia_2545;Pestana CR7 Gran Via;Madrid;Alojamiento;Rooftop, piscina, restaurante, gimnasio, Lifestyle Hotel;0;3;3;;;
16784;ia_2539;Petit Palace Alcala;Madrid;Alojamiento;Boutique Hotel, Bicicletas, desayuno buffet, Wi‑Fi;0;3;3;;;
16750;ia_2505;Petit Palace Arenal;Madrid;Alojamiento;Boutique Hotel, Bicicletas, desayuno buffet, Wi‑Fi;0;3;3;;;
414;petit_palace_art_gallery_4;Petit Palace Art Gallery 4*;Madrid;Alojamiento;Hoteles;0;4;4;14529;14530;14531,14532,14533,14534
16737;ia_2492;Petit Palace Arturo Soria;Madrid;Alojamiento;Family Hotel, Desayuno buffet, bicicletas, pet friendly;0;3;3;;;
102;petit_palace_ducal_chueca_3;Petit Palace Ducal Chueca 3*;Madrid;Alojamiento;Hoteles;0;4;4;17257;17258;17259,17260,17261
415;petit_palace_embassy_serrano_4;Petit Palace Embassy Serrano 4*;Madrid;Alojamiento;Hoteles;0;4;4;16810;16811;16812,16814,16815,16816
93;petit_palace_lealtad_plaza_4;Petit Palace Lealtad Plaza 4*;Madrid;Alojamiento;Hoteles;0;4;4;16409;16410;16412,16413,16414,16415
1893;petit_palace_plaza;Petit Palace Plaza;Málaga;Alojamiento;Hoteles, Terraza, Wifi, Restaurante, Bar;0;1;3;19706;19705;19703,19704
16751;ia_2506;Petit Palace Plaza España;Madrid;Alojamiento;Boutique Hotel, Bicicletas, desayuno buffet, Wi‑Fi;0;3;3;;;
16775;ia_2531;Petit Palace Plaza Mayor;Madrid;Alojamiento;Boutique Hotel, Bicicletas, desayuno buffet, Wi‑Fi;0;3;3;;;
16787;ia_2542;Petit Palace Posada del Peine;Madrid;Alojamiento;Boutique Hotel, Bicicletas, desayuno buffet, Wi‑Fi;0;3;3;;;
16765;ia_2520;Petit Palace Preciados;Madrid;Alojamiento;Boutique Hotel, Bicicletas, desayuno buffet, Wi‑Fi;0;3;3;;;
16754;ia_2509;Petit Palace Puerta del Sol;Madrid;Alojamiento;Boutique Hotel, Bicicletas, desayuno buffet, Wi‑Fi;0;3;3;;;
16821;ia_2574;Petit Palace Santa Bárbara;Madrid;Alojamiento;Hotel Boutique, Bicicletas gratis y pet friendly;0;3;3;;;
416;petit_palace_santa_barbara_4*;Petit Palace Santa Barbara 4*;Madrid;Alojamiento;Hoteles;1;4;4;14567;14568;14569,14570,14571,14572,14573,14574,14575,14576
15860;ia_1454;Petit Palace Savoy Alfonso XII;Madrid;Restaurantes;Mediterranea, Tapas, Platos Mediterráneos;0;3;3;;;
92;petit_palace_savoy_alfonso_xvii_4;Petit Palace Savoy Alfonso XVII 4*;Madrid;Alojamiento;Hoteles;0;4;4;17468;17469;17470,17471,17472,17473,17474,17475
16743;ia_2498;Petit Palace Tres Cruces Spain;Madrid;Alojamiento;Boutique Hotel, Bicicletas gratis, desayuno buffet, Wi‑Fi;0;3;3;;;
180;peyote_san;Peyote San;Madrid;Fiesta, Restaurantes;Bares de copas, Trendy, Restaurantes, Restaurant & Club;0;4;4;16060;16061;16062
16492;ia_2176;Pez Tortilla;Madrid;Restaurantes;Española / De tapas, Bar de tapas / Gastrobar;0;4;4;;;
4111;pez_tortilla_madrid;Pez Tortilla Madrid;Madrid;Restaurantes;Tradicionales, Español, Restaurantes;0;4;4;35647;35648;34101,34102,34104,34106,34108,34110,35646
15737;ia_1331;Phoenix;Madrid;Restaurantes;Internacional, Tapas, Platos internacionales;0;3;3;;;
1513;photoespana_2019;PHotoESPAÑA 2019;Madrid;Ocio y eventos;Exposiciones, Fotografía, Cultura, Ocio;1;4;1;13274;13278;13272,13273,13275,13276,13277
18856;ia_5181;Photographic tour of Madrid with a professional photographer;Madrid;Experiencias Unicas;Cata/Maridaje de vino / Bodega;0;1;1;;;
19093;ia_5449;Photographic tour of Madrid with a professional photographer;Madrid;Experiencias Unicas;Taller/Sesión de fotografía;0;1;1;;;
18857;ia_5182;Photoshoot in Madrid;Madrid;Experiencias Unicas;Clase de cocina / Taller culinario;0;1;1;;;
19094;ia_5450;Photoshoot in Madrid;Madrid;Experiencias Unicas;Taller/Sesión de fotografía;0;1;1;;;
17139;ia_2959;Piaget;Madrid;Compras;"Joyería y relojería de lujo, Alta relojería; Joyas exclusivas; Innovación suiza";0;3;3;;;
17377;ia_3198;Piaget;Madrid;Compras;"Joyería y relojería de lujo, Alta relojería; Joyas exclusivas; Innovación suiza";0;3;3;;;
17531;ia_3352;Piaget Watches;Madrid;Compras;"Joyería y relojería de lujo, Alta relojería; Alta joyería; Diseño suizo de lujo";0;3;3;;;
15206;ia_791;Piantao Chamberí;Madrid;Restaurantes;Argentino, Parrillada/BBQ;0;3;3;;;
16009;ia_1626;Piantao Legazpi | Parrilla Gastronómica;Madrid;Restaurantes;"Argentino, Carnes; Empanadas; Vinos";0;3;3;;;
5222;picalagartos;Picalagartos;Madrid;Fiesta;Bares de copas;1;4;4;47190;47185;47186,47187,47188,47189,47192,47193,47194
15888;picalagartos_sky_bar_y_restaurant;Picalagartos Sky Bar & Restaurant;Madrid;Restaurantes;Mediterranea, Platos mediterráneos, Tapas;0;4;4;;;74094,74095,74096,74097,74098,74099
14859;ia_435;Picanhas, Tapas y Cañas;Madrid;Restaurantes;Brasileña, Española, Picanha, Tapas;0;3;3;;;
5779;picasso_museum_;Picasso Museum ;Málaga;Qué ver;Escapadas;0;4;4;49461;49464;49462,49463,49468
15966;ia_1583;Piccola Trattoria, Madrid;Madrid;Restaurantes;"Italiana, Pasta; Pizza; Tiramisú";0;3;3;;;
734;pichi_picha;Pichí Pichá;Madrid;Compras;Marcas y Productos Locales;0;4;4;16527;16528;
1389;picnic_bar;Picnic Bar;Madrid;Fiesta, Restaurantes;Bares de copas, Salas de concierto, Trendy, Restaurant & Club;0;4;3;15807;15808;15809,15810,15811,15812,15813,15815
18858;ia_5183;Picnic de tapas español gourmet en el Parque del Retiro (Privado);Madrid;Experiencias Unicas;Excursión de día (Day trip) · Privado;0;1;1;;;
19095;ia_5451;Picnic de tapas español gourmet en el Parque del Retiro (Privado);Madrid;Experiencias Unicas;Excursión de día (Day trip);0;1;1;;;
1286;pico_duarte;Pico Duarte;Punta Cana;Qué ver;Escapadas;0;4;4;17860;17861;17862
17500;ia_3321;Pierre Balmain;Madrid;Compras;"Joyerías y relojerías, Relojes de moda; Estilo francés; Producción suiza";0;3;3;;;
17317;ia_3138;Pikolinos;Madrid;Compras;"Calzado y zapatillas, Calzado artesanal; Producción sostenible; Tienda online oficial";0;3;3;;;
1020;pil_pil_hostel_madrid;Pil Pil Hostel Madrid;Madrid;Alojamiento;Low cost;0;4;4;17227;17228;17229,17230
18484;ia_5677;Pilar Redolat;Madrid;Wellness;Consultoría de imagen;0;1;1;;;
18494;ia_5687;Pilates Studio Aravaca;Madrid;Wellness;Estudio de pilates;0;1;1;;;
15721;ia_1315;Pimiento Verde Castelló;Madrid;Restaurantes;Española, Tapas, Cocina tradicional;0;3;3;;;
14599;ia_136;PINK MONKEY;Madrid;Restaurantes;Asiática / Mediterránea, Sushi, Dim Sum, Platos de Fusión;0;3;3;;;
16543;ia_2250;Pinks Madrid (Chueca);Madrid;Restaurantes;Internacional / Fusión, Brunch / All-day dining;0;3;3;;;
15605;ia_1196;Pinocchio Retiro;Madrid;Restaurantes;Italiana, Pizza / Pasta / Risotto;0;3;3;;;
16592;ia_2313;Pinsa Pizza;Madrid;Restaurantes;Pizzería, Italiana / Romana;0;3;3;;;
15183;ia_768;Pinsa Pizza María de Molina;Madrid;Restaurantes;Internacional, Pizza (Pinsa);0;3;3;;;
6101;pinsapo_sound;Pinsapo Sound;Ronda;Ocio y eventos;Eventos;0;4;4;50332;50331;50333,50334,50363
17090;ia_2911;Pinturas y Decoración Sáiz;Madrid;Compras;"Pinturas y revestimientos, Pinturas profesionales; Asesoría en color; Revestimientos decorativos";0;3;3;;;
5098;pinza't;Pinza't;Barcelona;Compras;Tiendas;0;3;3;45817;45827;45814,45815,45816,45818,45819,45820,45821,45822,45823,45826
5121;pinzat_;Pinzat ;Barcelona;Compras;Tiendas, Marcas y Productos Locales;0;4;4;46043;46042;46041,46044,46045,46046,46047,46048,46049,46050
15733;ia_1327;Pinzelada - Bless Hotel Madrid;Madrid;Restaurantes;Internacional, Cocina mediterránea, Platos internacionales;0;3;3;;;
14863;ia_439;Piotta Romana;Madrid;Restaurantes;Italiana, Pinsa romana, Pastas;0;3;3;;;
383;pipa_y_co;Pipa & Co;Madrid;Restaurantes;Trendy, Mediterranea, Restaurantes;0;4;4;14447;14448;14449,14450,14451,14452
770;piqueres_y_rooy;Piqueres & Rooy;Madrid;Compras;Marcas y Productos Locales;0;4;4;17209;17210;
3468;piragüismo_;Piragüismo ;Ronda;Experiencias y Actividades;Actividades Deportivas;0;4;4;22489;22490;
681;piragüismo_en_madrid;Piragüismo en Madrid;Madrid;Ocio y eventos;Experiencias y actividades;0;4;4;17450;;17448,17449
15237;ia_822;Pirekas Mexican Food;Madrid;Restaurantes;Mexicana, Tacos, Burritos, Quesadillas;0;3;3;;;
15832;ia_1426;PIRI PIRI FRANGO AL CARBÓN;Madrid;Restaurantes;Portuguesa, Pollo al carbón, Cocina portuguesa;0;3;3;;;
15467;ia_1053;PIRI PIRI FRANGO CARBÓN Chueca (M);Madrid;Restaurantes;"Portuguesa, Pollo a la brasa; Parrilla; Pastéis de nata";0;3;3;;;
14992;ia_576;PIRI PIRI FRANGO CARBÓN Prosperidad;Madrid;Restaurantes;Portuguesa, Parrillada/BBQ;0;3;3;;;
15572;ia_1162;Piri Piri Prosperidad;Madrid;Restaurantes;Portuguesa / Africana, Parrilla / Cocina africana;0;3;3;;;
17312;ia_3133;Pisamonas;Madrid;Compras;"Calzado y zapatillas, Calzado infantil; Tienda online; Devoluciones gratuitas";0;3;3;;;
18623;ia_5826;Piscina Climatizada;Madrid;Deportes;Natación;0;1;1;73290;73293;
18567;ia_5770;Piscina UAM;Madrid;Deportes;Natación;0;1;1;;;
18572;ia_5775;Piscina Universidad Autónoma;Madrid;Deportes;Natación;0;1;1;73289;73286;
18621;ia_5824;Piscinas Ferromar;Madrid;Deportes;Natación;0;1;1;73285;73284;
18569;ia_5772;Piscinas Universidad Complutense;Madrid;Deportes;Natación;0;1;1;;;
5782;pisco_mar_;Pisco Mar ;Madrid;Restaurantes;Top, Trendy, Con terraza;0;4;3;49507;49509;49506,49508,49510
15198;ia_783;Piscomar By Jhosef Arias;Madrid;Restaurantes;Peruana, Ceviches | Tiraditos | Arroces;0;3;3;;;
16031;ia_1648;PISCOMAR Cebichería by Jhosef Arias;Madrid;Restaurantes;"Peruana, Ceviche; Tiraditos; Pisco";0;3;3;;;
18652;ia_5855;Pista deportiva de Conde Duque;Madrid;Deportes;Multideporte;0;1;1;73282;73281;
16520;ia_2210;Pita Madrid;Madrid;Restaurantes;Street Food, Mediterránea / Oriente Medio;0;3;3;;;
15413;ia_998;Piú di Prima;Madrid;Restaurantes;Italiana, Pasta, Pizzas, Vinos;0;3;3;;;
15161;ia_745;Pizza Vitto Pacífico;Madrid;Restaurantes;Internacional, Pizza | Pasta | Lasagna;0;3;3;;;
14631;ia_173;Pizzart Luchana;Madrid;Restaurantes;Italiana, Mediterránea, Pizzas artesanas, Ensaladas, Postres italianos;0;3;3;;;
15581;ia_1172;Pizzavitto Pirámides;Madrid;Restaurantes;Italiana, Pizzería / Pasta;0;3;3;;;
16495;ia_2179;Pizzería 22;Madrid;Restaurantes;Italiana, Pizzería napolitana;0;3;3;;;
16439;ia_2103;Pizzería con show acrobático;Madrid;Restaurantes;Pizza, Italiana;0;3;3;;;
16572;ia_2287;Pizzería Napoleone;Madrid;Restaurantes;Italiana, Pizzería napolitana;0;3;3;;;
3573;pizzeria_piccola;Pizzeria Piccola;Aranjuez;Restaurantes;Top, Trendy, Español, Italiano, Restaurantes;0;3;3;;;
15177;pizzeria_planta_9_cr7;Pizzeria Planta 9 CR7;Madrid;Restaurantes;Pizza, Internacional;0;4;4;74716;74714;74715,74717,74718
15656;ia_1250;Pizzeria Trattoria Romolo;Madrid;Restaurantes;Italiana, Pizza, Pasta;0;3;3;;;
4460;pizzeria_vesuvio_madrid;Pizzeria Vesuvio madrid;Madrid;Restaurantes;Tradicionales, Italiano, Restaurantes;0;4;4;40404;40439;40405,40406,40407,40408,40409,40410,40411,40413
16604;ia_2326;Planet Club;Madrid;Nightlife;Club electrónico;0;3;3;;;
17990;ia_3958;Planetario Centro Astronómico Interactivo en Peñíscola;Madrid;Arte y Cultura;Museo de historia, Museo del Arte Minimalista, escultura, pintura;0;3;3;;;
15638;ia_1232;Planta 9 CR7 - Sports Bar & Rooftop Bar;Madrid;Restaurantes;Internacional / De autor, Pescados / Carnes / Vegetarianos;0;4;4;;;
3949;planta_restaurante_;Planta Restaurante ;Aranjuez;Restaurantes;Trendy;0;4;4;28607;28610;28608,28609,28611,28612,28613,28614,28615,28616
5262;plastihistoria_de_la_humanidad;Plastihistoria de la humanidad;Madrid;Qué ver, Ocio y eventos;Exposiciones, Otro;1;4;4;47523;47522;47521,47524
4843;platanomelon_;Platanomelón ;Barcelona;;;1;3;3;;44288;
5032;platanomelon;platanomelón;Madrid;Compras;Tiendas;0;3;3;;;45004,45005,45006,45007,45008,45009,45010,45011,45012,45013
5072;platanomelon_barcelona_;Platanomelón Barcelona ;Barcelona;Compras;Tiendas, Accesorios;0;3;3;45674;45687;45571,45572,45573,45574,45575,45576,45581,45582
200;platea_madrid_;Platea Madrid ;Madrid;Restaurantes;Tradicionales, Restaurantes, Restaurant & Club;1;4;4;16281;16282;16283,16284
1253;playa_blanca_-_restaurante;Playa Blanca - Restaurante;Punta Cana;Restaurantes;Comida Regional, Especialista en carne, Especialista en mariscos;0;4;4;16434;16435;16436,16437,16438,16439,16440,16441
3799;playa_blanca_punta_cana;Playa Blanca Punta Cana;Punta Cana;Qué ver;Cool Places;0;4;4;24826;24828;24825,24827,24829,24831,24832,24833,24834
3457;playa_blanca_restaurant;Playa Blanca Restaurant;Punta Cana;Restaurantes;Trendy;0;4;4;22416;22417;22415,22418,22419,22420,22421,22422,22423,22424
3066;playa_campo_de_golf_san_julian;Playa Campo de Golf San Julián;Málaga;Qué ver;Escapadas, Playas;0;1;3;20216;20222;20214,20215,20217,20218,20219,20220,20221,20223
3800;playa_costa_esmeralda;Playa Costa Esmeralda;Punta Cana;Qué ver;Cool Places;0;4;4;24842;24837;24835,24836,24838,24839,24840,24841,24843,24844
5870;playa_d'en_bossa_market;Playa d'en Bossa Market;Ibiza;Compras;Mercados;0;4;3;49671;49672;49673,49674,49675,49676
1852;playa_de_la_malagueta;Playa de La Malagueta;Málaga;Fiesta, Qué ver;Zonas de fiesta, Playas;0;1;3;19522;19523;19524,19525
1848;playa_de_la_misericordia;Playa de la Misericordia;Málaga;Qué ver;;0;4;3;;;
1849;playa_de_la_misericorida;Playa de la Misericorida;Málaga;Qué ver;;0;4;4;19510;19513;19511,19512
18409;ia_4519;Playa de Madrid Río;Madrid;Naturaleza;Ribera del río Manzanares, Juegos acuáticos, ocio familiar, Excursión a Madrid Río La Playa De Madrid;1;1;1;;;
1853;playa_de_pedregalejo;Playa de Pedregalejo;Málaga;Qué ver;Playas;0;4;4;19533;19530;19531,19532
3599;playa_de_sant_miquel;Playa de Sant Miquel;Barcelona;Qué ver;Escapadas;0;4;4;23280;23281;23279,27064,27065,27066
18432;playa_del_alberche;Playa del Alberche;Madrid;Naturaleza;Excursión a Verano, Río, arena, bosque de ribera, Picnic, baño, fotografía;0;4;4;;;
3151;playa_el_candado;Playa El Candado;Málaga;Qué ver;Escapadas, Playas;0;4;4;20777;20778;20773,20774,20775,20776,20779,20780,20781,20782
2595;playa_el_dedo;Playa El Dedo;Málaga;Qué ver;Playas;0;4;4;19887;19886;19888,19889
1854;playa_el_palo;Playa El Palo;Málaga;Qué ver;Playas;0;4;4;19538;19541;19539,19540
1855;playa_fabrica_de_cemento;Playa Fábrica de Cemento;Málaga;Qué ver;Playas;0;4;4;19547;19545;19546
3798;playa_juanillo;Playa Juanillo;Punta Cana;Qué ver;Cool Places;0;4;4;24815;24819;24816,24817,24818,24820,24821,24822,24823,24824
4215;playa_la_caleta;Playa La Caleta;Málaga;Qué ver;Playas;0;4;4;35840;35842;35839,35843,35844,35845,35846
3055;playa_la_malagueta;Playa La Malagueta;Málaga;Qué ver;Escapadas, Playas;0;1;3;20179;20178;20180,20181,20182
3046;playa_la_misericordia;Playa La Misericordia;Málaga;Qué ver;Playas;0;4;4;20159;20167;20158,20160,20161,20162,20163,20164,20165,20166
3587;playa_los_banos_del_carmen;Playa Los Baños del Carmen;Málaga;Qué ver;Playas;0;4;4;23243;23245;23241,23242,23244,23246,23247,23248,23249,23250
3057;playa_pedragalejo_de_acacias;Playa Pedragalejo de Acacias;Málaga;Qué ver;Playas;0;4;4;20184;20183;20185,20186,20187,20188
1856;playa_penon_del_cuervo;Playa peñón del Cuervo;Málaga;Qué ver;Playas;0;4;4;19558;19557;19559
3936;playa_turquesa_ocean_club;Playa Turquesa Ocean Club;Punta Cana;Alojamiento;Low cost;0;4;4;28465;28462;28461,28463,28464,28466,28467,28468,28469,28470
599;playground_;Playground ;Madrid;Compras;Tiendas;0;4;4;17372;17373;17374,17375,17377
15114;ia_698;Playing Solo;Madrid;Restaurantes;Japonesa, Gourmet;0;3;3;;;
5272;plaza_de_cataluna;Plaza de Cataluña;Barcelona;Ocio y eventos;Experiencias y actividades, Cultura, Ocio, Otro;0;4;4;47592;47589;47590,47591,47593,47594,47595,47596,47597,47598
61;plaza_de_cibeles;Plaza de Cibeles;Madrid;Qué ver;Plazas y monumentos;0;4;4;15027;15028;15029,15033
640;plaza_de_colon;Plaza de Colón;Madrid;Qué ver;Plazas y monumentos;0;4;4;16583;16584;16585,16587,16588
64;plaza_de_espana;Plaza de España;Madrid;Qué ver;Plazas y monumentos;0;4;4;16091;;16093,16096
3279;plaza_de_espana_o_de_la_hispanidad;Plaza de España o de la Hispanidad;Santo Domingo;Restaurantes, Qué ver, Ocio y eventos;Top, Trendy, Museos, Parques, Cool Places, Experiencias y actividades, Exposiciones y Espectaculos;0;4;4;21455;21457;21450,21451,21452,21453,21454,21456,21458,21459
3576;plaza_de_la_bandera_republica_dominicana;Plaza de la Bandera República Dominicana;Santo Domingo;Qué ver;Museos, Parques;0;4;4;23202;23205;23201,23203,23207,23208,23209,23210
1842;plaza_de_la_constitucion;Plaza de la Constitución;Málaga;Qué ver;Plazas y monumentos;0;1;3;19441;19440;19442,19443
60;plaza_de_la_villa;Plaza de la Villa;Madrid;Qué ver;Plazas y monumentos;0;4;4;15754;15753;15752
3249;plaza_de_maria_auxiliadora;Plaza de Maria Auxiliadora;Ronda;Qué ver;Arquitectura: plazas y monumentos;1;1;4;21342;21343;21341,25789
56;plaza_de_oriente_;Plaza de Oriente ;Madrid;Qué ver;Plazas y monumentos;0;4;4;17204;17205;17206,17207,17208
4082;plaza_de_toros_aranjuez;Plaza de Toros Aranjuez;Aranjuez;Qué ver;Arquitectura: museos, plazas y monumentos;0;4;4;49284;49271;33645,33650,33653,49272,49273,49274,49275,49276,49277,49278,49279,49280,49281,49282,49283
3196;plaza_de_toros_de_la_real_maestranza_de_caballeria_de_ronda;Plaza de toros de la Real Maestranza de Caballería de Ronda;Málaga;Qué ver;Plazas y monumentos;0;3;3;20980;20978;20979,20981,20982,20983,20984,20985,20986,20987
65;plaza_de_toros_de_las_ventas;Plaza de Toros de Las Ventas;Madrid;Qué ver;Plazas y monumentos;0;4;4;47664;16027;16026,16028,16029,16030,16031,16032
17991;ia_3959;Plaza de Toros y Museo de Las Ventas: Entrada + Audioguía;Madrid;Arte y Cultura;Excursión / day trip, Museo de la Energía Renovable, solar, eólica;0;3;3;;;
17992;ia_3960;Plaza de Toros y Museo de Las Ventas: Entrada + Entrada Visita Guiada Privada;Madrid;Arte y Cultura;Excursión / day trip, Museo del Arte Románico, frescos, arquitectura;0;3;3;;;
3186;plaza_de_toros_y_museos_de_real_maestranza_de_caballeria_de_ronda;Plaza de Toros y museos de Real Maestranza de Caballería de Ronda;Ronda;Qué ver;Arquitectura: plazas y monumentos;0;3;3;41025;41024;41026,41027,41073,41074,41075,41076
4084;plaza_del_ayuntamiento_de_aranjuez;Plaza del Ayuntamiento de Aranjuez;Aranjuez;Qué ver;Arquitectura: museos, plazas y monumentos;0;4;4;33710;33709;33711,33712,33713,33715,33716,33717,33718
18405;ia_4515;Plaza del Dos de Mayo;Madrid;Naturaleza;Excursión a Malasaña Con Árboles, Plaza arbolada urbana, Eventos culturales, ocio vecinal;0;1;1;;;
1840;plaza_del_obispo;Plaza del obispo;Málaga;Qué ver;Plazas y monumentos;0;4;4;19428;19427;19426
901;plaza_dos_de_mayo;Plaza Dos de Mayo;Madrid;Qué ver;Plazas y monumentos;0;4;4;15060;15061;15063,15064,15065
3200;plaza_maria_auxiliadora;Plaza Maria Auxiliadora;Ronda;Qué ver;Arquitectura: plazas y monumentos;1;4;4;37472;37473;
57;plaza_mayor;Plaza Mayor;Madrid;Qué ver;Plazas y monumentos;0;4;4;14312;14313;14314
3122;plaza_mayor_centro_comercial;Plaza Mayor Centro Comercial;Málaga;Compras;Centros comerciales, Moda, Gatronomía;0;4;4;20473;20474;20475,20476
1857;plaza_mitjana;Plaza Mitjana;Málaga;Fiesta;Zonas de fiesta;0;1;3;19561;;19560
452;plaza_norte_2;Plaza Norte 2;Madrid;Compras;Centros comerciales, Música;0;4;4;17525;17526;17527,17528,17530
650;plaza_rio_2;Plaza Rio 2;Madrid;Compras;Centros comerciales;0;4;4;14820;14821;14822,14824
17596;ia_3425;Plaza Río 2;Madrid;Compras;Centros comerciales, Restaurantes terraza, parking, eventos culturales;0;3;3;;;
1281;plaza_san_juan;Plaza San Juan;Punta Cana;Compras;Centros comerciales, Tiendas;0;4;4;15365;15366;15367,15368,15369,15370
1270;plaza_san_lorenzo_ruiz;Plaza San Lorenzo Ruiz;Filipinas;Qué ver;Plazas y monumentos;0;1;3;16820;16821;
739;plaza_santa_ana;Plaza Santa Ana;Madrid;Qué ver;Plazas y monumentos;0;4;3;16589;16590;
1858;plaza_uncibay;Plaza Uncibay;Málaga;Fiesta;Zonas de fiesta;0;1;3;19566;;19565,19567
14880;ia_457;Pleamar - Hotel Agumar;Madrid;Restaurantes;Mediterránea, Española, Mariscos, Pescados, Arroces;0;3;3;;;
462;plenilunio;Plenilunio;Madrid;Compras;Centros comerciales;0;4;4;17476;17477;17478
3995;poble_sec;Poble Sec;Barcelona;Qué ver;Barrios;0;4;4;29375;29379;29373,29374,29376,29377,29380,29381
15028;ia_612;Poké Friendly - Understreet Market;Madrid;Restaurantes;Caribeña;0;3;3;;;
15494;ia_1081;Poké Friendly Mcdo. Santa Maria;Madrid;Restaurantes;Hawaiana, Poké / Fast casual;0;3;3;;;
5046;poke_si;Poke si;Barcelona;Restaurantes;Especial Delivery;1;1;3;;;45497,45498,45499,45500,45501,45502,45503,45504,45505,45506
5054;poke_si_;Poke sí ;Barcelona;Restaurantes;Trendy, Fusión, Restaurantes;0;3;3;45514;45512;45507,45508,45509,45510,45511,45513,45515,45540
4498;pokiddo_park;Pokiddo Park;Madrid;Ocio y eventos;Experiencias y actividades;1;3;3;;;
1618;polaris_macao_vip_ride_;Polaris Macao VIP Ride ;Punta Cana;;;1;3;3;;;
1620;polaris_macao_vip_ride;Polaris Macao VIP Ride;Punta Cana;Qué ver;;1;3;3;;;
1622;polaris_macao_vip-ride;POLARIS MACAO VIP-RIDE;Punta Cana;Ocio y eventos;Experiencias y actividades;0;4;4;18493;18492;18494
1654;polaris_macao_vip-ride_;POLARIS MACAO VIP-RIDE ;Punta Cana;Ocio y eventos;Experiencias y actividades;1;1;3;;;
18586;ia_5789;Polideportivo Municipal Casa de Campo;Madrid;Deportes;Multideporte;0;1;1;73279;73277;
15766;ia_1360;Polo;Madrid;Restaurantes;Española, Carnes, Parrilla;0;3;3;;;
5264;polvora;Pólvora;Madrid;Restaurantes;Top, Tradicionales, Español, Fusión, Restaurantes;0;3;3;47535;47536;47537,47538
17369;ia_3190;Pomellato;Madrid;Compras;"Joyería y relojería de lujo, Joyería italiana; Diseños coloridos; Estilo contemporáneo";0;3;3;;;
17540;ia_3361;Pomellato Watches;Madrid;Compras;"Joyería y relojería de lujo, Joyas italianas; Diseño contemporáneo; Relojes exclusivos";0;3;3;;;
5862;pomona_;Pomona ;Ibiza;Restaurantes;Trendy, Comida Regional, Mediterranea, Restaurantes, Café y té;0;3;3;49644;;49645,49646
557;poncelet_punto_selecto_quesos;Poncelet Punto Selecto Quesos;Madrid;Compras;Tiendas;0;4;4;15085;15086;15087,15089
17351;ia_3172;Pons Quintana;Madrid;Compras;"Calzado y zapatillas, Calzado artesanal; Estilo mediterráneo; Producción menorquina";0;3;3;;;
177;ponzano;Ponzano;Madrid;Fiesta, Qué ver;Zonas de fiesta, Barrios;0;4;4;15783;15784;15785,15786,15787
15026;ia_610;Ponzano Restaurante Coctelería;Madrid;Restaurantes;Argentino;0;3;3;;;
3297;pool_garden_residences;Pool Garden Residences;Punta Cana;Alojamiento;Apartamentos;0;4;4;21543;21542;21544,21545
19237;ia_5608;Pop-up Café Comercial × Ikigai Velázquez;Madrid;Experiencias Unicas;Tour/experiencia (general);0;1;1;;;
19251;ia_5627;Pop-up Harper & Bone x The Only Fresh;Madrid;Experiencias Unicas;Tour/experiencia (general);0;1;1;;;
14848;ia_422;PopArt Tapas Bar;Madrid;Restaurantes;Española, Comida Fusión, Tapas creativas, Cócteles;0;3;3;;;
4842;popland;Popland;Madrid;Compras;Tiendas, Marcas y Productos Locales, Para ti;0;4;4;44155;44153;44154,44156,44157,44158,44159,44160,44161,44162
16689;ia_2444;Porcel Avant;Madrid;Alojamiento;Hoteles, Piscina, gimnasio, restaurante;0;3;3;;;
16732;ia_2487;Porcel Ganivet;Madrid;Alojamiento;City Hotel, Piscina, restaurante, parking;0;3;3;;;
16705;ia_2460;Porcel Torre Garden;Madrid;Alojamiento;Business Hotel, Restaurante, Wi‑Fi;0;3;3;;;
3681;port_aventura_park_barcelona;Port Aventura Park Barcelona;Barcelona;Ocio y eventos;Parques Temáticos;0;4;4;23743;23747;23742,23744,23745,23746,23748,23749,23750,23751
5853;port_de_sant_antoni_de_portmany;Port de Sant Antoni de Portmany;Ibiza;Compras;Centros comerciales, Tiendas;0;4;4;49612;50019;49613,49614,49615,49616,49617,50020
3129;port_royal;Port Royal;Málaga;Ocio y eventos;Experiencias y actividades, Más de 18;1;4;3;;;20542,20543,20544,20545,20546,20547,20548,20549,20550,20551
3149;port_royal_malaga;Port Royal Málaga;Málaga;Fiesta;Bares de copas;0;1;3;20754;20760;20753,20756,20757,20759,20761
16005;ia_1622;Portomarín;Madrid;Restaurantes;"Gallega, Pulpo; Mariscos; Carnes";0;3;3;;;
15214;ia_799;Portonovo;Madrid;Restaurantes;Portuguesa, Mariscos, Pescados;0;3;3;;;
5323;posada_de_la_costurera;Posada de la Costurera;Aranjuez;Alojamiento;Hoteles, Wifi;0;3;3;;;47986,47987,47988,47989,47990,47991,47992,47993,47994,47995
73;posada_del_dragon_4;Posada del Dragón 4*;Madrid;Alojamiento;Hoteles;0;4;4;15374;15375;15376,15377
14725;ia_275;Posada del León de Oro;Madrid;Restaurantes;Española, Madrileña, Cocido, Tapas;0;3;3;;;
417;posada_del_leon_de_oro_4;Posada del León de Oro 4*;Madrid;Alojamiento;Hoteles;0;4;4;16501;16502;16503,16504,16505
16596;ia_2318;Posh Club;Madrid;Nightlife;Discoteca / Club urbano;0;3;3;;;
18585;ia_5788;PotteryGym;Madrid;Deportes;Fitness / Entrenamiento funcional;0;1;1;73273;73274;
17527;ia_3348;Prada Watches;Madrid;Compras;"Joyería y relojería de lujo, Diseño italiano; Moda de lujo; Estilo contemporáneo";0;3;3;;;
17993;ia_3962;Prado, Reina Sofía y Thyssen: Abono Paseo del Arte;Madrid;Arte y Cultura;Museo de arte moderno / contemporáneo, Museo de Ciencias Químicas, experimentos, laboratorios;0;3;3;;;
15429;ia_1014;Preciados 33;Madrid;Restaurantes;Española, Tapas, Carnes, Guisos;0;3;3;;;
15459;ia_1044;Preity Raj 2;Madrid;Restaurantes;"India, Curries; Arroces; Tandoor";0;3;3;;;
15290;ia_875;Prema;Madrid;Restaurantes;India, Platos mediterráneos, Vegetarianos;0;3;3;;;
5770;premiere_boat_party_;Premiere Boat Party ;Málaga;Fiesta;Zonas de fiesta;0;4;4;49460;;49465
4103;presa_del_embocador_aranjuez;Presa del Embocador Aranjuez;Aranjuez;Qué ver;Escapadas;0;4;4;33941;33933;33934,33936,33937,33942
5522;presentacion_y_cata_del_vino_nebris_y_conciertos_de_sinmas_y_miguelcheli;Presentación y cata del Vino Nebris y Conciertos de Sinmás y Miguelcheli;Ronda;Fiesta, Ocio y eventos, Experiencias y Actividades;Cultura, Flamenco y Conciertos, Bodegas y Vinos de Ronda;0;3;3;48673;48674;48672
791;presillas_de_rascafria;Presillas de Rascafría;Madrid;Ocio y eventos;Experiencias y actividades;0;4;4;16922;16923;
17340;ia_3161;Pretty Ballerinas;Madrid;Compras;"Calzado y zapatillas, Calzado femenino; Diseños exclusivos; Tienda flagship";0;3;3;;;
17353;ia_3174;Pretty Loafers;Madrid;Compras;"Calzado y zapatillas, Zapatos femeninos; Estilo contemporáneo; Diseños exclusivos";0;3;3;;;
17994;ia_3963;Pride Side (LGBTQ) de Madrid en un tour privado con un local;Madrid;Arte y Cultura;Museo de historia, Museo del Arte Impresionista, Monet, Renoir;0;3;3;;;
14884;ia_461;Primadonna;Madrid;Restaurantes;Italiana, Pastas, Pizzas;0;3;3;;;
3588;primavera_sound;Primavera Sound;Barcelona;Fiesta, Ocio y eventos;Festivales;0;4;4;23254;23255;23251,23252,23253,23256,23257
17995;ia_3964;Privado: Museo del Prado y Palacio Real opcional;Madrid;Arte y Cultura;Museo de arte clásico / pinacoteca, Museo de la Robótica, autómatas, inteligencia artificial;0;3;3;;;
5872;privilege_;Privilege ;Ibiza;Fiesta;Zonas de fiesta;0;3;3;49683;;49684
5900;privilege;Privilege;Ibiza;Fiesta;Discotecas, Festivales, Fiesta de barrios;1;4;3;;;
5630;prok;Prok;Málaga;Ocio y eventos;Conciertos;0;1;3;49229;49228;
15080;propaganda_12;PROPAGANDA 12;Madrid;Restaurantes;Mediterranea, Embutidos;0;4;4;74666;;74667,74668
16563;ia_2276;Prosecco Santa Fe;Madrid;Restaurantes;Italiana, Restaurante / Prosecco Bar;0;3;3;;;
1414;pruebaaa;Pruebaaa;Madrid;Alojamiento;Hoteles;1;3;3;;;
6124;pruebaborrarahora;pruebaborrarahora;Málaga;Ocio y eventos;Conciertos;0;1;3;;;
3242;pub_baco_ronda;Pub Baco Ronda;Ronda;Fiesta;Bares de copas y Discotecas;1;3;3;21135;21137;21136,21138,21139
3256;pub_dulcinea;Pub Dulcinea;Ronda;Fiesta;Bares de copas y Discotecas;1;1;4;21264;21262;21261,21263,21265,21266,21267,21268,21269,21270
3207;pub_nevada_ronda;Pub Nevada Ronda;Ronda;Fiesta;Bares de copas y Discotecas;1;4;4;21063;21065;21064,21066,21067,21068,21069,21070,21071,21072
16643;ia_2365;Pub Ritual;Madrid;Nightlife;Rock bar;0;3;3;;;
16629;ia_2351;Pub-Crawl Party Area Madrid;Madrid;Nightlife;Pub Crawl / Tour nocturno;0;3;3;;;
15726;ia_1320;Public;Madrid;Restaurantes;Internacional, Platos internacionales, Tapas;0;3;3;;;
15866;ia_1460;Pucará;Madrid;Restaurantes;Peruana, Cocina peruana, Ceviches y platos tradicionales;0;3;3;;;
18265;ia_4423;Puente de Toledo;Madrid;Arte y Cultura;Excursión / day trip, Esculturas de San Isidro y Santa María;0;3;3;;;
3091;puente_nuevo_de_ronda;Puente Nuevo de Ronda;Ronda;Qué ver, Experiencias y Actividades;Arquitectura: plazas y monumentos, Monumentos Propios;0;4;4;42787;42786;20329,20330,20331,20332,20333,20334,20335,20336,20337,20338
5458;puente_viejo_de_castillo_de_lozoya_;Puente viejo de castillo de Lozoya ;Madrid;Qué ver;Plazas y monumentos;0;1;3;48529;48528;48530
5350;puenting_;Puenting ;Ronda;Experiencias y Actividades;Experiencias y Actividades;0;4;4;;;48184,48185,48186,48187,48188,48189,48190,48191,48192,48193
16764;ia_2519;Puerta America Madrid;Madrid;Alojamiento;Design Hotel, Diseño único, restaurante gourmet, bar panorámico;0;3;3;;;
18350;ia_4397;Puerta de Alcalá;Madrid;Arte y Cultura;Puerta de Alcalá (monumento), arquitectura neoclásica, esculturas de Gutiérrez y Michel, Monumento neoclásico, esculturas;0;1;1;73505;72841;
62;puerta_de_alcala;Puerta de Alcalá;Madrid;Qué ver;Plazas y monumentos;0;4;4;17928;17929;17930,17932,17933
14708;ia_257;Puerta de Atocha;Madrid;Restaurantes;Española, Mediterránea, Arroces, Paellas;0;3;3;;;
16769;ia_2525;Puerta de Toledo;Madrid;Alojamiento;Desayuno buffet, Wi‑Fi, City Hotel;0;3;3;;;
58;puerta_del_sol;Puerta del Sol;Madrid;Qué ver;Plazas y monumentos;0;4;4;17814;17815;17816,17817
282;puerto_de_navacerrada;Puerto de Navacerrada;Madrid;Ocio y eventos;Experiencias y actividades;0;4;4;17818;17819;17820,17821,17822
1649;puerto_olimpico;Puerto Olímpico;Barcelona;Fiesta;Zonas de fiesta;0;4;4;18605;18603;18602,18604,18606
18859;ia_5187;Puesta de sol en Madrid en Segway.;Madrid;Experiencias Unicas;Clase de cocina / Taller culinario;0;1;1;;;
19075;ia_5430;Puesta de sol en Madrid en Segway.;Madrid;Experiencias Unicas;Tour en bici / e-bike / segway;0;1;1;;;
17300;ia_3121;Pugil Store;Madrid;Compras;"Ropa y accesorios, Moda deportiva; Estilo pugilístico; Ropa única";0;3;3;;;
16772;ia_2528;Pullman Madrid Airport & Feria;Madrid;Alojamiento;Business Hotel, Piscina, restaurante, gimnasio;0;3;3;;;
5376;pum_pum_cafe;Pum Pum Café;Madrid;Restaurantes;Trendy, Veggie, Especial Delivery;0;4;4;48355;48352;48349,48350,48351,48354,48356
5871;punta_arabi_market;Punta Arabí Market;Ibiza;Compras;Mercados, Para ti;0;4;3;49677;49679;49678,49680,49681,49682
1301;punta_cana_resort_y_club;Punta Cana Resort & Club;Punta Cana;Alojamiento;Hoteles;0;4;4;17262;17263;17264
1290;punta_cana_village;Punta Cana Village;Punta Cana;Ocio y eventos;Mercados;0;4;4;17022;17023;17024,17025,17026,17027
3944;punta_palmera_cap_cana;Punta Palmera Cap Cana;Punta Cana;Alojamiento;Apartamentos;0;4;4;28516;28518;28514,28515,28517,28519,28520,28521,28523
1234;punto_italia;Punto Italia;Punta Cana;Restaurantes;Low cost, Italiano;0;4;4;16117;16118;16119,16120,16121
3830;punto_italia_bavaro;Punto Italia Bavaro;Punta Cana;Restaurantes;Low cost;1;1;3;;;25263,25264,25265,25266,25267,25268,25269,25270,25271,25272
15253;ia_838;Pupusería Camino del Valle España;Madrid;Restaurantes;Española, Pupusas, Platos caseros;0;3;3;;;
5906;pure_house_ibiza;Pure House Ibiza;Ibiza;Alojamiento;Hoteles, Wifi, Restaurante, Bar, Spa;0;3;3;49775;;49776,49777,49778
15296;ia_881;Purgatorio;Madrid;Restaurantes;Española, Platos creativos, Tapas modernas;0;3;3;;;
17336;ia_3157;Purificación García;Madrid;Compras;"Ropa y accesorios, Moda de lujo; Colecciones exclusivas; Complementos premium";0;3;3;;;
14632;ia_174;Puzles Madrid;Madrid;Restaurantes;Española / Internacional, Tapas, Cócteles, Ambiente nocturno;0;3;3;;;
5550;q_ball;Q Ball;Málaga;Ocio y eventos;Experiencias y actividades, Indoor, Ocio, Deporte;0;4;4;48799;48800;48801,48802
17556;ia_3377;QAVA de Quesos;Madrid;Compras;Ambiente gourmet especializado, Catas & talleres de queso;0;3;3;;;
17572;ia_3394;QAVA de Quesos;Madrid;Compras;Ambiente gourmet especializado, Catas & talleres de queso;0;3;3;;;
15274;ia_859;QORITIKA;Madrid;Restaurantes;Española, Ceviche, Ají de gallina, Tiraditos;0;3;3;;;
15298;ia_883;Qú by Mario Sandoval;Madrid;Restaurantes;Española, Platos de autor, Alta cocina;0;3;3;;;
15328;ia_913;Quadrato Pizzeria;Madrid;Restaurantes;Italiana, Pizzas artesanas, Ensaladas, Postres;0;3;3;;;
1726;quads-atv_adventure;Quads-ATV Adventure;Punta Cana;Ocio y eventos;Experiencias y actividades;0;4;4;18628;18629;18626,18627
19205;ia_5569;Quartiere La Latina;Madrid;Experiencias Unicas;Tour/experiencia (general);0;1;1;;;
16792;ia_2547;Quatro Puerta del Sol;Madrid;Alojamiento;Desayuno buffet, Wi‑Fi, City Hotel;0;3;3;;;
15565;ia_1154;Que Antojos Venezuelan Food;Madrid;Restaurantes;Venezolana, Comida callejera;0;3;3;;;
15722;ia_1316;Queen Las Tablas;Madrid;Restaurantes;Internacional, Platos internacionales, Tapas;0;3;3;;;
566;queseria_cultivo;Quesería Cultivo;Madrid;Compras;Tiendas, Gatronomía;0;4;4;17297;17298;
4018;queso_y_jamon_boutique_ronda;Queso y Jamon Boutique Ronda;Ronda;Restaurantes;Tradicionales;0;4;4;30689;30688;30690,30691,30692,30693,30694
16990;ia_2809;Quickets;Madrid;Eventos;Plataforma digital;0;3;3;;;
15890;ia_1505;QUIMBAYA by Edwin Rodríguez;Madrid;Restaurantes;Colombiana, Platos colombianos, Cocina fusión;0;3;3;;;
17279;ia_3099;Quincena del Bebé 2020 Ofertas y rebajas;Madrid;Compras;"Moda infantil y bebés, Promoción infantil; Ofertas exclusivas; Variedad de productos";0;3;3;;;
5105;quinoa_arago_vegetarià;Quinoa Aragó Vegetarià;Barcelona;Restaurantes;Veggie;0;4;4;45884;45882;45881,45883,45885,45886,45887,45888,45889,45890
15847;ia_1441;Quinta San Antonio de Velilla;Madrid;Restaurantes;Mediterranea, Cocina mediterránea, Platos frescos;0;3;3;;;
17372;ia_3193;Rabat;Madrid;Compras;"Joyería y relojería de lujo, Joyería de lujo; Servicio de personalización; Alta relojería";0;3;3;;;
15769;ia_1363;Radhuni Indian;Madrid;Restaurantes;India, Curry, Cocina india;0;3;3;;;
84;radisson_blue_hotel__madrid_prado_4;Radisson Blue Hotel, Madrid Prado 4*;Madrid;Alojamiento;Hoteles;0;4;4;15956;15957;15959,15960,15961,15962
3922;radisson_hotel_-_santo_domingo;Radisson Hotel - Santo Domingo;Santo Domingo;Alojamiento;Hoteles;0;4;4;28231;28238;28232,28233,28234,28235,28236,28237,28239,28240
16825;ia_2582;Radisson RED Madrid;Madrid;Alojamiento;Hoteles, Rooftop bar y brunch semanal;0;3;3;;;
17495;ia_3316;Rado;Madrid;Compras;"Joyerías y relojerías, Relojes de cerámica; Innovación de materiales; Diseño contemporáneo";0;3;3;;;
14732;ia_283;Rafa;Madrid;Restaurantes;Mediterránea, Española, Mariscos, Pescados;0;3;3;;;
18309;ia_4357;Rafael García Gallego;Madrid;Arte y Cultura;Museo de arte contemporáneo, pintura contemporánea, talleres de pintura, contacto directo, Obra personal de Rafael García Gallego;0;1;1;;;
16761;ia_2516;Rafaelhoteles Atocha;Madrid;Alojamiento;Business Hotel, Gimnasio, restaurante, salas de eventos;0;3;3;;;
17996;ia_3966;Raíces y resistencia: Un tour de historia negra por Madrid;Madrid;Arte y Cultura;Museo de historia, Museo de Ciencias del Sonido, música, acústica;0;3;3;;;
1292;raimunda;Raimunda;Madrid;Restaurantes;Tradicionales, Español, Americano, Comida Regional, Mediterranea, Fusión, Restaurantes;0;4;4;15015;15016;15017,15019,15020,15021,15022,15023,15024
1646;rambla;RAMBLA;Barcelona;Fiesta;Zonas de fiesta;0;4;4;18600;18599;18601
15743;ia_1337;Ramen Ishou;Madrid;Restaurantes;Japonesa, Ramen, Platos japoneses;0;3;3;;;
16523;ia_2214;Ramen Kagura;Madrid;Restaurantes;Japonesa, Ramen bar;0;3;3;;;
15063;ia_647;Ramen Kagura;Madrid;Restaurantes;Japonesa, Ramen;0;3;3;;;
15683;ia_1277;Ramen Komainu;Madrid;Restaurantes;Japonesa, Ramen, Cocina japonesa;0;3;3;;;
15560;ia_1149;Ramen Shifu - Plaza Mayor;Madrid;Restaurantes;Japonesa, Ramen, Gyozas;0;3;3;;;
15324;ia_909;Ramen Shifu Atocha;Madrid;Restaurantes;Japonesa, Ramen, Gyozas, Platos japoneses;0;3;3;;;
14797;ia_367;Ramen Shifu Ayala;Madrid;Restaurantes;Asiática, Japonesa, Ramen, Gyozas;0;3;3;;;
14586;ia_121;Ramen Shifu Plaza España;Madrid;Restaurantes;Japonesa, Ramen, Gyozas, Cocina Japonesa;0;3;3;;;
15109;ia_693;Ramen Shifu Ponzano;Madrid;Restaurantes;Japonesa, Ramen;0;3;3;;;
15017;ia_601;Ramen Shifu- Chueca;Madrid;Restaurantes;China, Sopas y Caldos;0;3;3;;;
14603;ia_141;Ramen Yokohama;Madrid;Restaurantes;Japonesa, Ramen, Gyozas, Cocina Japonesa;0;3;3;;;
15704;ia_1298;Ramest Rest & Brunch;Madrid;Restaurantes;Internacional, Brunch, Platos saludables;0;3;3;;;
202;ramses_life_;Ramses Life ;Madrid;Fiesta, Restaurantes;Bares de copas, Top, Restaurant & Club;0;4;4;18911;15928;15927,15929,15930,15931,15932
15005;ia_589;Rangoli (Gran Via);Madrid;Restaurantes;Japonesa, Samosas;0;3;3;;;
19225;ia_5590;Ranking 5 platos by KinoJerez;Madrid;Experiencias Unicas;Ruta autoguiada / ranking gastronómico;0;1;1;;;
15062;ia_646;Rasoee;Madrid;Restaurantes;Mediterranea, Curry;0;3;3;;;
14873;ia_449;Rasputín;Madrid;Restaurantes;Internacional, Platos europeos;0;3;3;;;
945;rave_market;Rave Market;Madrid;Ocio y eventos;Mercados;0;4;4;17115;17116;17117
17484;ia_3305;Raymond Weil;Madrid;Compras;"Joyerías y relojerías, Relojes elegantes; Tradición relojera; Innovación suiza";0;3;3;;;
1816;razzmatazzz_sala_1;Razzmatazzz Sala 1;Barcelona;Fiesta;Discotecas, Bares de copas, Salas de concierto;0;4;4;19243;19242;19244
18317;ia_4365;Real Academia de Bellas Artes de San Fernando;Madrid;Arte y Cultura;Museo de historia, arte clásico y moderno español, grabados de Goya, obras maestras españolas, Goya, Zurbarán, Sorolla, Rubens, Picasso;0;1;1;73495;73496;
4100;real_cortijo_de_san_isidro;Real Cortijo de San Isidro;Aranjuez;Qué ver;Arquitectura: museos, plazas y monumentos;0;4;4;33868;33893;33869,33870,33871,33872,33873,33874,33875,33876,33877
17749;ia_3593;Real Jardín Botánico;Madrid;Arte y Cultura;Museo de arte clásico / pinacoteca, colección de plantas vivas, invernaderos, bonsáis y herbarios;0;3;3;;;74474,74475,74476
41;real_jardin_botanico;Real Jardín Botánico;Madrid;Qué ver;Museos, Parques;0;4;4;15096;15097;15098,15099,15100,15102,15103
18416;real_jardin_botanico_de_madrid;Real Jardín Botánico de Madrid;Madrid;Naturaleza;Jardín botánico, Invernaderos, terrazas, flora mundial, Visitas guiadas, talleres;0;4;4;;;
669;realidad_virtual_en_zero_latency;Realidad Virtual en Zero Latency;Madrid;Ocio y eventos;Experiencias y actividades;0;4;4;14954;14955;14956,14957
17465;ia_3286;Rebellion Timepieces;Madrid;Compras;"Joyería y relojería de lujo, Relojes deportivos; Innovación mecánica; Producción exclusiva";0;3;3;;;
17024;ia_2844;Recinto Ferial San Isidro;Madrid;Eventos;Recinto ferial y cultural;0;3;3;;;
17055;ia_2875;Recinto Ferial Vicálvaro;Madrid;Eventos;Recinto ferial municipal;0;3;3;;;
18002;ia_3980;Recorrido a Pie Artesanal en Madrid por Lavapiés y La Latina;Madrid;Arte y Cultura;Museo de ciencia y tecnología, Museo del Arte Africano, máscaras, escultura;0;3;3;;;
18003;ia_3981;Recorrido a pie con guía por las atracciones imprescindibles de Madrid;Madrid;Arte y Cultura;Museo de ciencia y tecnología, Museo de Ciencias Atmosféricas, clima, meteorología;0;3;3;;;
18862;ia_5190;Recorrido a pie de cata de vinos y tapas gourmet por el casco antiguo de Madrid;Madrid;Experiencias Unicas;Clase de cocina / Taller culinario;0;1;1;;;
19078;ia_5433;Recorrido a pie de cata de vinos y tapas gourmet por el casco antiguo de Madrid;Madrid;Experiencias Unicas;Walking tour;0;1;1;;;
18863;ia_5191;Recorrido a pie festivo de 3 horas por el mercado navideño de la Plaza Mayor de Madrid;Madrid;Experiencias Unicas;Walking tour;0;1;1;;;
19106;ia_5464;Recorrido a pie festivo de 3 horas por el mercado navideño de la Plaza Mayor de Madrid;Madrid;Experiencias Unicas;Walking tour;0;1;1;;;
18864;ia_5192;Recorrido a pie gastronómico y vinícola por el casco antiguo de Madrid;Madrid;Experiencias Unicas;Taller de artes (pintura/cerámica/foto);0;1;1;;;
19107;ia_5465;Recorrido a pie gastronómico y vinícola por el casco antiguo de Madrid;Madrid;Experiencias Unicas;Walking tour;0;1;1;;;
18004;ia_3982;Recorrido a pie personalizable por lo más destacado de Madrid de medio día;Madrid;Arte y Cultura;Museo de ciencia y tecnología, Museo del Arte Colonial Latinoamericano, pintura, platería;0;3;3;;;
17998;ia_3974;Recorrido a pie por el Madrid de los Austrias;Madrid;Arte y Cultura;Museo de historia, Museo de la Biotecnología, genética, laboratorio;0;3;3;;;
17999;ia_3975;Recorrido a pie por el Parque del Retiro de Madrid;Madrid;Arte y Cultura;Museo de historia, Museo del Arte del Renacimiento, Rafael, Leonardo;0;3;3;;;
18865;ia_5193;Recorrido a pie por la cerveza artesanal y las tapas de Madrid Centro;Madrid;Experiencias Unicas;Excursión de día (Day trip);0;1;1;;;
19108;ia_5466;Recorrido a pie por la cerveza artesanal y las tapas de Madrid Centro;Madrid;Experiencias Unicas;Excursión de día (Day trip);0;1;1;;;
18000;ia_3976;Recorrido a pie por la tarde por Madrid con el Palacio Real y el Museo del Prado;Madrid;Arte y Cultura;Museo de arte clásico / pinacoteca, Museo de Ciencias Planetarias, astronomía, geología espacial;0;3;3;;;
18001;ia_3977;Recorrido a pie por los lugares destacados de Madrid;Madrid;Arte y Cultura;Museo de historia, Museo del Arte Abstracto, Kandinsky, geometría;0;3;3;;;
17997;ia_3973;Recorrido a pie por Madrid, visita al Museo del Prado y copa en la azotea;Madrid;Arte y Cultura;Museo de arte clásico / pinacoteca, Museo del Arte Barroco Español, Velázquez, Murillo;0;3;3;;;
17975;ia_3938;Recorrido a pie privado de 2 horas por Madrid con guía;Madrid;Arte y Cultura;Museo de ciencia y tecnología, Museo del Arte Surrealista, Dalí, Magritte;0;3;3;;;
18866;ia_5194;Recorrido a pie privado de tapas e historia de Madrid de medio día;Madrid;Experiencias Unicas;Tour en bici / e-bike / segway · Privado;0;1;1;;;
19109;ia_5467;Recorrido a pie privado de tapas e historia de Madrid de medio día;Madrid;Experiencias Unicas;Walking tour · Privado;0;1;1;;;
17976;ia_3939;Recorrido a pie privado destacado de Madrid;Madrid;Arte y Cultura;Museo de ciencia y tecnología, Museo de la Nanotecnología, materiales, innovación;0;3;3;;;
17977;ia_3940;Recorrido a pie privado por Madrid: Famoso Parque del Retiro;Madrid;Arte y Cultura;Museo de ciencia y tecnología, Museo del Arte Gótico, vitrales, retablos;0;3;3;;;
18867;ia_5195;Recorrido a pie sobre tapas y misterios de Madrid con opción privada y recorrido por los pubs de Madrid;Madrid;Experiencias Unicas;Clase de cocina / Taller culinario;0;1;1;;;
19110;ia_5468;Recorrido a pie sobre tapas y misterios de Madrid con opción privada y recorrido por los pubs de Madrid;Madrid;Experiencias Unicas;Walking tour;0;1;1;;;
18868;ia_5196;Recorrido autoguiado con audio por Madrid;Madrid;Experiencias Unicas;Food tour / Ruta de tapas;0;1;1;;;
19049;ia_5399;Recorrido autoguiado con audio por Madrid;Madrid;Experiencias Unicas;Tour guiado (general);0;1;1;;;
18869;ia_5200;Recorrido de tapas y cata de vinos por Madrid;Madrid;Experiencias Unicas;Clase de cocina / Taller culinario;0;1;1;;;
19050;ia_5403;Recorrido de tapas y cata de vinos por Madrid;Madrid;Experiencias Unicas;Tour guiado (general);0;1;1;;;
18870;ia_5201;Recorrido de un día por bodegas desde Madrid;Madrid;Experiencias Unicas;Excursión de día (Day trip);0;1;1;;;
19056;ia_5409;Recorrido de un día por bodegas desde Madrid;Madrid;Experiencias Unicas;Excursión de día (Day trip);0;1;1;;;
18876;ia_5207;Recorrido en bicicleta por la ciudad de Madrid;Madrid;Experiencias Unicas;Clase de cocina / Taller culinario;0;1;1;;;
19112;ia_5470;Recorrido en bicicleta por la ciudad de Madrid;Madrid;Experiencias Unicas;Tour guiado (general);0;1;1;;;
18877;ia_5208;Recorrido en bicicleta por la tarde en Madrid;Madrid;Experiencias Unicas;Excursión de día (Day trip);0;1;1;;;
19113;ia_5471;Recorrido en bicicleta por la tarde en Madrid;Madrid;Experiencias Unicas;Excursión de día (Day trip);0;1;1;;;
18878;ia_5209;Recorrido en bicicleta por los parques y el río de Madrid;Madrid;Experiencias Unicas;Tour guiado (general);0;1;1;;;
19114;ia_5472;Recorrido en bicicleta por los parques y el río de Madrid;Madrid;Experiencias Unicas;Tour guiado (general);0;1;1;;;
18871;ia_5202;Recorrido en Segway de 2 horas hasta el Parque del Retiro en Madrid;Madrid;Experiencias Unicas;Taller de artes (pintura/cerámica/foto);0;1;1;;;
19057;ia_5410;Recorrido en Segway de 2 horas hasta el Parque del Retiro en Madrid;Madrid;Experiencias Unicas;Excursión de día (Day trip);0;1;1;;;
18874;ia_5205;Recorrido en Segway por el casco antiguo (Certificado de excelencia desde 2014);Madrid;Experiencias Unicas;Clase de cocina / Taller culinario;0;1;1;;;
19060;ia_5413;Recorrido en Segway por el casco antiguo (Certificado de excelencia desde 2014);Madrid;Experiencias Unicas;Excursión de día (Day trip);0;1;1;;;
18873;ia_5204;Recorrido en Segway por el Parque del Retiro;Madrid;Experiencias Unicas;Tour en bici / e-bike / segway;0;1;1;;;
19059;ia_5412;Recorrido en Segway por el Parque del Retiro;Madrid;Experiencias Unicas;Tour en bici / e-bike / segway;0;1;1;;;
18875;ia_5206;Recorrido en Segway por el río de Madrid (Excelencia desde 2014);Madrid;Experiencias Unicas;Tour en bici / e-bike / segway;0;1;1;;;
19111;ia_5469;Recorrido en Segway por el río de Madrid (Excelencia desde 2014);Madrid;Experiencias Unicas;Excursión de día (Day trip);0;1;1;;;
18872;ia_5203;Recorrido en Segway por Madrid;Madrid;Experiencias Unicas;Excursión de día (Day trip);0;1;1;;;
19058;ia_5411;Recorrido en Segway por Madrid;Madrid;Experiencias Unicas;Excursión de día (Day trip);0;1;1;;;
18879;ia_5210;Recorrido excursión en Segway de Madrid por la noche de 1,5 horas (el último recorrido del día);Madrid;Experiencias Unicas;Taller de artes (pintura/cerámica/foto);0;1;1;;;
19115;ia_5473;Recorrido excursión en Segway de Madrid por la noche de 1,5 horas (el último recorrido del día);Madrid;Experiencias Unicas;Excursión de día (Day trip);0;1;1;;;
18880;ia_5211;Recorrido fotográfico privado en Madrid con guía personal y fotógrafo;Madrid;Experiencias Unicas;Tour guiado (general) · Privado;0;1;1;;;
19122;ia_5482;Recorrido fotográfico privado en Madrid con guía personal y fotógrafo;Madrid;Experiencias Unicas;Taller/Sesión de fotografía;0;1;1;;;
18860;ia_5188;Recorrido Gastronómico por las Tabernas de Madrid;Madrid;Experiencias Unicas;Excursión de día (Day trip);0;1;1;;;
19076;ia_5431;Recorrido Gastronómico por las Tabernas de Madrid;Madrid;Experiencias Unicas;Excursión de día (Day trip);0;1;1;;;
18881;ia_5212;Recorrido gastronómico privado a pie por Madrid con 6 ó 10 degustaciones;Madrid;Experiencias Unicas;Clase de cocina / Taller culinario;0;1;1;;;
19123;ia_5483;Recorrido gastronómico privado a pie por Madrid con 6 ó 10 degustaciones;Madrid;Experiencias Unicas;Walking tour · Privado;0;1;1;;;
18882;ia_5213;Recorrido gastronómico privado a pie por Madrid con Secret Food Tours;Madrid;Experiencias Unicas;Excursión de día (Day trip) · Privado;0;1;1;;;
19124;ia_5484;Recorrido gastronómico privado a pie por Madrid con Secret Food Tours;Madrid;Experiencias Unicas;Excursión de día (Day trip);0;1;1;;;
18883;ia_5214;Recorrido gastronómico privado con visita guiada a plaza de toros;Madrid;Experiencias Unicas;Food tour / Ruta de tapas · Privado;0;1;1;;;
19125;ia_5485;Recorrido gastronómico privado con visita guiada a plaza de toros;Madrid;Experiencias Unicas;Tour guiado (general) · Privado;0;1;1;;;
18884;ia_5216;Recorrido guiado en bicicleta por Madrid: Plaza Mayor, Parque del Retiro y más;Madrid;Experiencias Unicas;Tour guiado (general);0;1;1;;;
19166;ia_5532;Recorrido guiado en bicicleta por Madrid: Plaza Mayor, Parque del Retiro y más;Madrid;Experiencias Unicas;Tour guiado (general);0;1;1;;;
18885;ia_5217;Recorrido histórico a pie por Madrid con degustación de comida y cena;Madrid;Experiencias Unicas;Clase de cocina / Taller culinario;0;1;1;;;
19167;ia_5533;Recorrido histórico a pie por Madrid con degustación de comida y cena;Madrid;Experiencias Unicas;Walking tour;0;1;1;;;
18886;ia_5218;Recorrido nocturno de tapas por Madrid a pie;Madrid;Experiencias Unicas;Excursión de día (Day trip);0;1;1;;;
19168;ia_5534;Recorrido nocturno de tapas por Madrid a pie;Madrid;Experiencias Unicas;Excursión de día (Day trip);0;1;1;;;
18887;ia_5219;Recorrido nocturno, bebidas, tapas y experiencia de fiesta en Madrid;Madrid;Experiencias Unicas;Tour por barrio;0;1;1;;;
19169;ia_5535;Recorrido nocturno, bebidas, tapas y experiencia de fiesta en Madrid;Madrid;Experiencias Unicas;Tour guiado (general);0;1;1;;;
17983;ia_3951;Recorrido por el barrio Chueca de la comunidad LGBT en Madrid;Madrid;Arte y Cultura;Museo de historia, Museo de Ciencias de la Comunicación, radio, televisión;0;3;3;;;
17982;ia_3950;Recorrido por el Museo del Prado con guía privado y transporte en Madrid;Madrid;Arte y Cultura;Museo de arte clásico / pinacoteca, Museo del Arte Prerrafaelita, Rossetti, Millais;0;3;3;;;
17984;ia_3952;Recorrido por lo más destacado de Madrid y el Palacio Real: Skip The Line + Tour Guiado;Madrid;Arte y Cultura;Excursión / day trip, Museo del Arte Digital, proyecciones, VR;0;3;3;;;
17978;ia_3944;Recorrido por los lugares más destacados de Madrid con entrada al estadio Santiago Bernabéu;Madrid;Arte y Cultura;Museo de ciencia y tecnología, Museo de la Inteligencia Animal, etología, comunicación;0;3;3;;;
18888;ia_5220;Recorrido por Madrid con Tuk Tuk para hasta 6 personas;Madrid;Experiencias Unicas;Taller de artes (pintura/cerámica/foto);0;1;1;;;
19170;ia_5536;Recorrido por Madrid con Tuk Tuk para hasta 6 personas;Madrid;Experiencias Unicas;Tour guiado (general);0;1;1;;;
18889;ia_5221;Recorrido privado a pie de tapas por Madrid;Madrid;Experiencias Unicas;Walking tour · Privado;0;1;1;;;
19161;ia_5527;Recorrido privado a pie de tapas por Madrid;Madrid;Experiencias Unicas;Walking tour · Privado;0;1;1;;;
17979;ia_3945;Recorrido privado a pie por el Madrid de los Habsburgo: Centro histórico y Palacio Real;Madrid;Arte y Cultura;Museo de ciencia y tecnología, Museo del Arte Rococó, Watteau, Boucher;0;3;3;;;
17980;ia_3946;Recorrido privado a pie por el Palacio Real y el Museo del Prado;Madrid;Arte y Cultura;Museo de arte clásico / pinacoteca, Museo de Ciencias de la Energía Nuclear, reactores, física;0;3;3;;;
17981;ia_3947;Recorrido privado a pie por lo más destacado del casco antiguo de Madrid;Madrid;Arte y Cultura;Museo de arte contemporáneo, Museo del Arte Contemporáneo Latinoamericano, Tarsila do Amaral, Orozco;0;3;3;;;
17972;ia_3934;Recorrido privado de medio día por lo más destacado de Madrid y el Palacio Real;Madrid;Arte y Cultura;Museo de historia, Museo de la Energía Solar, paneles, sostenibilidad;0;3;3;;;
18899;ia_5232;Recorrido privado en bicicleta de 3 horas por lo más destacado de Madrid;Madrid;Experiencias Unicas;Clase de cocina / Taller culinario;0;1;1;;;
19135;ia_5498;Recorrido privado en bicicleta de 3 horas por lo más destacado de Madrid;Madrid;Experiencias Unicas;Tour guiado (general) · Privado;0;1;1;;;
18901;ia_5234;Recorrido privado en bicicleta por la ciudad de Madrid;Madrid;Experiencias Unicas;Food tour / Ruta de tapas · Privado;0;1;1;;;
19137;ia_5500;Recorrido privado en bicicleta por la ciudad de Madrid;Madrid;Experiencias Unicas;Tour guiado (general) · Privado;0;1;1;;;
18900;ia_5233;Recorrido privado en bicicleta por Madrid con un amable guía local;Madrid;Experiencias Unicas;Excursión de día (Day trip) · Privado;0;1;1;;;
19136;ia_5499;Recorrido privado en bicicleta por Madrid con un amable guía local;Madrid;Experiencias Unicas;Excursión de día (Day trip);0;1;1;;;
18861;ia_5189;Recorrido Privado en Coche Clásico por Madrid y El Escorial;Madrid;Experiencias Unicas;Tour guiado (general) · Privado;0;1;1;;;
19077;ia_5432;Recorrido Privado en Coche Clásico por Madrid y El Escorial;Madrid;Experiencias Unicas;Tour guiado (general) · Privado;0;1;1;;;
17973;ia_3935;Recorrido privado en Madrid de 4 horas por el Palacio Real;Madrid;Arte y Cultura;Museo de historia, Museo del Arte Pop, Warhol, Lichtenstein;0;3;3;;;
18898;ia_5231;Recorrido privado en Segway por el Parque del Retiro de Madrid de 1 h, 1,5 h o 2 h;Madrid;Experiencias Unicas;Tour en bici / e-bike / segway · Privado;0;1;1;;;
19134;ia_5497;Recorrido privado en Segway por el Parque del Retiro de Madrid de 1 h, 1,5 h o 2 h;Madrid;Experiencias Unicas;Tour en bici / e-bike / segway · Privado;0;1;1;;;
17974;ia_3936;Recorrido privado personalizado por Madrid con entrada opcional Evite las colas al Museo del Prado;Madrid;Arte y Cultura;Museo de arte clásico / pinacoteca, Museo de Ciencias Espaciales, cohetes, satélites;0;3;3;;;
18026;ia_4014;Recorrido privado por lo más destacado de Madrid para niños y familias;Madrid;Arte y Cultura;Museo de arte contemporáneo, Museo del Arte Contemporáneo Europeo, Picasso, Miró;0;3;3;;;
18902;ia_5235;Recorrido privado por Madrid y Las Rozas Village con recogida y regreso al hotel.;Madrid;Experiencias Unicas;Taller de artes (pintura/cerámica/foto);0;1;1;;;
19138;ia_5501;Recorrido privado por Madrid y Las Rozas Village con recogida y regreso al hotel.;Madrid;Experiencias Unicas;Tour guiado (general) · Privado;0;1;1;;;
17971;ia_3933;Recorrido privado: Estadio Santiago Bernabéu y el Madrid moderno con recogida en el hotel;Madrid;Arte y Cultura;Museo de historia, Museo del Arte Renacentista Español, El Greco, Ribera;0;3;3;;;
18027;ia_4015;Recorrido privado: Estadio Santiago Bernabéu y el Madrid moderno con recogida en el hotel;Madrid;Arte y Cultura;Museo de arte contemporáneo, Museo de la Robótica Aplicada, drones, autómatas;0;3;3;;;
18890;ia_5222;Recorrido turístico con 3 noches de estancia por Córdoba, Sevilla, Granada y Toledo desde Madrid;Madrid;Experiencias Unicas;Clase de cocina / Taller culinario;0;1;1;;;
18903;ia_5236;Recorrido turístico con 3 noches de estancia por Córdoba, Sevilla, Granada y Toledo desde Madrid;Madrid;Experiencias Unicas;Excursión de día (Day trip);0;1;1;;;
19126;ia_5487;Recorrido turístico con 3 noches de estancia por Córdoba, Sevilla, Granada y Toledo desde Madrid;Madrid;Experiencias Unicas;Excursión de día (Day trip);0;1;1;;;
19162;ia_5528;Recorrido turístico con 3 noches de estancia por Córdoba, Sevilla, Granada y Toledo desde Madrid;Madrid;Experiencias Unicas;Excursión de día (Day trip);0;1;1;;;
18891;ia_5223;Recorrido turístico divertido en Madrid en bicicleta de 3 horas: Love Madrid;Madrid;Experiencias Unicas;Actividad de aventura;0;1;1;;;
18904;ia_5237;Recorrido turístico divertido en Madrid en bicicleta de 3 horas: Love Madrid;Madrid;Experiencias Unicas;Clase de cocina / Taller culinario;0;1;1;;;
19127;ia_5488;Recorrido turístico divertido en Madrid en bicicleta de 3 horas: Love Madrid;Madrid;Experiencias Unicas;Tour guiado (general);0;1;1;;;
19163;ia_5529;Recorrido turístico divertido en Madrid en bicicleta de 3 horas: Love Madrid;Madrid;Experiencias Unicas;Excursión de día (Day trip);0;1;1;;;
18892;ia_5224;Recorrido turístico divertido en Madrid en bicicleta eléctrica en Madrid (11.00 h y 15.30 h);Madrid;Experiencias Unicas;Excursión de día (Day trip);0;1;1;;;
18905;ia_5238;Recorrido turístico divertido en Madrid en bicicleta eléctrica en Madrid (11.00 h y 15.30 h);Madrid;Experiencias Unicas;Excursión de día (Day trip);0;1;1;;;
19128;ia_5489;Recorrido turístico divertido en Madrid en bicicleta eléctrica en Madrid (11.00 h y 15.30 h);Madrid;Experiencias Unicas;Excursión de día (Day trip) + Bodega y cata;0;1;1;;;
19164;ia_5530;Recorrido turístico divertido en Madrid en bicicleta eléctrica en Madrid (11.00 h y 15.30 h);Madrid;Experiencias Unicas;Excursión de día (Day trip) + Bodega y cata;0;1;1;;;
18893;ia_5225;Recorrido turístico en coche clásico por Madrid;Madrid;Experiencias Unicas;Taller de artes (pintura/cerámica/foto);0;1;1;;;
18906;ia_5239;Recorrido turístico en coche clásico por Madrid;Madrid;Experiencias Unicas;Tour guiado (general);0;1;1;;;
19129;ia_5490;Recorrido turístico en coche clásico por Madrid;Madrid;Experiencias Unicas;Tour guiado (general);0;1;1;;;
19165;ia_5531;Recorrido turístico en coche clásico por Madrid;Madrid;Experiencias Unicas;Tour guiado (general);0;1;1;;;
18894;ia_5227;Recorridos turísticos en tuk tuk por Madrid;Madrid;Experiencias Unicas;Clase de cocina / Taller culinario;0;1;1;;;
18907;ia_5241;Recorridos turísticos en tuk tuk por Madrid;Madrid;Experiencias Unicas;Tour guiado (general);0;1;1;;;
19130;ia_5493;Recorridos turísticos en tuk tuk por Madrid;Madrid;Experiencias Unicas;Excursión de día (Day trip);0;1;1;;;
19144;ia_5507;Recorridos turísticos en tuk tuk por Madrid;Madrid;Experiencias Unicas;Tour guiado (general);0;1;1;;;
4083;red_bar_madrid;Red Bar Madrid;Madrid;Restaurantes;Top, Español, Restaurantes;0;4;4;33759;33706;33699,33700,33701,33703,33704,33705,33707,33760
16513;ia_2202;Red Dragon Hot Pot;Madrid;Restaurantes;China / Asiática, Hot Pot;0;3;3;;;
15887;ia_1502;Red Dragon Hot Pot;Madrid;Restaurantes;China, Hot pot, Cocina china;0;3;3;;;
5118;red_fish_barcelona;Red Fish Barcelona;Barcelona;Restaurantes;Con terraza;0;4;4;46012;46013;46011,46014,46015,46016,46017,46018,46019,46020
14494;ia_22;RED PROJECT MADRID;Madrid;Restaurantes;Cocina Creativa, Comida Fusión, Coctelería;0;3;3;;;
18499;red_rock_tattoo_studio_madrid;Red Rock Tattoo Studio Madrid;Madrid;Wellness;Estudio de tatuajes;0;4;4;;;74009,74010,74011,74012,74013,74014
17170;ia_2990;Redondo Gourmet;Madrid;Compras;"Tiendas gourmet, Tienda gourmet; Productos selectos; Atención personalizada";0;3;3;;;
803;reebok_sport_club_;Reebok Sport Club ;Madrid;Compras;Para ti;0;4;4;15770;15771;15772,15773,15774
18459;ia_5651;Reflexología podal y pediluvio;Madrid;Wellness;Reflexología;0;1;1;;;
15855;ia_1449;Regañadientes;Madrid;Restaurantes;Internacional, Platos internacionales, Cocina creativa;0;3;3;;;
16818;ia_2570;Regente;Madrid;Alojamiento;City Hotel, Desayuno buffet, gimnasio;0;3;3;;;
16816;ia_2568;Regina;Madrid;Alojamiento;City Hotel, Restaurante, bar, gimnasio;0;3;3;;;
16478;ia_2161;Reino Asador;Madrid;Restaurantes;Española / Castellana, Asador / Parrilla;0;3;3;;;
418;relais_y_chateaux_orfila_hotel_5;Relais & Chateaux Orfila Hotel 5*;Madrid;Alojamiento;Hoteles;0;4;4;17400;17401;17402,17403,17405,17406
4425;religion_coffee;Religion Coffee;Madrid;Restaurantes;Top, Trendy, Americano, Restaurantes;0;4;4;39294;39297;39295,39296,39298,39299,39300,39301,39302,39303
17324;ia_3145;Reliquiae;Madrid;Compras;"Ropa y accesorios, Complementos de lujo; Piel artesanal; Diseño atemporal";0;3;3;;;
16426;ia_2073;Relleno;Madrid;Restaurantes;Latina, Empanadas;0;3;3;;;
17566;ia_3388;Relleno.es;Madrid;Compras;€€, https://www.relleno.es/;0;3;3;;;
17543;ia_3364;Repossi Watches;Madrid;Compras;"Joyería y relojería de lujo, Alta joyería contemporánea; Relojes exclusivos; Estilo artístico";0;3;3;;;
3014;reserva_del_regajal-mar_de_ontigola;Reserva del Regajal-Mar de Ontígola;Aranjuez;Qué ver;Escapadas;0;4;4;19984;19980;19981,19983,19986,19988,19989
3320;reserva_ecologica_ojos_indigenas;Reserva Ecológica Ojos Indígenas;Punta Cana;Qué ver;Parques, Escapadas, Cool Places;0;4;4;21591;21586;21587,21588,21589,21590,21592,21593,21594,21595
3276;reservatauro_ronda;Reservatauro Ronda;Ronda;Experiencias y Actividades;Naturaleza y Turismo Activo, Actividades Ronda;0;4;4;41022;21428;21420,21421,21423,21425,21426,41023
17435;ia_3256;Ressence;Madrid;Compras;"Joyería y relojería de lujo, Relojes innovadores; Diseño minimalista; Complicaciones fluidas";0;3;3;;;
17454;ia_3275;Ressence;Madrid;Compras;"Joyería y relojería de lujo, Relojes innovadores; Diseño minimalista; Innovación técnica";0;3;3;;;
15332;ia_917;Restaurant Peruano Pimentel;Madrid;Restaurantes;Peruana, Ceviches, Tiraditos, Platos criollos;0;3;3;;;
15375;ia_960;Restaurante 3B Parrilla;Madrid;Restaurantes;Argentino, Carnes, Mariscos;0;3;3;;;
14883;ia_460;Restaurante A 'OLLO;Madrid;Restaurantes;Mediterránea, Comida Fusión, Alta cocina, Cócteles;0;3;3;;;
16028;ia_1645;Restaurante Achuri;Madrid;Restaurantes;"Española, Tapas; Raciones; Comida Casera";0;3;3;;;
3811;restaurante_allegra_santo_domingo;Restaurante Allegra Santo Domingo;Santo Domingo;Restaurantes;Trendy;0;4;4;24924;24932;24925,24926,24927,24928,24929,24930,24931,24933
16556;ia_2266;Restaurante Anonymo;Madrid;Restaurantes;Mediterránea / Internacional, Restaurante contemporáneo;0;3;3;;;
3557;restaurante_antonio_malaga;Restaurante Antonio Malaga;Málaga;Restaurantes;Chiringuitos;0;4;4;23052;23055;23046,23047,23048,23049,23050,23051,23053,23054
15454;ia_1039;Restaurante AOVE;Madrid;Restaurantes;Mediterránea, Local Cuisine, Platos mediterráneos, Cocina de proximidad;0;3;3;;;
15645;ia_1239;RESTAURANTE ARAGÓN;Madrid;Restaurantes;Arroces / Pescados / Carnes, Tradicional / Española;0;3;3;;;
16030;ia_1647;Restaurante Arequepay;Madrid;Restaurantes;"Peruana, Ceviche; Ají de Gallina; Chicharrón";0;3;3;;;
15973;ia_1590;Restaurante Arturo's Méndez Álvaro 64;Madrid;Restaurantes;"Española, Arroces; Carnes; Pescados";0;3;3;;;
15920;ia_1537;Restaurante Asiático Fang;Madrid;Restaurantes;"Asiática, Sushi; Dim Sum; Noodles";0;3;3;;;
16020;ia_1637;Restaurante Asturias;Madrid;Restaurantes;"Asturiana, Fabada; Cachopo; Sidra";0;3;3;;;
16033;ia_1650;Restaurante ATOCHA 107;Madrid;Restaurantes;"Española, Carnes; Pescados; Tapas";0;3;3;;;
15959;ia_1576;Restaurante Atocha Tandoori;Madrid;Restaurantes;"India, Currys; Biryani; Tandoori";0;3;3;;;
15994;ia_1611;Restaurante Atrapallada;Madrid;Restaurantes;"Gallega, Pulpo; Mariscos; Vinos";0;3;3;;;
3266;restaurante_bardal;Restaurante Bardal;Ronda;Restaurantes;Top, Español, Restaurantes;0;4;4;21360;21353;21354,21356,21357,21358,21359,21361
15943;ia_1560;Restaurante BarraFina;Madrid;Restaurantes;"Mediterranea, Tapas Gourmet; Cocina de Autor";0;3;3;;;
15977;ia_1594;Restaurante Cantalejo;Madrid;Restaurantes;"Española, Comida Casera; Carnes; Pescados";0;3;3;;;
3836;restaurante_capitan_cook;Restaurante Capitan Cook;Punta Cana;Restaurantes;Tradicionales, Especialista en mariscos, Restaurantes;0;4;4;25379;25373;25371,25372,25374,25375,25376,25377,25378,25380
3224;restaurante_carmen_la_de_ronda;Restaurante Carmen La de Ronda;Ronda;Restaurantes;Trendy, Español, Restaurantes;0;4;4;28145;;28146,28147,28148,28149,28150,28151,28152,28153
15981;ia_1598;Restaurante Carro;Madrid;Restaurantes;"Española, Comida Casera; Menú Diario";0;3;3;;;
15931;ia_1548;Restaurante Casa Egido;Madrid;Restaurantes;"Española, Tapas; Menú Diario; Desayunos";0;3;3;;;
1231;restaurante_casa_galicia_by_tio_jaime_;Restaurante Casa Galicia by Tio jaime ;Punta Cana;Restaurantes;Tradicionales, Español;0;4;4;14340;14341;14342,14343,14344,14345,14346
3415;restaurante_casa_ortega;Restaurante Casa Ortega;Ronda;Restaurantes;Tradicionales, Español, Mediterranea, Restaurantes;0;4;4;22069;22060;22061,22062,22063,22064,22065,22066,22067,22068
4104;restaurante_casa_pablo;Restaurante Casa Pablo;Aranjuez;Restaurantes;Trendy, Español, Restaurantes;0;4;4;33943;33944;33945,33946,33947,33948,33949,33950,33951,33952
15974;ia_1591;Restaurante cLA AUTENTICA;Madrid;Restaurantes;"Mexicana, Tacos; Enchiladas; Quesadillas";0;3;3;;;
16001;ia_1618;Restaurante Cocina Asiática Chun;Madrid;Restaurantes;"Asiática, Tallarines; Sushi; Arroces";0;3;3;;;
16481;ia_2164;Restaurante Colores;Madrid;Restaurantes;Fusión / Latinoamericana, Restaurante de fusión;0;3;3;;;
15739;ia_1333;Restaurante Cuadrilla;Madrid;Restaurantes;Vasca, Cocina tradicional, Platos caseros;0;3;3;;;
16575;ia_2295;Restaurante Day Madrid;Madrid;Restaurantes;Española / Casera, Café‑Restaurante;0;3;3;;;
14845;ia_419;Restaurante De Hogao;Madrid;Restaurantes;Colombiana, Bandeja paisa, Arepas;0;3;3;;;
5142;restaurante_den_tokio_;Restaurante DEN Tokio ;Filipinas;Restaurantes;Top;0;4;4;46122;46121;46123,46124,46125,46126,46127,46128,46129,46130
15918;ia_1535;Restaurante Don Giovanni;Madrid;Restaurantes;Italiana, Pastas;0;3;3;;;
3535;restaurante_don_miguel;Restaurante Don Miguel;Ronda;Restaurantes;Tradicionales, Español, Restaurantes;0;4;4;22815;22818;22819
3807;restaurante_don_pepe;Restaurante Don Pepe;Santo Domingo;Restaurantes;Top, Español, Restaurantes;0;4;4;24880;24878;24879,24881,24882,24883,24884,24885,24886,24887
15962;ia_1579;Restaurante Don Pulpo;Madrid;Restaurantes;"Gallega, Pulpo; Mariscos; Empanadas";0;3;3;;;
19231;ia_5601;Restaurante donde comen los chefs;Madrid;Experiencias Unicas;Tour/experiencia (general);0;1;1;;;
15896;ia_1512;Restaurante Dstila;Madrid;Restaurantes;Mediterranea;0;3;3;;;
15929;ia_1546;Restaurante D’GuilleVIP SLU;Madrid;Restaurantes;"Internacional, Hamburguesas; Ensaladas; Carnes";0;3;3;;;
16568;ia_2281;Restaurante E Pazzo;Madrid;Restaurantes;Italiana, Trattoria / Pizzería;0;3;3;;;
15045;ia_629;Restaurante El Asturiano;Madrid;Restaurantes;Argentino, Hamburguesas;0;3;3;;;
16591;ia_2312;Restaurante El Caldero;Madrid;Restaurantes;Murciana / Mediterránea, Restaurante de Arroces;0;3;3;;;
3561;restaurante_el_caleno;Restaurante El Caleño;Málaga;Restaurantes;Chiringuitos;0;4;4;23107;23109;23106,23108,23110,23111,23112,23113,23114,23115
15958;ia_1575;Restaurante El Caral -El Mejor Restaurante Peruano de Madrid-;Madrid;Restaurantes;"Peruana, Ceviche; Tiraditos; Lomo Saltado";0;3;3;;;
15902;ia_1518;Restaurante El Descanso;Madrid;Restaurantes;Española;0;3;3;;;
16055;ia_1674;Restaurante El Fogón de Carmen;Madrid;Restaurantes;"Española, Cocido; Tapas";0;3;3;;;
16040;ia_1658;Restaurante El Fogón de Usera;Madrid;Restaurantes;"Mediterranea, Carnes; Arroces; Tapas";0;3;3;;;
5610;restaurante_el_lago;Restaurante El Lago;Málaga;Restaurantes;Trendy, Tradicionales, Con terraza, Español, Comida Regional, Mediterranea, Restaurantes;0;4;4;49068;49061;49058,49059,49060,49062,49063,49064,49065,49066,49067
15972;ia_1589;Restaurante El Mirador de San Isidro;Madrid;Restaurantes;"Española, Tapas; Arroces; Carnes";0;3;3;;;
16035;ia_1652;Restaurante El Rincón Asturiano;Madrid;Restaurantes;"Asturiana, Fabada; Cachopo; Sidra";0;3;3;;;
15948;ia_1565;RESTAURANTE EL RINCÓN DE MARTOS;Madrid;Restaurantes;"Española, Comida Casera; Guisos; Carnes";0;3;3;;;
15790;ia_1384;Restaurante El Rincón Guanako;Madrid;Restaurantes;Colombiana, Cocina tradicional, Platos colombianos;0;3;3;;;
15965;ia_1582;Restaurante El Roble;Madrid;Restaurantes;"Española, Comida Casera; Carnes; Pescados";0;3;3;;;
15996;ia_1613;Restaurante El rondador;Madrid;Restaurantes;"Española, Comida Casera; Guisos; Carnes";0;3;3;;;
15197;ia_782;Restaurante El Telón;Madrid;Restaurantes;Española;0;3;3;;;
15960;ia_1577;Restaurante El Valle;Madrid;Restaurantes;"Gallega, Pulpo; Arroces; Cachopos";0;3;3;;;
15058;ia_642;Restaurante El Vallina;Madrid;Restaurantes;Internacional, Arroces | Paellas | Tapas;0;3;3;;;
16042;ia_1660;Restaurante Etíope Habesha;Madrid;Restaurantes;"Etíope, Injera; Guisos; Carnes Especiadas";0;3;3;;;
16049;ia_1668;Restaurante Etíope Habesha;Madrid;Restaurantes;"Etíope, Injera; Tibs";0;3;3;;;
15933;ia_1550;Restaurante Fan Hua;Madrid;Restaurantes;"China, Dim Sum; Pato; Arroces";0;3;3;;;
15975;ia_1592;Restaurante FEITO USERA;Madrid;Restaurantes;"Mediterranea, Carnes; Cocina Mediterránea; Platos Exóticos";0;3;3;;;
14991;ia_575;Restaurante Ferreiro;Madrid;Restaurantes;Española;0;3;3;;;
15897;ia_1513;Restaurante Finca del Valle;Madrid;Restaurantes;Mediterranea;0;3;3;;;
3564;restaurante_gabi;Restaurante Gabi;Málaga;Restaurantes;Chiringuitos;0;4;4;23145;23139;23136,23137,23138,23140,23141,23142,23143,23144
3609;restaurante_gaig;Restaurante Gaig;Barcelona;Restaurantes;Top, Español, Restaurantes;0;4;4;23310;23328;23311,23312,23313,23314,23315,23316,23317,23318,23319
14893;ia_470;Restaurante Garuda Madrid;Madrid;Restaurantes;Indonesia, Nasi goreng, Satay;0;3;3;;;
15793;ia_1387;Restaurante GOCECO;Madrid;Restaurantes;Mediterranea, Cocina mediterránea, Mariscos;0;3;3;;;
3423;restaurante_gs_voltasur;Restaurante GS Voltasur;Ronda;Restaurantes;Tradicionales, Español, Mediterranea, Especialista en carne, Restaurantes;0;4;4;22116;22113;22109,22110,22112,22114,22115,22117
15907;ia_1523;Restaurante Horóscopo;Madrid;Restaurantes;Española;0;3;3;;;
16039;ia_1657;Restaurante Il Boccone;Madrid;Restaurantes;"Italiana, Pasta; Pizza; Tiramisú";0;3;3;;;
16577;ia_2297;Restaurante Indian Aroma;Madrid;Restaurantes;India / Hindú, Restaurante Indio;0;3;3;;;
15969;ia_1586;Restaurante Jalo;Madrid;Restaurantes;"Turca, Kebabs; Meze; Parrilladas";0;3;3;;;
15926;ia_1543;Restaurante Japonés - RAKU SUSHI;Madrid;Restaurantes;"Japonesa, Sushi; Ramen; Uramaki";0;3;3;;;
14659;ia_204;Restaurante Jarritus;Madrid;Restaurantes;Española / Tradicional, Tapas, Carne, Pescados;0;3;3;;;
15970;ia_1587;Restaurante Jinode;Madrid;Restaurantes;"Asiática, Sushi; Noodles; Wok";0;3;3;;;
3029;restaurante_jose_carlos_garcia;Restaurante Jose Carlos García;Málaga;Restaurantes;Top, Trendy;0;4;4;20141;20143;20142
15915;ia_1531;Restaurante KFC;Madrid;Restaurantes;Americana, Comida Rápida;0;3;3;;;
15924;ia_1541;Restaurante Korea;Madrid;Restaurantes;"Coreana, Barbacoa; Bibimbap; Kimchi";0;3;3;;;
15964;ia_1581;Restaurante La Aguacatala Madrid;Madrid;Restaurantes;"Colombiana, Bandeja Paisa; Arepas; Jugos";0;3;3;;;
16011;ia_1628;Restaurante La Alhambra;Madrid;Restaurantes;"Árabe, Couscous; Tajines; Té";0;3;3;;;
16508;ia_2195;Restaurante La Llama;Madrid;Restaurantes;Mediterránea / Fusión latinoamericana, Grill & Brasa;0;3;3;;;
15968;ia_1585;Restaurante La Madreña;Madrid;Restaurantes;"Asturiana, Cachopos; Fabada; Sidra";0;3;3;;;
15903;ia_1519;Restaurante La Nacional;Madrid;Restaurantes;Mediterranea, Comida de Temporada;0;3;3;;;
16006;ia_1623;Restaurante La Ochava;Madrid;Restaurantes;"Española, Comida Casera; Guisos; Carnes";0;3;3;;;
16024;ia_1641;Restaurante La Parrilla De Usera;Madrid;Restaurantes;"Española, Carnes; Parrilladas; Ensaladas";0;3;3;;;
15872;ia_1471;Restaurante La Perdiz;Madrid;Restaurantes;Española, Cocina tradicional, Tapas;0;3;3;;;
16043;ia_1661;Restaurante La Polonesa;Madrid;Restaurantes;"Polaca, Pierogi; Bigos; Postres";0;3;3;;;
3907;restaurante_las_maravillas;Restaurante Las Maravillas;Ronda;Restaurantes;Tapas;0;4;4;26833;26827;26828,26829,26830,26831,26832,26834,26835,26836
15904;ia_1520;Restaurante Las Moreras;Madrid;Restaurantes;Parrillada/BBQ, Castellana;0;3;3;;;
15985;ia_1602;Restaurante Los Ángeles;Madrid;Restaurantes;"Gallega, Pulpo; Carnes; Empanadas";0;3;3;;;
16462;ia_2135;Restaurante Los Arroces de Segis;Madrid;Restaurantes;Arrocería, Valenciana / Arrocería;0;3;3;;;
16013;ia_1630;Restaurante Los Castaños II;Madrid;Restaurantes;"Española, Comida Casera; Carnes; Pescados";0;3;3;;;
16464;ia_2139;Restaurante Los Huevos de Lucio;Madrid;Restaurantes;Madrileña / Tradicional, Taberna • Cocina tradicional;0;3;3;;;
16026;ia_1643;Restaurante Los Majes. Centro Americano: Nicaragua, Honduras, El Salvador, Guatemala, Costa Rica, Panamá;Madrid;Restaurantes;"Centroamericana, Pupusas; Gallo Pinto; Cócteles";0;3;3;;;
15910;ia_1526;Restaurante LUSI;Madrid;Restaurantes;Mediterranea;0;3;3;;;
15312;ia_897;Restaurante M&J Gastrobar Coslada;Madrid;Restaurantes;Española, Platos internacionales, Tapas creativas;0;3;3;;;
15922;ia_1539;Restaurante Mandarosso;Madrid;Restaurantes;"Italiana, Pasta; Pizza; Risotto";0;3;3;;;
15967;ia_1584;Restaurante Mandela 100;Madrid;Restaurantes;"Africana, Cuscús; Carnes; Platos Especiados";0;3;3;;;
15993;ia_1610;Restaurante Mar Y Sal;Madrid;Restaurantes;"Mediterranea, Mariscos; Arroces; Pescados";0;3;3;;;
4078;restaurante_matiz_malaga;Restaurante Matiz Málaga;Málaga;Restaurantes;Top, Trendy, Mediterranea, Restaurantes;0;4;4;33305;33309;33306,33307,33308,33310,33311,33312,33313,33314
15971;ia_1588;Restaurante MEGU;Madrid;Restaurantes;"Internacional, Fusión; Cócteles; Postres";0;3;3;;;
16004;ia_1621;RESTAURANTE MIS TRADICIONES IMPERIAL;Madrid;Restaurantes;"Peruana, Ceviche; Tiraditos; Lomo Saltado";0;3;3;;;
1888;restaurante_montana;RESTAURANTE MONTANA;Málaga;Restaurantes;Trendy, Español, Restaurantes;0;4;4;19681;19682;19679,19680,19683,19684
15669;ia_1263;Restaurante Moscatel;Madrid;Restaurantes;Internacional, Cocina de autor, Platos gourmet;0;3;3;;;
15783;ia_1377;Restaurante Mula;Madrid;Restaurantes;Española, Carnes, Cocina tradicional;0;3;3;;;
15990;ia_1607;Restaurante Nantes;Madrid;Restaurantes;"Mediterranea, Cocina de Autor; Mediterránea Moderna";0;3;3;;;
15901;ia_1517;Restaurante Nature Hotel Crowne Plaza;Madrid;Restaurantes;Internacional;0;3;3;;;
15998;ia_1615;Restaurante NuBel;Madrid;Restaurantes;"Internacional, Brunch; Tapas; Cócteles";0;3;3;;;
16488;ia_2172;Restaurante Orient;Madrid;Restaurantes;Restaurante tradicional, Asiática / China;0;3;3;;;
16012;ia_1629;Restaurante Oviedo;Madrid;Restaurantes;"Asturiana, Fabada; Cachopo; Sidra";0;3;3;;;
3274;restaurante_panoramico_terraza_hotel_catalonia_ronda;Restaurante Panorámico Terraza Hotel Catalonia Ronda;Ronda;Fiesta, Restaurantes;Trendy, Bares de copas y Discotecas, Español, Mediterranea, Restaurantes, Café y té;0;4;4;41344;48938;21403,21405,21406,48935,48937,48939,48940,48941
16021;ia_1638;Restaurante Parisien;Madrid;Restaurantes;"Francesa, Croissants; Carnes; Vinos";0;3;3;;;
3243;restaurante_pedro_romero;Restaurante Pedro Romero;Ronda;Restaurantes;Tradicionales, Español, Restaurantes;0;4;4;21142;21144;21141,21143,21145,21146,21147,21148,21149
14887;ia_464;Restaurante Peruano Resto Bar Fusion;Madrid;Restaurantes;Peruana, Ceviches, Tiraditos, Anticuchos;0;3;3;;;
15988;ia_1605;Restaurante Peyma;Madrid;Restaurantes;"Española, Churros; Café; Menú Diario";0;3;3;;;
15905;ia_1521;Restaurante Piche;Madrid;Restaurantes;Española;0;3;3;;;
15782;ia_1376;Restaurante Piscomar;Madrid;Restaurantes;Peruana, Ceviches, Cocina peruana;0;3;3;;;
15657;ia_1251;Restaurante Pizzeria La Nonna Mia;Madrid;Restaurantes;Italiana, Pizza, Pasta;0;3;3;;;
14512;ia_68;Restaurante Q' Padre;Madrid;Restaurantes;Peruana, Ceviches, Anticuchos, Cocina Peruana;0;3;3;;;
16486;ia_2170;Restaurante Quevedo;Madrid;Restaurantes;Española / Mediterránea, Restaurante contemporáneo;0;3;3;;;
889;restaurante_rafa;Restaurante Rafa;Madrid;Restaurantes;Tradicionales, Restaurantes;0;4;4;16869;16870;16871
15986;ia_1603;Restaurante Ribeira Sacra;Madrid;Restaurantes;"Gallega, Mariscos; Pulpo; Empanadas";0;3;3;;;
15895;ia_1511;Restaurante San Francisco;Madrid;Restaurantes;Española;0;3;3;;;
15944;ia_1561;Restaurante San Román;Madrid;Restaurantes;"Española, Comida Casera; Carnes; Pescados";0;3;3;;;
19252;ia_5630;Restaurante secreto en Madrid (por confirmar);Madrid;Experiencias Unicas;Degustación / experiencia gastronómica;0;1;1;;;
16496;ia_2180;Restaurante Sinestesia;Madrid;Restaurantes;Restaurante de autor, Mediterránea / Fusión / Creativa;0;3;3;;;
4323;restaurante_sol_y_sombra;Restaurante Sol y Sombra;Ronda;Restaurantes;Tradicionales, Español, Restaurantes;0;4;4;42902;42846;42825,47161,47162,47163,47164,47165,47166
15956;ia_1573;Restaurante Solanito;Madrid;Restaurantes;"Española, Comida Casera; Menú Diario";0;3;3;;;
15899;ia_1515;Restaurante Soufriere;Madrid;Restaurantes;Mediterranea;0;3;3;;;
15983;ia_1600;Restaurante Tablafina;Madrid;Restaurantes;"Mediterranea, Tapas Gourmet; Embutidos; Vinos";0;3;3;;;
15639;ia_1233;RESTAURANTE TETSU;Madrid;Restaurantes;Fusión / De mercado, Arroces / Ceviches / Carnes a la brasa;0;3;3;;;
16015;ia_1632;Restaurante Trattoria Increscendo;Madrid;Restaurantes;"Italiana, Pasta; Pizza; Tiramisú";0;3;3;;;
15946;ia_1563;Restaurante Trotamundos;Madrid;Restaurantes;"Internacional, Fusión; Tapas Gourmet; Cócteles";0;3;3;;;
16504;ia_2190;Restaurante Urumea;Madrid;Restaurantes;Restaurante tradicional, Asturiana / Española;0;3;3;;;
1819;restaurante_windsor;Restaurante Windsor;Barcelona;Restaurantes;Top, Español, Restaurantes;0;4;4;19268;19270;19267,19269,19271,19272,19273
15149;ia_733;Restaurante-Cafeteria Legan's;Madrid;Restaurantes;Mediterranea, Huevos rotos | Mariscos a la plancha | Arroces;0;3;3;;;
18895;ia_5228;Retiro Parque Segway Tour 1h30 en Madrid;Madrid;Experiencias Unicas;Excursión de día (Day trip);0;1;1;;;
18908;ia_5242;Retiro Parque Segway Tour 1h30 en Madrid;Madrid;Experiencias Unicas;Clase de cocina / Taller culinario;0;1;1;;;
19131;ia_5494;Retiro Parque Segway Tour 1h30 en Madrid;Madrid;Experiencias Unicas;Excursión de día (Day trip);0;1;1;;;
19145;ia_5508;Retiro Parque Segway Tour 1h30 en Madrid;Madrid;Experiencias Unicas;Tour en bici / e-bike / segway;0;1;1;;;
19216;ia_5580;Retro Tour Madrid;Madrid;Experiencias Unicas;Walking tour · Privado;0;1;1;;;
18488;ia_5681;Revitalize Men's Massage;Madrid;Wellness;Centro de masajes;0;1;1;;;
16411;ia_2049;Revuelto;Madrid;Restaurantes;Española;0;3;3;;;
14706;ia_255;Rhudo;Madrid;Restaurantes;Mediterránea, Internacional, Alta cocina, Coctelería;0;3;3;;;
19235;ia_5606;Rhudo Madrid;Madrid;Experiencias Unicas;Cena-espectáculo / Table mapping;0;1;1;;;
18896;ia_5229;Riad Air Metropolitano: Entrada Rápida + Recorrido + Visita al Museo Interactivo;Madrid;Experiencias Unicas;Visita guiada a museo/monumento;0;1;1;;;
18909;ia_5243;Riad Air Metropolitano: Entrada Rápida + Recorrido + Visita al Museo Interactivo;Madrid;Experiencias Unicas;Excursión de día (Day trip);0;1;1;;;
19132;ia_5495;Riad Air Metropolitano: Entrada Rápida + Recorrido + Visita al Museo Interactivo;Madrid;Experiencias Unicas;Traslado (aeropuerto/ciudad) · Privado;0;1;1;;;
19146;ia_5509;Riad Air Metropolitano: Entrada Rápida + Recorrido + Visita al Museo Interactivo;Madrid;Experiencias Unicas;Traslado (aeropuerto/ciudad) · Privado;0;1;1;;;
18897;ia_5230;Riad Air Metropolitano: Entrada sin colas + Visita guiada + Visita al museo;Madrid;Experiencias Unicas;Taller de artes (pintura/cerámica/foto);0;1;1;;;
18910;ia_5244;Riad Air Metropolitano: Entrada sin colas + Visita guiada + Visita al museo;Madrid;Experiencias Unicas;Visita guiada a museo/monumento;0;1;1;;;
19133;ia_5496;Riad Air Metropolitano: Entrada sin colas + Visita guiada + Visita al museo;Madrid;Experiencias Unicas;Traslado (aeropuerto/ciudad) · Privado;0;1;1;;;
19147;ia_5510;Riad Air Metropolitano: Entrada sin colas + Visita guiada + Visita al museo;Madrid;Experiencias Unicas;Traslado (aeropuerto/ciudad) · Privado;0;1;1;;;
15234;ia_819;Rías Bajas - Clara del Rey;Madrid;Restaurantes;Española, Mariscos, Pescados, Arroces;0;3;3;;;
16490;ia_2174;Ribs (Isla Azul);Madrid;Restaurantes;Americana, Barbecue / Grill;0;3;3;;;
15662;ia_1256;Ribs Plenilunio;Madrid;Restaurantes;Americana, Barbacoa, Hamburguesas, Costillas;0;3;3;;;
15325;ia_910;Ricardo Sanz Wellington;Madrid;Restaurantes;Española, Sushi, Platos japoneses de autor;0;3;3;;;
15041;ia_625;Rich & Posh;Madrid;Restaurantes;China, Dim Sum;0;3;3;;;
17392;ia_3213;Richard Mille;Madrid;Compras;"Joyería y relojería de lujo, Relojes de lujo; Innovación extrema; Materiales vanguardistas";0;3;3;;;
17408;ia_3229;Richard Mille;Madrid;Compras;"Joyería y relojería de lujo, Relojes de lujo deportivos; Tecnología avanzada; Estilo exclusivo";0;3;3;;;
5144;rick's_cafe_jamaica_;Rick's Cafe Jamaica ;Filipinas;Restaurantes;Trendy;0;4;4;46141;46145;46142,46143,46144,46146,46147,46148,46149,46150
15143;ia_727;Ricos Tacos - Las Rozas;Madrid;Restaurantes;Internacional, Tacos;0;3;3;;;
1749;rilke;RILKE;Barcelona;Restaurantes;Trendy, Restaurantes;0;4;4;18762;18763;18764,18765
15481;ia_1068;Rincón de Vespok Puerta de Hierro;Madrid;Restaurantes;"Española contemporánea, Carnes; Tapas; Vinos";0;3;3;;;
18911;ia_5247;Rincones de Madrid en Segway;Madrid;Experiencias Unicas;Clase de cocina / Taller culinario;0;1;1;;;
19148;ia_5513;Rincones de Madrid en Segway;Madrid;Experiencias Unicas;Excursión de día (Day trip);0;1;1;;;
714;rio_babel_2019;Río Babel 2019;Madrid;Fiesta;Festivales, Electrónica, Comercial, Reggeaton, Otro;0;4;4;15900;15901;15902,15903,15904,15905,15906,15907,15908,15909,15910,15911
16157;ia_1776;Ristorante Amalfi;Madrid;Restaurantes;"Italiana, Spaghetti; Pizza amalfitana";0;3;3;;;
16232;ia_1851;Ristorante Amalfi;Madrid;Restaurantes;"Italiana, Pizza Amalfitana; Pasta casera";0;3;3;;;
16287;ia_1906;Ristorante Amalfi;Madrid;Restaurantes;"Italiana, Pizza amalfitana; Pasta fresca";0;3;3;;;
16081;ia_1700;Ristorante Amici;Madrid;Restaurantes;"Italiana, Pizza; Pasta";0;3;3;;;
16172;ia_1791;Ristorante Capri;Madrid;Restaurantes;"Italiana, Pizza caprese; Pasta fresca";0;3;3;;;
16212;ia_1831;Ristorante Capri;Madrid;Restaurantes;"Italiana, Pizza caprese; Pasta fresca";0;3;3;;;
16317;ia_1936;Ristorante Capri;Madrid;Restaurantes;"Italiana, Pizza caprese; Pasta fresca";0;3;3;;;
16347;ia_1966;Ristorante Capri;Madrid;Restaurantes;"Italiana, Pizza caprese; Pasta fresca";0;3;3;;;
16187;ia_1806;Ristorante Firenze;Madrid;Restaurantes;"Italiana, Bistecca alla fiorentina; Pizza";0;3;3;;;
16197;ia_1816;Ristorante Firenze;Madrid;Restaurantes;"Italiana, Pizza fiorentina; Pasta fresca";0;3;3;;;
16252;ia_1871;Ristorante Firenze;Madrid;Restaurantes;"Italiana, Pizza florentina; Pasta fresca";0;3;3;;;
16258;ia_1877;Ristorante Firenze;Madrid;Restaurantes;"Italiana, Bistecca alla Fiorentina; Panzanella";0;3;3;;;
16267;ia_1886;Ristorante Firenze;Madrid;Restaurantes;"Italiana, Tagliatelle; Pizza";0;3;3;;;
16367;ia_1986;Ristorante Firenze;Madrid;Restaurantes;"Italiana, Pizza florentina; Pasta fresca";0;3;3;;;
16247;ia_1866;Ristorante Genova;Madrid;Restaurantes;"Italiana, Focaccia; Pasta al pesto";0;3;3;;;
16142;ia_1761;Ristorante Milano;Madrid;Restaurantes;"Italiana, Risotto; Carpaccio";0;3;3;;;
16202;ia_1821;Ristorante Milano;Madrid;Restaurantes;"Italiana, Risotto milanés; Pizza";0;3;3;;;
16307;ia_1926;Ristorante Milano;Madrid;Restaurantes;"Italiana, Lasagna; Pizza milanesa";0;3;3;;;
16327;ia_1946;Ristorante Milano;Madrid;Restaurantes;"Italiana, Risotto; Pizza milanesa";0;3;3;;;
16217;ia_1836;Ristorante Napoli;Madrid;Restaurantes;"Italiana, Pizza napolitana; Gnocchi";0;3;3;;;
16242;ia_1861;Ristorante Napoli;Madrid;Restaurantes;"Italiana, Pizza napolitana; Pasta fresca";0;3;3;;;
16262;ia_1881;Ristorante Napoli;Madrid;Restaurantes;"Italiana, Pizza napolitana; Pasta fresca";0;3;3;;;
16357;ia_1976;Ristorante Napoli;Madrid;Restaurantes;"Italiana, Pizza napolitana; Pasta fresca";0;3;3;;;
16272;ia_1891;Ristorante Roma;Madrid;Restaurantes;"Italiana, Pizza romana; Pasta fresca";0;3;3;;;
16292;ia_1911;Ristorante Roma;Madrid;Restaurantes;"Italiana, Pizza romana; Pasta fresca";0;3;3;;;
16302;ia_1921;Ristorante Roma;Madrid;Restaurantes;"Italiana, Pizza romana; Pasta fresca";0;3;3;;;
16342;ia_1961;Ristorante Roma Bella;Madrid;Restaurantes;"Italiana, Pizza romana; Pasta fresca";0;3;3;;;
16383;ia_2002;Ristorante Roma Bella;Madrid;Restaurantes;"Italiana, Pizza romana; Pasta fresca";0;3;3;;;
16337;ia_1956;Ristorante Sicilia;Madrid;Restaurantes;"Italiana, Pizza siciliana; Pasta fresca";0;3;3;;;
16372;ia_1991;Ristorante Sicilia;Madrid;Restaurantes;"Italiana, Pizza siciliana; Pasta fresca";0;3;3;;;
16182;ia_1801;Ristorante Torino;Madrid;Restaurantes;"Italiana, Pizza al taglio; Pasta fresca";0;3;3;;;
16322;ia_1941;Ristorante Torino;Madrid;Restaurantes;"Italiana, Pizza torinese; Pasta fresca";0;3;3;;;
16362;ia_1981;Ristorante Torino;Madrid;Restaurantes;"Italiana, Pizza torinese; Pasta fresca";0;3;3;;;
16282;ia_1901;Ristorante Toscana;Madrid;Restaurantes;"Italiana, Pasta toscana; Pizza";0;3;3;;;
16352;ia_1971;Ristorante Toscana;Madrid;Restaurantes;"Italiana, Pizza toscana; Pasta fresca";0;3;3;;;
16152;ia_1771;Ristorante Venezia;Madrid;Restaurantes;"Italiana, Risotto; Pizza veneciana";0;3;3;;;
16207;ia_1826;Ristorante Venezia;Madrid;Restaurantes;"Italiana, Risotto; Carpaccio";0;3;3;;;
16227;ia_1846;Ristorante Venezia;Madrid;Restaurantes;"Italiana, Risotto; Pizza veneciana";0;3;3;;;
16277;ia_1896;Ristorante Venezia;Madrid;Restaurantes;"Italiana, Risotto; Pizza veneciana";0;3;3;;;
16377;ia_1996;Ristorante Venezia;Madrid;Restaurantes;"Italiana, Pizza veneciana; Pasta fresca";0;3;3;;;
16177;ia_1796;Ristorante Verona;Madrid;Restaurantes;"Italiana, Pizza veronesa; Pasta fresca";0;3;3;;;
16192;ia_1811;Ristorante Verona;Madrid;Restaurantes;"Italiana, Pizza veronesa; Pasta fresca";0;3;3;;;
1793;rita_blue;Rita Blue;Barcelona;Fiesta;Bares de copas;0;4;4;18975;18974;18973,18976
5224;rita_la_cantaora;Rita la cantaora;Madrid;Fiesta, Restaurantes;Bares de copas;0;4;4;47203;47202;47199,47200,47201,47204,47205,47206,47207,47208
5015;riu_plaza_espana;Riu Plaza España;Madrid;Fiesta;Bares de copas;0;4;4;44826;;44822,44823,44824,44825,44827,44828,44829,44830,44831
717;rivas_rock;Rivas Rock;Madrid;Fiesta;Festivales, Rock;0;4;4;15579;15580;
3933;riviera_punta_cana_eco_travelers_house;Riviera Punta Cana Eco Travelers House;Punta Cana;Alojamiento;Low cost;0;4;4;28432;28427;28428,28429,28430,28431,28433,28434,28435,28436
17011;ia_2831;Riyadh Air Metropolitano (Cívitas Metropolitano);Madrid;Eventos;Estadio y espacio para conciertos;0;3;3;;;
18028;ia_4016;Riyadh Air Metropolitano y Territorio Atleti: Entrada + Visita guiada;Madrid;Arte y Cultura;Museo de ciencia y tecnología, Museo del Arte Clásico Mediterráneo, esculturas, cerámicas;0;3;3;;;
18030;ia_4018;Riyadh Air Metropolitano: Tour libre + Museo;Madrid;Arte y Cultura;Museo de ciencia y tecnología, Museo del Arte Romántico Europeo, Delacroix, Friedrich;0;3;3;;;
18029;ia_4017;Riyadh Air Metropolitano: Tour Premium + Desayuno en el Palco Privado de Simeone;Madrid;Arte y Cultura;Museo de ciencia y tecnología, Museo de Ciencias Digitales, realidad aumentada, ciberseguridad;0;3;3;;;
15686;ia_1280;Ro'Os;Madrid;Restaurantes;Mediterranea, Cocina mediterránea, Platos caseros;0;3;3;;;
16316;ia_1935;Roadhouse Grill;Madrid;Restaurantes;"Americana, Costillas BBQ; Hamburguesas";0;3;3;;;
17520;ia_3341;Roberto Cavalli Watches;Madrid;Compras;"Joyería y relojería de lujo, Moda internacional; Estilo atrevido; Diseños icónicos";0;3;3;;;
17327;ia_3148;Roberto Verino;Madrid;Compras;"Ropa y accesorios, Moda de lujo; Alta costura; Atención personalizada";0;3;3;;;
18565;ia_5768;Roc 30 – Rocódromo FMM;Madrid;Deportes;Escalada deportiva / Boulder;0;1;1;73269;73270;
16124;ia_1743;Rocambolesc;Madrid;Restaurantes;"Heladería Creativa, Helados de Autor; Postres";0;3;3;;;
866;rock_and_ladies_;ROCK AND LADIES ;Madrid;Ocio y eventos;Conciertos;0;4;4;16432;16433;
3883;rock_spa;Rock Spa;Punta Cana;Compras;Para ti;0;4;4;26563;26560;26561,26562
15465;ia_1051;Rockade Madrid;Madrid;Restaurantes;"Internacional, Street food; Hamburguesas & Hot Dogs; Snacks";0;3;3;;;
16648;ia_2370;Rockade Malasaña;Madrid;Nightlife;Bar temático / Arcade;0;3;3;;;
18578;ia_5781;RockTown Climbing;Madrid;Deportes;Escalada;0;1;1;73268;73265;
15762;ia_1356;Rocky Legazpi;Madrid;Restaurantes;Americana, Hamburguesas, Cocina americana;0;3;3;;;
16241;ia_1860;Rocky's Diner;Madrid;Restaurantes;"Americana, Hamburguesas; Batidos";0;3;3;;;
16306;ia_1925;Rocky’s Diner;Madrid;Restaurantes;"Americana, Hamburguesas; Batidos";0;3;3;;;
670;rocodromo;Rocódromo;Madrid;Ocio y eventos;Experiencias y actividades;0;4;4;16122;16123;
18627;ia_5830;Rocódromo Espacio Acción;Madrid;Deportes;Escalada;0;1;1;73260;73257;
18612;ia_5815;Rocódromo Urban Monkey - Madrid;Madrid;Deportes;Escalada;0;1;1;73255;73254;
18654;ia_5857;Rocódromos en Madrid;Madrid;Deportes;Escalada;0;1;1;;;
18588;ia_5791;RocoMadrid;Madrid;Deportes;Escalada;0;1;1;73262;73263;
17443;ia_3264;Roger Dubuis;Madrid;Compras;"Joyería y relojería de lujo, Alta relojería; Innovación técnica; Diseños atrevidos";0;3;3;;;
16716;ia_2471;Roisa Hostal Boutique;Madrid;Alojamiento;hostel, Decoración moderna, buena ubicación;0;3;3;;;
17382;ia_3203;Rolex;Madrid;Compras;"Joyería y relojería de lujo, Relojes de lujo; Icono mundial; Servicio exclusivo";0;3;3;;;
16589;ia_2310;Rolfo Burger;Madrid;Restaurantes;Hamburguesería, Americana / Internacional;0;3;3;;;
5366;rolling_dance_y_burger;Rolling Dance & Burger;Madrid;Restaurantes;Trendy, Americano, Hamburguesa, Restaurantes;0;4;4;48269;48270;48267,48268,48271,48272,48274,48275
17423;ia_3244;Romain Jerome;Madrid;Compras;"Joyería y relojería de lujo, Relojes creativos; Inspiración cultural; Estilo único";0;3;3;;;
17449;ia_3270;Romain Jerome;Madrid;Compras;"Joyería y relojería de lujo, Diseños atrevidos; Relojes temáticos; Alta relojería suiza";0;3;3;;;
4371;ronda_centro;Ronda Centro;Ronda;Qué ver;Barrios, Arquitectura: plazas y monumentos;0;4;4;38645;;38642,38643,38644,38646,38647,38648,38649,38654,38655
4117;ronda_flamenca;Ronda Flamenca;Ronda;Ocio y eventos, Experiencias y Actividades;Experiencias y Actividades, Actividades Ronda;0;4;4;34590;34593;34591,34592,34594
4484;ronda_lingua;Ronda Lingua;Ronda;Experiencias y Actividades;Experiencias y Actividades, Comercios, productos locales y artesanía;0;4;4;42566;;42565,42567
4285;ronda_mountain_resort;Ronda Mountain Resort;Ronda;Alojamiento;Villas, Concierge, Traslados;0;4;4;37120;37121;37122
3428;rondacentro;Rondacentro;Ronda;Alojamiento;Hoteles, Wifi;0;4;4;26923;22155;22147,26920,26921,26922,26924,26926
14525;ia_97;RongJi;Madrid;Restaurantes;China, Dumplings, Noodles, Cocina China;0;3;3;;;
16429;ia_2087;Rongji Shaobing Hot Pot;Madrid;Restaurantes;China / Sichuan, Hot Pot;0;3;3;;;
14874;ia_450;Rooi Rook Móstoles;Madrid;Restaurantes;Internacional, Pastas, Carnes, Tapas;0;3;3;;;
19195;ia_5559;Room Escape Adventures;Madrid;Experiencias Unicas;Escape room / Quest urbana;0;1;1;;;
16760;ia_2515;Room Mate Alicia;Madrid;Alojamiento;Boutique Hotel, Desayuno buffet, diseño moderno;0;3;3;;;
420;room_mate_alicia_4;Room Mate Alicia 4*;Madrid;Alojamiento;Hoteles;0;4;4;16483;16484;16485,16486,16487,16488,16490
1834;room_mate_larios;Room Mate Larios;Málaga;Qué ver;Cool Places;0;4;4;19374;19377;19375,19376
74;room_mate_laura_3;Room Mate Laura 3*;Madrid;Alojamiento;Hoteles;0;4;4;15296;15297;15298,15299
16755;ia_2510;Room Mate Macarena;Madrid;Alojamiento;Boutique Hotel, Terraza, desayuno buffet, Wi‑Fi;0;3;3;;;
16752;ia_2507;Room Mate Mario;Madrid;Alojamiento;Boutique Hotel, Diseño vanguardista, desayuno buffet;0;3;3;;;
75;room_mate_mario_3;Room Mate Mario 3*;Madrid;Alojamiento;Hoteles;0;4;4;16707;16708;16709,16710,16711,16712
1021;room007_chueca_hostel;Room007 Chueca Hostel;Madrid;Alojamiento;Low cost;0;4;4;16532;16533;16534,16535,16536
16467;ia_2144;Roost Chicken;Madrid;Restaurantes;Americana / Fried Chicken, Pollo frito • Burgers;0;3;3;;;
16502;ia_2188;Roost Chicken;Madrid;Restaurantes;Americana / Fusión, Fried Chicken House;0;3;3;;;
14906;ia_484;Roost Chicken San Andrés;Madrid;Restaurantes;Americana, Pollo frito, Hamburguesas;0;3;3;;;
14510;roostiq;Roostiq;Madrid;Restaurantes;Española / Moderna, Carnes a la Brasa, Cocina Moderna;0;4;4;74723;74724;74720,74722
16410;ia_2048;Rosconería Bargueño;Madrid;Restaurantes;Española, Panadería;0;3;3;;;
16827;ia_2590;Rosewood Villa Magna: lujo contemporáneo en el corazón de Madrid;Madrid;Alojamiento;Hoteles, Spa y restaurante Michelin;0;3;3;;;
4054;rosi_la_loca;Rosi la loca;Madrid;Restaurantes;Trendy, Español, Mediterranea, Restaurantes;0;4;4;31787;31784;31785,31786,31788,31789,31790,31791,31793,31810,31811,31813,31814,31815
17488;ia_3309;Rotary;Madrid;Compras;"Joyerías y relojerías, Relojes británicos; Diseño clásico; Alta relojería accesible";0;3;3;;;
14903;ia_481;Rotonda de Pacífico;Madrid;Restaurantes;Española, Tapas, Menú diario;0;3;3;;;
17588;ia_3417;Rotoruabike;Madrid;Compras;Bicicletas y accesorios, Asesoramiento técnico, exposición de bicis, recogida rápida;0;3;3;;;
16271;ia_1890;Route 66 BBQ;Madrid;Restaurantes;"Americana, Costillas BBQ; Hamburguesas";0;3;3;;;
16196;ia_1815;Route 66 Burger;Madrid;Restaurantes;"Americana, Hamburguesas; Costillas BBQ";0;3;3;;;
16156;ia_1775;Route 66 Diner;Madrid;Restaurantes;"Americana, Hamburguesas; Costillas";0;3;3;;;
16251;ia_1870;Route 77 Diner;Madrid;Restaurantes;"Americana, Hamburguesas; Costillas";0;3;3;;;
16286;ia_1905;Route Diner;Madrid;Restaurantes;"Americana, Hamburguesas; Costillas BBQ";0;3;3;;;
16183;ia_1802;Royal Curry;Madrid;Restaurantes;"India, Pollo korma; Biryani";0;3;3;;;
16223;ia_1842;Royal Curry;Madrid;Restaurantes;"India, Chicken curry; Biryani";0;3;3;;;
16318;ia_1937;Royal India;Madrid;Restaurantes;"India, Pollo tikka masala; Biryani";0;3;3;;;
16348;ia_1967;Royal Masala;Madrid;Restaurantes;"India, Pollo tikka masala; Curry de verduras";0;3;3;;;
17967;ia_3928;Royal Selecciones Gallery Entrada Madrid;Madrid;Arte y Cultura;Museo de historia, Museo del Arte Precolombino, piezas mayas, aztecas;0;3;3;;;
3916;royalton_chic_punta_cana_resort_y_spa;Royalton CHIC Punta Cana Resort & Spa;Punta Cana;Alojamiento;Hoteles;0;4;4;28175;28178;28171,28172,28173,28174,28176,28177,28179,28180
3503;royalton_punta_cana_resort_y_casino;Royalton Punta Cana Resort & Casino;Punta Cana;Alojamiento;Hoteles;0;4;4;22628;22624;22625,22626,22627,22629,22630,22631,22632,22633
16419;ia_2064;Ruda Café;Madrid;Restaurantes;Internacional;0;3;3;;;
18640;ia_5843;Rumbo Sport;Madrid;Deportes;Multideporte;0;1;1;73252;73253;
15189;ia_774;RUMI7RESTAURANTE PERUANO;Madrid;Restaurantes;Peruana, Ceviche | Pollo a la brasa | Lomo saltado;0;3;3;;;
15295;ia_880;Runni Osaka;Madrid;Restaurantes;Japonesa, Sushi, Sashimi, Platos japoneses;0;3;3;;;
15756;ia_1350;Runni Space;Madrid;Restaurantes;Internacional, Platos saludables, Cocina internacional;0;3;3;;;
16516;ia_2205;Running Sushi in Market;Madrid;Restaurantes;Japonesa / Asiática, Sushi bar / Kaiten;0;3;3;;;
16542;ia_2249;Running Sushi Inakihabara;Madrid;Restaurantes;Japonesa, Buffet con cinta;0;3;3;;;
14562;ia_69;Rural;Madrid;Restaurantes;Española / Madrileña, Tapas, Cocina Tradicional Madrileña;0;3;3;;;
18260;ia_4418;Russian Ready (Lourdes Hernández);Madrid;Arte y Cultura;Museo / galería (general), Exposiciones multidisciplinares;0;3;3;;;
3572;rustika_decoracion;Rustika decoración;Madrid;Compras;Tiendas;0;4;4;23179;23176;23172,23174,23175,23178
15649;ia_1243;Ruta 108;Madrid;Restaurantes;Mediterránea / Creativa, Arroces / Pescados / Carnes;0;3;3;;;
18437;ia_4548;Ruta a Caballo en la Sierra de Madrid;Madrid;Naturaleza;Ruta a caballo, Bosques, caminos, montaña, Equitación, relax, naturaleza;0;1;1;;;
5343;ruta_a_pie_por_la_sierra_de_las_nieves;Ruta a pie por La Sierra de las Nieves;Ronda;Experiencias y Actividades;Naturaleza y Turismo Activo, Experiencias y Actividades;0;4;4;48732;48731;
3577;ruta_aranjuez_imprescindible;Ruta Aranjuez Imprescindible;Aranjuez;Ocio y eventos;Experiencias y actividades, Ocio;0;4;4;23214;48580;23211,23212,23213,23215,23216,23217,23218,23219,23220,48717,48734,49010
18422;ruta_de_la_casa_de_campo;Ruta de la Casa de Campo;Madrid;Naturaleza;Playa / zona de baño en lago/embalse, Bosques, lago, colinas, Running, ciclismo, teleférico;0;4;4;;;
18425;ruta_de_la_pedriza;Ruta de La Pedriza;Madrid;Naturaleza;Excursión a Gran Parte Del Recorrido, Rocas graníticas, ríos, pinares, Escalada, fotografía de paisaje;0;4;4;;;
18440;ia_4552;Ruta de los Castillos de la Sierra Oeste;Madrid;Naturaleza;Ruta de senderismo, Montañas, valles, pueblos históricos, Historia, senderismo, fotografía;0;1;1;;;
18913;ia_5250;Ruta de Tapas en Madrid Experience;Madrid;Experiencias Unicas;Clase de cocina / Taller culinario;0;1;1;;;
19150;ia_5516;Ruta de Tapas en Madrid Experience;Madrid;Experiencias Unicas;Tour guiado (general);0;1;1;;;
18914;ia_5251;Ruta de tapas y tragos del distrito LGBTQ en Madrid;Madrid;Experiencias Unicas;Tour por barrio;0;1;1;;;
19119;ia_5477;Ruta de tapas y tragos del distrito LGBTQ en Madrid;Madrid;Experiencias Unicas;Tour guiado (general);0;1;1;;;
4668;ruta_de_vinos_y_tapas;Ruta de vinos y tapas;Madrid;Restaurantes;Top, Español, Restaurantes;0;4;4;48703;48700;48701,48702,48704
18423;ruta_del_parque_lineal_del_manzanares;Ruta del Parque Lineal del Manzanares;Madrid;Naturaleza;Zona de río / ribera, Río, puentes, esculturas, Fotografía, ciclismo, arte público;0;4;4;;;
18442;ia_4554;Ruta del Vino de Madrid;Madrid;Naturaleza;Ruta enológica (outdoor), Viñedos, olivares, pueblos, Enoturismo, catas, gastronomía;0;1;1;;;
6108;ruta_del_vino_de_ronda_y_malaga_;RUTA DEL VINO DE RONDA Y MÁLAGA ;Ronda;Experiencias y Actividades;Bodegas y Vinos de Ronda;0;4;4;50199;50197;
5344;ruta_en_4x4_en_la_sierra_de_las_nieves;Ruta en 4x4 en La Sierra de las Nieves;Ronda;Experiencias y Actividades;Experiencias y Actividades, Actividades Deportivas;0;4;4;48728;48730;
19224;ia_5589;Ruta gastronómica El Rastro;Madrid;Experiencias Unicas;Food tour / Ruta gastronómica;0;1;1;;;
16583;ia_2304;Ruta Las Hurdes;Madrid;Restaurantes;Extremeña / Española, Restaurante tradicional;0;3;3;;;
17968;ia_3929;Ruta literaria por Madrid;Madrid;Arte y Cultura;Museo de historia, Museo de Ciencias del Mar, océanos, biodiversidad;0;3;3;;;
18424;ruta_por_la_sierra_de_guadarrama;Ruta por la Sierra de Guadarrama;Madrid;Naturaleza;Excursión a Solo, Montañas, lagunas, pinares, Senderismo, fotografía, fauna;0;4;4;;;
18912;ia_5249;Ruta Privada: Las Tabernas Centenarias de Madrid (con tapas);Madrid;Experiencias Unicas;Food tour / Ruta de tapas;0;1;1;;;
19149;ia_5515;Ruta Privada: Las Tabernas Centenarias de Madrid (con tapas);Madrid;Experiencias Unicas;Tour guiado (general);0;1;1;;;
19240;ia_5612;Ruta romántica por Madrid;Madrid;Experiencias Unicas;Tour/experiencia (general);0;1;1;;;
15075;ia_659;Sa Brisa Madrid;Madrid;Restaurantes;Española, Tapas | Fritura de pescado | Croquetas;0;3;3;;;
5599;sabor_a_malaga;Sabor a Málaga;Málaga;Compras;Marcas y Productos Locales, Gastronomía;0;4;4;49017;49016;49011,49012,49013,49014,49015
15718;ia_1312;Sabor Brasil;Madrid;Restaurantes;Brasileña, Parrilla, Carnes;0;3;3;;;
18915;ia_5254;Sabor de España: clase de cocina de tapas con maridaje de vinos sin fondo;Madrid;Experiencias Unicas;Clase de cocina / Taller culinario;0;1;1;;;
19120;ia_5480;Sabor de España: clase de cocina de tapas con maridaje de vinos sin fondo;Madrid;Experiencias Unicas;Tour guiado (general);0;1;1;;;
16098;ia_1717;Sabor Tropical;Madrid;Restaurantes;"Latina, Arepas; Bandeja Paisa";0;3;3;;;
15794;ia_1388;Sabor y Charla (Bravo Murillo 84);Madrid;Restaurantes;Mediterranea, Cocina mediterránea, Tapas;0;3;3;;;
16465;ia_2140;Sabora Pizza;Madrid;Restaurantes;Italiana / Pizzería, Pizza XXL / Street food;0;3;3;;;
16509;ia_2196;Sabora Pizza (Carabanchel);Madrid;Restaurantes;Italiana, Pizzería artesanal;0;3;3;;;
3147;saborea_moclinejo;Saborea Moclinejo;Málaga;Restaurantes;Tradicionales, Experiencias y actividades;0;1;3;20740;20733;20734,20735,20736,20737,20738,20739,20741,20742
16143;ia_1762;Sabores de India;Madrid;Restaurantes;"India, Pollo tikka; Curry de verduras";0;3;3;;;
18916;ia_5255;Sabores y Flamenco en Madrid + Ruta de Bares;Madrid;Experiencias Unicas;Clase/Taller de baile;0;1;1;;;
19121;ia_5481;Sabores y Flamenco en Madrid + Ruta de Bares;Madrid;Experiencias Unicas;Clase de cocina / Taller culinario;0;1;1;;;
18344;ia_4391;Sabrina Amrani;Madrid;Arte y Cultura;Museo de arte contemporáneo, arte contemporáneo internacional, arte crítico internacional, Zoulikha Bouabdellah, Waqas Khan, Joana Choumali;0;1;1;73491;73493;
3759;sac_parfums_paris;SAC Parfums Paris;Málaga;Compras;Tiendas, Moda, Accesorios;0;4;4;24462;24460;24461,24463,24464,24465
18466;ia_5658;Sacred Ink Madrid (El Carmen);Madrid;Wellness;Estudio de tatuajes;0;1;1;;;
14627;ia_166;Saddle;Madrid;Restaurantes;Contemporánea / Internacional, Gourmet, Degustación, Innovadora;0;3;3;74775;74777;74776,74778,74779,74780,74781,74782
5254;saddle;Saddle;Madrid;Restaurantes;Top, Español, Restaurantes;0;4;4;47475;47474;47473,47476
306;safari_madrid_;Safari Madrid ;Madrid;Ocio y eventos;Parques Temáticos;0;4;4;17666;17667;17668,17669,17670,17671
16393;ia_2025;Safehouse Moncloa;Madrid;Restaurantes;Internacional, Coctelería;0;3;3;;;
1019;safestay_madrid;Safestay Madrid;Madrid;Alojamiento;Low cost;0;4;4;14838;14839;14840
15680;ia_1274;Saffron Indian Cuisine;Madrid;Restaurantes;India, Currys, Cocina india;0;3;3;;;
1029;saga_rental_la_latina;Saga Rental La Latina;Madrid;Alojamiento;Apartamentos, Wifi;1;4;4;15755;15756;15757,15758,15759,15760
14929;ia_511;Sagami Chueca;Madrid;Restaurantes;Japonesa, Ramen, Sushi;0;3;3;;;
14789;ia_359;SAGARDI Castellana;Madrid;Restaurantes;Vasca, Chuletón, Pintxos, Sidra;0;3;3;;;
1588;sagrada_familia;Sagrada Familia;Barcelona;Qué ver;Plazas y monumentos;0;4;4;27181;18375;18376,18377,27177,27178,27179,27180
18308;ia_4356;Sagrada Familia (Madrid, Latina);Madrid;Arte y Cultura;Barrio / zona histórica, arquitectura religiosa contemporánea, conciertos corales, vida comunitaria, Arquitectura moderna, arte sacro contemporáneo;0;1;1;;;
15249;ia_834;Sahteen By Delicias Arabes;Madrid;Restaurantes;Libanesa, Mezzes, Falafel, Shawarma;0;3;3;;;
15520;ia_1107;Sakai;Madrid;Restaurantes;Japonesa, Restaurante japonés;0;3;3;;;
14776;ia_342;Sakale;Madrid;Restaurantes;Latina, Asiática, Ceviches, Makis, Tapas;0;3;3;;;
14650;sakana;Sakana;Madrid;Restaurantes;Japonesa / Auténtica, Sushi fresco, Sashimi, Tempura;0;3;3;;;
19261;ia_195;Sakana;Madrid;Restaurantes;Japonesa / Auténtica, Sushi fresco, Sashimi, Tempura;0;1;1;73145;73142;
17108;ia_2928;SAKI;Madrid;Compras;"Shopping de hogar y decoración, Muebles de diseño exclusivo; Asesoría en decoración; Piezas personalizadas";0;3;3;;;
15258;ia_843;Sakro Madrid;Madrid;Restaurantes;Española, Tapas creativas, Cocina fusión;0;3;3;;;
14496;ia_26;Sakurako;Madrid;Restaurantes;Japonesa, Sushi, Ramen, Cocina Japonesa;0;3;3;;;
15104;ia_688;SAL MESTIZA;Madrid;Restaurantes;Internacional, Tacos;0;3;3;;;
17016;ia_2836;Sala 0 Madrid;Madrid;Eventos;Sala de conciertos y espectáculos;0;3;3;;;
1818;sala_apolo;Sala Apolo;Barcelona;Fiesta;Salas de concierto;0;4;4;19258;19259;19255,19256,19257
1815;sala_barts;Sala Barts;Barcelona;Fiesta;Salas de concierto;0;4;4;19231;19235;19232,19233,19234
1817;sala_bikini;Sala Bikini;Barcelona;Fiesta;Discotecas, Salas de concierto, Electrónica, Comercial, Rock, Otro;0;4;4;19248;19247;19245,19246,19249
161;sala_but;Sala But;Madrid;Fiesta;Discotecas;0;4;4;15300;15301;15302,15303,15304
157;sala_clamores;Sala Clamores;Madrid;Fiesta;Salas de concierto;0;4;4;16378;16379;16380,16382
16607;ia_2329;Sala Clamores;Madrid;Nightlife;Sala de conciertos;0;4;4;74769;74770;74768
139;sala_coco;Sala Cocó;Madrid;Fiesta;Discotecas;1;4;4;14753;14754;14755,14756,14757,14758
18330;ia_4378;Sala de Exposiciones El Águila;Madrid;Arte y Cultura;;0;1;1;73490;73489;
3975;sala_de_exposiciones_unicaja_de_ronda;Sala de Exposiciones Unicaja de Ronda;Ronda;Ocio y eventos;Exposiciones y Galerías de Arte;1;4;4;;28876;28875
16606;ia_2328;Sala El Sol;Madrid;Nightlife;Sala de conciertos;0;3;3;;;
1869;sala_epoca;Sala Época;Málaga;Fiesta;Discotecas, Electrónica;0;1;3;25098;25096;25097
1079;sala_equis;Sala Equis;Madrid;Fiesta;Bares de copas;0;4;4;17910;17911;17912,17913,17916,17917,17918,17919,17920,17921
16964;ia_2782;Sala Equis;Madrid;Eventos;Experiencia cultural;0;3;3;;;
3105;sala_gades;Sala Gades;Málaga;Ocio y eventos;Espectáculos, Musical;0;4;4;20377;20376;20378
747;sala_groove;Sala Groove pinto;Madrid;Fiesta;Discotecas;1;4;4;17247;17248;17249,17250,17251,17252,17253,17254,17255,17256
17015;ia_2835;Sala La Riviera;Madrid;Eventos;Sala de conciertos;0;3;3;;;
1526;sala_lab;Sala LAB;Madrid;Fiesta;Discotecas, Electrónica;0;4;4;41382;41383;13596,13597,13598,13599
136;sala_marco_aldany;Sala Marco Aldany;Madrid;Fiesta;Discotecas, Salas de concierto;1;4;4;2764;2765;
1881;sala_paris_15;Sala París 15;Málaga;Fiesta;Salas de concierto;0;1;3;19635;19634;19631,19632,19633
158;sala_pirandello;Sala Pirandello;Madrid;Fiesta;Salas de concierto;0;4;4;47711;16417;16418
1859;sala_premier_;Sala Premier ;Málaga;Fiesta;Bares de copas;0;4;4;19570;19568;19569
1798;sala_razzmatazz;Sala Razzmatazz;Barcelona;Fiesta;Discotecas, Zonas de fiesta;0;4;4;19104;19105;19102,19103
16610;ia_2332;Sala Republik Club;Madrid;Nightlife;Club indie / Pop bar;0;3;3;;;
16605;sala_siroco;Sala Siroco;Madrid;Nightlife;Sala híbrida (live + club);0;4;4;74767;74766;
151;sala_sol;Sala Sol;Madrid;Fiesta;Salas de concierto;1;4;4;2920;2921;
3136;sala_spectra;Sala Spectra;Málaga;Fiesta;Discotecas;0;1;3;20626;20627;20623,20625,20628,20629,20630,20631,20632
18365;ia_4412;Sala Tarambana;Madrid;Arte y Cultura;Barrio de Sala Tarambana (ruta a pie), teatro alternativo, programación infantil y juvenil, Teatro independiente, programación infantil;0;1;1;73486;73484;
16977;ia_2796;Sala Temple;Madrid;Eventos;Espectáculo flamenco / tablao;0;3;3;;;
1880;sala_trinchera;Sala Trinchera;Málaga;Fiesta;Salas de concierto, Comercial, Rock, Reggeaton;0;1;3;19630;19627;19628,19629
14736;ia_287;Salamar;Madrid;Restaurantes;Mediterránea, Española, Arroces, Mariscos;0;3;3;;;
5876;salao_atlantic;Salao Atlantic;Ibiza;Restaurantes;Top, Trendy;0;4;3;49703;49702;
14806;ia_376;Salitre;Madrid;Restaurantes;Mediterránea, Española, Arroces, Mariscos;0;3;3;;;
3223;salles_hotel_malaga_centro;Sallés Hotel Málaga Centro;Málaga;Alojamiento;Hoteles;0;1;3;21116;21122;21117,21118,21119,21120,21121,21123,21124,21125
17228;ia_3048;SALM Cosmética Coreana;Madrid;Compras;"Perfumerías y cosmética, Cosmética coreana; Productos exclusivos; Asesoría personalizada";0;3;3;;;
17238;ia_3058;SALM Cosmética Coreana;Madrid;Compras;"Perfumerías y cosmética, Cosmética coreana; Productos exclusivos; Asesoría personalizada";0;3;3;;;
16676;ia_2429;Salmon Guru;Madrid;Nightlife;Cocktail Bar, Lounge / Chill;0;4;4;74743;74744;74742,74745,74746
1461;salmon_guru;Salmón Guru;Madrid;Fiesta;Bares de copas, Ocio, Otro;0;4;4;11551;11553;11552,11554,11555,11556,11557
588;salon_44_;Salón 44;Madrid;Compras;Para ti, Peluqueria;0;4;4;16749;16750;
3508;salon_fillmore_hard_rock_punta_cana;Salon Fillmore Hard Rock Punta Cana;Punta Cana;Ocio y eventos;Cines y Teatros y Salas de concierto;0;4;4;;;
243;salon_gourmet;Salón Gourmet;Madrid;Ocio y eventos;Ferias;0;4;4;15609;15610;
1384;salon_internacional_del_chocolate;Salón Internacional del Chocolate;Madrid;Ocio y eventos;Ferias;0;4;3;14376;14377;14378
1511;salsa_brava_-_juana_madrid;Salsa Brava - Juana Madrid;Madrid;Compras;Marcas y Productos Locales, Gatronomía, Otro, Gastronomía;0;4;3;13190;13191;13188
3509;salto_del_limon;Salto del Limón;Punta Cana;Ocio y eventos;Experiencias y actividades;0;4;4;;;22674,22675,22676,22677,22678,22679,22680,22681,22682,22683
4832;salto_en_paracaidas_ocana;salto en paracaídas ocaña;Aranjuez;Ocio y eventos;Experiencias y actividades;0;3;3;;;44062,44063,44064,44065,44066,44067,44068,44069,44070,44071
4806;salvaje_madrid_;Salvaje Madrid ;Madrid;Restaurantes;Top, Japonés, Restaurantes;1;3;3;;;
4819;salvaje_madrid;SALVAJE Madrid;Madrid;Restaurantes;Top, Trendy;0;4;4;43963;43972;43964,43965,43966,43967,43968,43969,43970,43971
4816;salvatierra_guest_house;Salvatierra Guest House;Ronda;Alojamiento;Apartamentos;1;3;3;43960;43961;43962
17519;ia_3340;Salvatore Ferragamo Watches;Madrid;Compras;"Joyería y relojería de lujo, Moda italiana; Relojes elegantes; Estilo atemporal";0;3;3;;;
14827;ia_401;Salwa Cocina Libanesa;Madrid;Restaurantes;Libanesa, Mezzes, Shawarma;0;3;3;;;
15053;ia_637;Sam's;Madrid;Restaurantes;Mediterranea;0;3;3;;;
3321;samana;Samaná;Santo Domingo;Qué ver;Escapadas, Cool Places, Zonas;0;4;4;21598;21597;21596,21599,21600,21601,21602,21603,21604,21605
3524;sambarela_luxury_villas;Sambarela Luxury Villas;Punta Cana;Alojamiento;Villas;0;4;4;;;
16624;ia_2346;SAMBHAD the cocktail bar;Madrid;Nightlife;Coctelería exótica;0;3;3;;;
3859;sambil_santo_domingo;Sambil Santo Domingo;Santo Domingo;Compras;Centros comerciales;0;4;4;25493;25491;25494,25495,25496,25497,25498,25499,25500
16599;ia_2321;Samsa Club;Madrid;Nightlife;Lounge & Club;0;3;3;;;
16608;ia_2330;Samsara;Madrid;Nightlife;Lounge bar;0;3;3;;;
4060;samsara_wine_experience;Samsara Wine Experience;Ronda;Experiencias y Actividades;Bodegas y Vinos de Ronda;0;4;4;44428;44431;44429,44430,44432
15692;ia_1286;San Ángel Bar Bistró;Madrid;Restaurantes;Internacional, Platos internacionales, Tapas;0;3;3;;;
14877;ia_453;San Bernardo 115 Gastrobar;Madrid;Restaurantes;Española, Tapas, Guisos, Platos caseros;0;3;3;;;
743;san_gines;San Ginés;Madrid;Restaurantes;Tradicionales, Comida Regional;0;4;4;17299;17300;17301,17302,17303,17304
43;san_jeronimo_el_real;San Jerónimo el Real;Madrid;Qué ver;Plazas y monumentos;0;4;4;15331;15332;15333,15334,15335,15337,15338
228;san_lorenzo;San Lorenzo;Madrid;Fiesta;Fiesta de barrios;0;4;4;17574;17575;17576,17577
66;san_lorenzo_del_escorial;San Lorenzo del Escorial;Madrid;Qué ver;Escapadas;0;4;4;17760;17761;17762,17763,17764,17765,17766
15612;ia_1203;San Mamés;Madrid;Restaurantes;Española / Norteña, Carnes / Parrilla / Huevos rotos;0;3;3;;;
16662;ia_2384;San Mateo Circus;Madrid;Nightlife;Bar temático, Jazz, Lounge;0;3;3;;;
249;san_silvestre_vallecana;San Silvestre Vallecana;Madrid;Ocio y eventos;Experiencias y actividades, Deporte;0;4;4;17870;17871;
15979;ia_1596;Sanabria Restaurante;Madrid;Restaurantes;"Española, Hamburguesas; Tapas; Comida Casera";0;3;3;;;
14898;ia_476;SanÁngel Bar-Bistró;Madrid;Restaurantes;Española, Comida Fusión, Tapas creativas;0;3;3;;;
5966;sandos_el_greco;Sandos El Greco;Ibiza;Alojamiento;Hoteles;0;4;3;49949;49953;49950,49951,49952
18462;ia_5654;SanMan Tattoo Parlor;Madrid;Wellness;Estudio de tatuajes;0;1;1;;;
17099;ia_2919;SANMOL Iluminación;Madrid;Compras;"Iluminación y lámparas, Iluminación de diseño; Lámparas exclusivas; Proyectos lumínicos";0;3;3;;;
15506;ia_1093;Sanpas Rodriguez;Madrid;Restaurantes;Alta cocina, Española;0;3;3;;;
1811;sant_jordi;Sant Jordi;Barcelona;Fiesta;Fiesta de barrios;0;4;4;19193;19192;19190,19191
3906;santa_eulalia_moda;Santa Eulalia Moda;Barcelona;Compras;Tiendas, Moda;0;4;4;26821;26817;26818,26819,26820,26822,26823,26824,26825,26826
5831;santa_gertrudis_de_fruitera;Santa Gertrudis de Fruitera;Ibiza;Compras, Ocio y eventos;Zonas de compras, Galerías de arte, Tiendas, Para ti;0;4;4;49895;49896;49574,49575,49576,49577,49578,49579,49894
16014;ia_1631;Santa y Pura;Madrid;Restaurantes;"Vegana, Hamburguesas; Pizzas; Postres Veganos";0;3;3;;;
16625;ia_2347;Santamaría Coctelería;Madrid;Nightlife;Coctelería clásica;0;3;3;;;
14820;ia_393;SANTANCHA;Madrid;Restaurantes;Alta cocina, Coctelería, Mediterránea, Comida Fusión;0;3;3;;;
5258;santceloni;Santceloni;Madrid;Restaurantes;;0;3;3;;;47501,47502,47503,47504,47505,47506,47507,47508,47509,47510
15190;ia_775;Santé;Madrid;Restaurantes;Española, Ensaladas & Bowls | Brunch;0;3;3;;;
14686;ia_231;Santerra;Madrid;Restaurantes;Española / Creativa, Platos manchegos, Trufa, Setas;0;3;3;74312;74313;74314,74315,74316
15232;ia_817;Santiago Ultramarinos;Madrid;Restaurantes;Española, Tapas, Croquetas, Tortilla;0;3;3;;;
15269;ia_854;Santita Carbón Mexicano - Virgen de los Peligros;Madrid;Restaurantes;Mexicana, Tacos, Carnes al carbón;0;3;3;;;
5310;santito;Santito;Madrid;Restaurantes;Low cost;1;1;3;;;47870,47871,47872,47873,47874,47875,47876,47877,47878,47879
1346;santo_domingo;Santo Domingo;Santo Domingo;Alojamiento, Compras, Qué ver, Ocio y eventos;Mercados, Marcas y Productos Locales, Plazas y monumentos, Arquitectura, Parques, Barrios, Experiencias y actividades, Para ti;0;4;4;15153;15154;15155,15156,15157,15158
16720;ia_2475;Santos Maydrit Airport;Madrid;Alojamiento;Airport Hotel, Piscina, restaurante, shuttle aeropuerto;0;3;3;;;
17111;ia_2931;Santos Vaguada;Madrid;Compras;"Shopping de hogar y decoración, Cocinas de diseño; Proyectos a medida; Instalación completa";0;3;3;;;
1635;sara_baras;Sara Baras;Madrid;Ocio y eventos;Espectáculos, Otro, Otro, Otro;0;4;3;18531;18530;18529
4483;sara_velazquez;Sara Velázquez;Ronda;Experiencias y Actividades;Experiencias y Actividades;1;4;3;;;
14689;ia_234;Saraiba;Madrid;Restaurantes;Gallega / Tradicional, Mariscos, Empanadas, Pulpo a feira;0;3;3;;;
15233;ia_818;Saray;Madrid;Restaurantes;Turca, Kebabs, Mezes, Parrilla;0;3;3;;;
5112;sasha_bar;Sasha Bar;Barcelona;Restaurantes;Especial Delivery;0;4;4;45966;;45961,45962,45963,45964,45965,45967,45968,45969,45970
18477;ia_5670;SashaStyle;Madrid;Wellness;Consultoría de estilo;0;1;1;;;
1278;sava_beach_club;Sava Beach Club;Filipinas;Fiesta;Bares de copas;0;1;3;15188;15189;15190,15191
772;savia_bruta;Savia Bruta;Madrid;Compras;Marcas y Productos Locales, Decoración;0;4;4;16003;16004;16005,16006
15336;ia_921;Sazón-Arte;Madrid;Restaurantes;Española, Platos caseros, Menús;0;3;3;;;
3449;sbg_casa_de_campo;SBG Casa de Campo;Punta Cana;Restaurantes;Top;0;4;4;22338;22339;22335,22336,22337,22340,22341,22342,22343,22344
1249;sbg_punta_cana_borrado;SBG Punta Cana;Punta Cana;Restaurantes;Trendy, Comida Regional, Restaurantes;1;4;4;15952;15953;15954,15955
4793;sbg_punta_cana;SBG Punta Cana;Punta Cana;Restaurantes;Trendy;0;4;4;43895;43897;43896,43898,43899,43900,43901,43902,43903,43904
3461;sbg_santo_domingo;SBG Santo Domingo;Santo Domingo;Restaurantes;Trendy;0;4;4;22464;22460;22455,22456,22457,22458,22459,22461,22462,22463
4446;scalpers;Scalpers;Madrid;Compras;Tiendas, Marcas y Productos Locales, Moda, Moda, Accesorios;0;4;3;40243;40161;40162,40244,40245,40246
17328;ia_3149;Scalpers;Madrid;Compras;"Ropa y accesorios, Moda masculina; Colecciones contemporáneas; Estilo urbano";0;3;3;;;
17653;ia_3482;SCALTA Arquitectura;Madrid;Compras;Estudios de arquitectura e interiorismo, Arquitectura sostenible, proyectos de diseño eficiente;0;3;3;;;
3845;scape_park_cap_cana;Scape Park Cap Cana;Punta Cana;Ocio y eventos;Experiencias y actividades;0;4;4;25444;25441;25442,25443,25445,25446,25447,25448,25449,25450
16539;ia_2246;Schotis Club;Madrid;Restaurantes;Repostería / Chocolatería, Cafetería–Dulcería contemporánea;0;3;3;;;
4748;scotch_y_soda;Scotch & soda;Madrid;Compras;Tiendas, Para ti, Accesorios;0;1;1;43651;43653;43652
5406;scotch_and_soda_madrid;Scotch and Soda Madrid;Madrid;Compras;Tiendas, Moda;0;4;4;;;48403,48404,48405,48406,48407,48408,48409,48410,48411,48412
1092;scott_matthew__son_estrella_galicia;Scott Matthew, SON Estrella galicia;Madrid;Ocio y eventos;Conciertos;1;4;4;17007;17008;17009,17010,17011,17012,17013
19198;ia_5562;Secret Food Tours Madrid;Madrid;Experiencias Unicas;Excursión de día (Day trip) + Bodega y cata;0;1;1;;;
16640;ia_2362;Secret Rooftop Garden;Madrid;Nightlife;Rooftop alternativo;0;3;3;;;
5854;secret_sessions_;Secret Sessions ;Ibiza;Ocio y eventos;Experiencias y actividades, Conciertos, Espectáculos, Otro, Indoor;0;3;3;49618;;49619,49620
17969;ia_3930;Secretos de La Latina: Paseo de Puzzle Autoguiado en Madrid;Madrid;Arte y Cultura;Museo de historia, Museo del Arte Vanguardista, Kandinsky, Malevich;0;3;3;74623;74624;74622,74625,74626
17970;ia_3931;Secretos del Parque del Retiro en Madrid - Tour de 2 Horas;Madrid;Arte y Cultura;Museo de historia, Museo de Ciencias de la Salud, medicina, anatomía;0;3;3;;;
1233;secrets_cap_cana_resort_y_spa;Secrets Cap Cana Resort & Spa;Punta Cana;Alojamiento;Hoteles;0;4;4;17378;17379;17380,17381,17382,17383,17384,17385,17386,17387,17388,17389,17390
658;segway_tour;Segway Tour;Madrid;Ocio y eventos;Experiencias y actividades, Otro, Ocio;1;4;4;17578;17579;
1740;segway_tour_en_madrid;Segway Tour en Madrid;Madrid;Ocio y eventos;Experiencias y actividades, Naturaleza, Cultura, Ocio;0;4;3;18726;18727;18728,18729
18917;ia_5256;Segway Tour Madrid monumental;Madrid;Experiencias Unicas;Tour en bici / e-bike / segway;0;1;1;73780;73778;73779
19139;ia_5502;Segway Tour Madrid monumental;Madrid;Experiencias Unicas;Tour en bici / e-bike / segway;0;1;1;;;
1744;segway_tour_parque_del_retiro;Segway Tour Parque del Retiro;Madrid;Ocio y eventos;Experiencias y actividades, Naturaleza, Cultura, Ocio;0;4;3;18746;18745;18747,18748,18749
18918;ia_5257;Segway Tour vista rápida;Madrid;Experiencias Unicas;Clase de cocina / Taller culinario;0;1;1;;;
19140;ia_5503;Segway Tour vista rápida;Madrid;Experiencias Unicas;Tour en bici / e-bike / segway;0;1;1;73777;73775;73776
19230;ia_5600;Selección de 8 Restaurantes Recomendados por Creador;Madrid;Experiencias Unicas;Tour/experiencia (general);0;1;1;;;
19249;ia_5624;Selección Teresa MChef10;Madrid;Experiencias Unicas;Tour/experiencia (general);0;1;1;;;
220;cervantes_week_;Semana Cervantina;Madrid;Fiesta;Fiesta de barrios;0;4;4;15469;15470;
3753;semana_popular_de_los_corralones_de_la_trinidad_y_el_perchel;Semana Popular de los Corralones de la Trinidad y el Perchel;Málaga;Fiesta;Fiesta de barrios;0;4;4;24415;24411;24412,24413,24414,24416,24417,24418
4391;semana_santa;Semana Santa;Ronda;Fiesta;Festivales y Fiestas Populares;0;4;4;38800;38666;38795,38796,38797,38798,38799,38801
14642;ia_186;Semilla Tomate;Madrid;Restaurantes;Mediterránea / Fusión, Tomates, Productos frescos, Platos de temporada;0;3;3;;;
16703;ia_2458;Senator Barajas;Madrid;Alojamiento;Airport Hotel, Piscina, restaurante, shuttle aeropuerto;0;3;3;;;
3932;senator_puerto_plata_spa_resort;Senator Puerto Plata Spa Resort;Santo Domingo;Alojamiento;Hoteles;0;4;4;28417;28419;28418,28420,28421,28422,28423,28424,28425
18394;ia_4504;Senda Fluvial del Manzanares;Madrid;Naturaleza;Excursión a El Pardo La Senda Fluvial Del, Río, bosque mediterráneo, Senderismo fácil, observación de aves;0;1;1;;;
18378;ia_4486;Senderismo en el Parque Nacional de Madrid con guía;Madrid;Naturaleza;Ruta de senderismo, Montaña, bosque de pino, Guía especializado, ruta natural;0;1;1;;;
3467;senderismo_en_ronda;Senderismo en Ronda;Ronda;Experiencias y Actividades;Naturaleza y Turismo Activo, Actividades Deportivas;0;4;4;22486;22485;
5612;senderismo_y_rutas_en_mountain_bike_-_hike_and_bike_the_sierra;Senderismo y rutas en Mountain bike - Hike and Bike The Sierra;Ronda;Experiencias y Actividades;Naturaleza y Turismo Activo, Experiencias y Actividades, Actividades Deportivas;0;4;4;49296;49294;49300
14692;ia_237;Señor Pepe;Madrid;Restaurantes;Española / Tradicional, Tapas, Vino, Platos caseros;0;3;3;;;
18537;ia_5730;Sense, A Rosewood Spa;Madrid;Wellness;Spa de lujo;0;1;1;;;
5922;sensur;Sensur;Ronda;Restaurantes;Top;0;3;3;;49847;50102
14780;ia_348;Séptima - Only You Atocha;Madrid;Restaurantes;Mediterránea, Española, Cócteles, Mediterránea;0;3;3;;;
106;sercotel_el_encin_golf_5;Sercotel El Encin Golf 5*;Madrid;Alojamiento;Hoteles;0;4;4;15001;15002;15003,15004,15005,15006
16770;ia_2526;Sercotel Gran Hotel Conde Duque;Madrid;Alojamiento;Boutique Hotel, Restaurante, biblioteca;0;3;3;;;
16744;ia_2499;Sercotel Madrid Aeropuerto;Madrid;Alojamiento;Airport Hotel, Piscina, gimnasio, shuttle aeropuerto;0;3;3;;;
16699;ia_2454;Sercotel Princesa de Eboli;Madrid;Alojamiento;Business Hotel, Suites familiares, restaurante, salas de reuniones;0;3;3;;;
3501;serenade_punta_cana_beach_y_spa_resort;Serenade Punta Cana Beach & Spa Resort;Punta Cana;Alojamiento;Hoteles;0;4;4;22612;22613;22611
18556;ia_5758;Servicio privado con transporte y experiencia cultural;Madrid;Deportes;Turismo cultural;0;1;1;73250;73249;
18924;ia_5263;Sesión de fotos al atardecer en las mejores playas de Alicante;Madrid;Experiencias Unicas;Taller/Sesión de fotografía;0;1;1;;;
19158;ia_5524;Sesión de fotos al atardecer en las mejores playas de Alicante;Madrid;Experiencias Unicas;Taller/Sesión de fotografía;0;1;1;;;
18925;ia_5264;Sesión de fotos en Madrid;Madrid;Experiencias Unicas;Taller/Sesión de fotografía;0;1;1;;;
19159;ia_5525;Sesión de fotos en Madrid;Madrid;Experiencias Unicas;Taller/Sesión de fotografía;0;1;1;;;
18926;ia_5265;Sesión de fotos en pareja & tour fotográfico, Madrid;Madrid;Experiencias Unicas;Taller/Sesión de fotografía;0;1;1;;;
19160;ia_5526;Sesión de fotos en pareja & tour fotográfico, Madrid;Madrid;Experiencias Unicas;Taller/Sesión de fotografía;0;1;1;;;
18927;ia_5266;Sesión de fotos privada con un fotógrafo local en Madrid;Madrid;Experiencias Unicas;Taller/Sesión de fotografía;0;1;1;;;
19151;ia_5517;Sesión de fotos privada con un fotógrafo local en Madrid;Madrid;Experiencias Unicas;Taller/Sesión de fotografía;0;1;1;;;
18928;ia_5267;Sesión de fotos privada de 30 minutos inspirada en la película en Madrid;Madrid;Experiencias Unicas;Taller/Sesión de fotografía;0;1;1;;;
19152;ia_5518;Sesión de fotos privada de 30 minutos inspirada en la película en Madrid;Madrid;Experiencias Unicas;Taller/Sesión de fotografía;0;1;1;;;
18930;ia_5269;Sesión de fotos privada en la Plaza Mayor de Madrid;Madrid;Experiencias Unicas;Taller/Sesión de fotografía;0;1;1;;;
19154;ia_5520;Sesión de fotos privada en la Plaza Mayor de Madrid;Madrid;Experiencias Unicas;Taller/Sesión de fotografía;0;1;1;;;
18929;ia_5268;Sesión de fotos privada en Madrid;Madrid;Experiencias Unicas;Taller/Sesión de fotografía;0;1;1;;;
19153;ia_5519;Sesión de fotos privada en Madrid;Madrid;Experiencias Unicas;Taller/Sesión de fotografía;0;1;1;;;
18931;ia_5270;Sesión de fotos privada profesional en el Palacio Real de Madrid;Madrid;Experiencias Unicas;Taller/Sesión de fotografía;0;1;1;;;
19155;ia_5521;Sesión de fotos privada profesional en el Palacio Real de Madrid;Madrid;Experiencias Unicas;Taller/Sesión de fotografía;0;1;1;;;
18932;ia_5271;Sesión de fotos privadas en Madrid;Madrid;Experiencias Unicas;Taller/Sesión de fotografía;0;1;1;;;
19116;ia_5474;Sesión de fotos privadas en Madrid;Madrid;Experiencias Unicas;Taller/Sesión de fotografía;0;1;1;;;
18933;ia_5272;Sesión de fotos profesional de Timeless Elegance en Plaza Mayor;Madrid;Experiencias Unicas;Taller/Sesión de fotografía;0;1;1;;;
19117;ia_5475;Sesión de fotos profesional de Timeless Elegance en Plaza Mayor;Madrid;Experiencias Unicas;Taller/Sesión de fotografía;0;1;1;;;
18934;ia_5273;Sesión de fotos profesional privada de vacaciones en Madrid;Madrid;Experiencias Unicas;Taller/Sesión de fotografía;0;1;1;;;
19118;ia_5476;Sesión de fotos profesional privada de vacaciones en Madrid;Madrid;Experiencias Unicas;Taller/Sesión de fotografía;0;1;1;;;
18919;ia_5258;Sesion Fotográfica Privada por Puntos de Madrid;Madrid;Experiencias Unicas;Excursión de día (Day trip);0;1;1;;;
19141;ia_5504;Sesion Fotográfica Privada por Puntos de Madrid;Madrid;Experiencias Unicas;Excursión de día (Day trip);0;1;1;;;
18922;ia_5261;Sesión Privada de Fotos en Estúdio o Exterior Madrid ;Madrid;Experiencias Unicas;Tour guiado (general);0;1;1;;;
19156;ia_5522;Sesión Privada de Fotos en Estúdio o Exterior Madrid ;Madrid;Experiencias Unicas;Taller/Sesión de fotografía;0;1;1;;;
18923;ia_5262;Sesión Tiro de Hacha 1 hora;Madrid;Experiencias Unicas;Clase de cocina / Taller culinario;0;1;1;;;
19157;ia_5523;Sesión Tiro de Hacha 1 hora;Madrid;Experiencias Unicas;Clase de cocina / Taller culinario;0;1;1;;;
18920;ia_5259;Sesiones de fotos privadas en Madrid;Madrid;Experiencias Unicas;Tour guiado (general);0;1;1;;;
19142;ia_5505;Sesiones de fotos privadas en Madrid;Madrid;Experiencias Unicas;Taller/Sesión de fotografía;0;1;1;;;
18921;ia_5260;Sesiones flotantes bajo las estrellas en spas privados.;Madrid;Experiencias Unicas;Taller de artes (pintura/cerámica/foto);0;1;1;;;
19143;ia_5506;Sesiones flotantes bajo las estrellas en spas privados.;Madrid;Experiencias Unicas;Taller de artes (pintura/cerámica/foto);0;1;1;;;
16038;ia_1656;Seven;Madrid;Restaurantes;"Internacional, Tapas; Menú Variado; Carnes";0;3;3;;;
3482;sevilla;Sevilla;Ronda;;;1;1;1;22548;22549;22508,22509,22514,22515,22516,22517
15740;ia_1334;Shambala Lounge Cocktail | Bar & Cócteles;Madrid;Restaurantes;Internacional, Tapas, Platos internacionales;0;3;3;;;
14491;ia_15;Shampan Indian;Madrid;Restaurantes;Massaman Curry, Tandoori, Comida India;0;3;3;;;
14861;ia_437;Shan Hai City;Madrid;Restaurantes;China (Cantonesa), Dim sum, Platos cantoneses;0;3;3;;;
14881;ia_458;Shandiz Grill;Madrid;Restaurantes;Iraní, Persa, Kebabs, Arroces;0;3;3;;;
5995;shangai_`me;Shangai `me;Dubai;;;0;4;3;50088;50087;50089,50090,50091
15171;ia_755;Shanghai mama - Cuzco;Madrid;Restaurantes;Internacional, Dim Sum | Dumplings | Noodles;0;3;3;;;
14759;ia_317;Shanghai Mama - Infanta Mercedes;Madrid;Restaurantes;China, Dumplings, Tallarines;0;3;3;;;
14501;ia_38;Shanghai Mama - Las Tablas;Madrid;Restaurantes;China, Dim sum, Noodles, Cocina China;0;3;3;;;
16472;ia_2154;Shangrila Dim Sum;Madrid;Restaurantes;China / Cantonesa, Dim Sum / Bao House;0;3;3;;;
16483;ia_2166;Shangrila Dim Sum;Madrid;Restaurantes;Asiática / China, Dim Sum / Cocina fusión;0;3;3;;;
14960;ia_544;Shapla;Madrid;Restaurantes;India, Arroces;0;3;3;;;
18574;ia_5777;Sharma Climbing Madrid;Madrid;Deportes;Escalada;0;1;1;73245;73246;
15687;ia_1281;Shenxien Sushi Bar;Madrid;Restaurantes;Japonesa, Sushi, Cocina japonesa;0;3;3;;;
3506;sheraton_santo_domingo_hotel;Sheraton Santo Domingo Hotel;Santo Domingo;Alojamiento;Hoteles;0;4;4;22656;22660;22654,22655,22657,22658,22659,22661,22662,22663
16000;ia_1617;Shibari Sushi and Grill;Madrid;Restaurantes;"Japonesa, Sushi; Nigiris; Parrilla";0;3;3;;;
15844;ia_1438;Shino;Madrid;Restaurantes;Japonesa, Sushi, Cocina japonesa;0;3;3;;;
154;shoko;Shoko;Madrid;Fiesta;Discotecas, Electrónica, Comercial, Reggeaton, Otro;0;4;4;14476;14477;14478,14479,14482
5082;shoko_barcelona;Shoko Barcelona;Barcelona;Fiesta;Discotecas;0;4;4;45688;;45689,45690,45691,45692,45693,45694,45695,45696,45697
3707;show_cooking_;Show Cooking ;Barcelona;Ocio y eventos;Experiencias y actividades, Espectáculos, Otro, Gastronomía;0;4;4;24181;24182;24179,24180
16989;ia_2808;Show Dance;Madrid;Eventos;Espectáculo de baile;0;3;3;;;
748;show_proyect;Show Proyect;Madrid;Fiesta;Discotecas, Electrónica, Comercial, Reggeaton, Otro;0;4;4;16200;16201;16202
19228;ia_5595;Showroom by Negro Carbón;Madrid;Experiencias Unicas;Tour/experiencia (general);0;1;1;;;
14565;ia_75;Showroom by Negro Carbon;Madrid;Restaurantes;Carnes a la Brasa, Parrillada/BBQ, Vino;0;3;3;;;
15128;ia_712;Shukran City Ventas;Madrid;Restaurantes;Internacional, Kebab / Shawarma | Falafel | Cuscús;0;3;3;;;
14817;ia_389;SICÁ Sushi Bar;Madrid;Restaurantes;Japonesa, Comida Fusión, Nigiris, Rolls;0;3;3;;;
1911;sicsu;Sicsú;Málaga;Restaurantes;Chiringuitos, Español, Restaurantes;0;1;3;19801;;19799,19800
3559;sicsu_malaga;Sicsu Malaga;Málaga;Restaurantes;Chiringuitos;0;4;4;23093;23091;23086,23088,23089,23090,23092,23094,23095
15363;ia_948;Sidrería + Lola;Madrid;Restaurantes;Española, Tapas, Sidra, Platos internacionales;0;3;3;;;
15596;ia_1187;Sidrería Astur;Madrid;Restaurantes;Asturiana / Española, Cachopo / Fabada / Sidra;0;3;3;;;
15441;ia_1026;Sidreria Don Carlos;Madrid;Restaurantes;Española, Sidra, Parrilladas, Platos gallegos;0;3;3;;;
15407;ia_992;Sidrería El Antoju La Latina;Madrid;Restaurantes;Española, Fabada, Sidra, Carnes;0;3;3;;;
16399;ia_2035;Sidrería El Tigre;Madrid;Restaurantes;Española;0;3;3;;;
4213;sierra_de_grazalema;Sierra de Grazalema;Ronda;Experiencias y Actividades;Naturaleza y Turismo Activo, Experiencias y Actividades;1;4;4;35838;35836;35832,35833,35834,35837
3267;sierra_de_las_nieves_mal;Sierra de las Nieves;Ronda;Qué ver;Naturaleza y parques;1;3;3;;;21363,21364,21365,21366,21367,21368,21369,21370,21371,21372
5937;sierraventura_ronda;Sierraventura Ronda;Ronda;;;0;1;3;;;
4737;silbon_;Silbon ;Madrid;Compras;Tiendas, Marcas y Productos Locales, Para ti, Moda;0;4;4;43592;43590;43589,43591,43593
18519;ia_5712;SilenciartEmeditar;Madrid;Wellness;Centro de meditación y arte;0;1;1;;;
425;silken_puerta_de_america_5;Silken Puerta de América 5*;Madrid;Alojamiento, Qué ver;Hoteles, Arquitectura, Terraza;0;4;4;14723;14724;14725,14727,14728,14729,14730
16715;ia_2470;Silken Puerta Madrid;Madrid;Alojamiento;Business Hotel, Restaurante, shuttle aeropuerto;0;3;3;;;
4214;sima_de_diablo;Sima de Diablo;Aranjuez;;;0;3;3;;;
4310;sima_del_diablo;Sima del diablo;Ronda;Experiencias y Actividades;Actividades Deportivas;0;4;4;37348;37346;37347,37349,37350,37351
15634;ia_1228;Sincio. Cocina de mercado;Madrid;Restaurantes;Española contemporánea, Pescado / Carnes / Cremas de temporada;0;3;3;;;
19227;ia_5593;Sinestesia;Madrid;Experiencias Unicas;Cena-espectáculo / Table mapping;0;1;1;;;
18501;sinexion_-_centro_holistico;SINEXIÓN - Centro Holístico;Madrid;Wellness;Centro holístico;0;4;4;;;73768,73769,73770,73771,73772,73773,73774
5174;sirikoi_lodge__lewa_wildlife_conservancy__kenia;Sirikoi Lodge, Lewa Wildlife Conservancy, Kenia;Filipinas;Alojamiento;Hoteles;0;4;4;46507;46512;46506,46508,46509,46510,46511,46513,46514,46515
14515;ia_74;Sisapo - Madrid;Madrid;Restaurantes;Castellana / Manchega, Cocina Manchega, Carnes, Quesos;0;3;3;;;
1633;sitges;SITGES;Barcelona;Qué ver;Escapadas;0;4;4;18517;18516;18515
18540;ia_5733;Sivananda Yoga Vedanta Center;Madrid;Wellness;Yoga;0;1;1;;;
18641;ia_5844;Sivananda Yoga Vedanta Center;Madrid;Deportes;Yoga;0;1;1;73244;73241;
596;sivasdescalzo;Sivasdescalzo;Madrid;Compras;Tiendas;0;4;4;17542;17540;17539,17541
5089;sivasdescalzo_barcelona;Sivasdescalzo Barcelona;Barcelona;Compras;Tiendas;0;4;4;45763;;45758,45759,45760,45761,45762,45764,45765,45766,45767
17284;ia_3104;Six Harmonies Spa;Madrid;Compras;"Centros de estética, Spa oriental; Bienestar integral; Masajes terapéuticos";0;3;3;;;
18531;ia_5724;Six Harmonies Spa;Madrid;Wellness;Spa;0;1;1;;;
5168;six_senses_zil_pasyon__seychelles;Six Senses Zil Pasyon, Seychelles;Filipinas;Alojamiento;Hoteles;0;4;4;46453;46448;46446,46447,46449,46450,46451,46452,46454,46455
15042;ia_626;Sixtizo Gastro Bar - Mercado Barceló;Madrid;Restaurantes;Española;0;3;3;;;
1394;sk8fun_;SK8FUN;Madrid;Ocio y eventos;Experiencias y actividades;0;3;3;15405;15406;15407,15408,15410
18580;ia_5783;Sk8land;Madrid;Deportes;Skateboarding;0;1;1;73239;73240;
17507;ia_3328;Skagen Watches;Madrid;Compras;"Joyerías y relojerías, Estilo danés; Diseño minimalista; Relojes accesibles";0;3;3;;;
18577;ia_5780;Skate Plaza Madrid;Madrid;Deportes;Skateboarding;0;1;1;73237;73236;
18579;ia_5782;Skatepark Ignacio Echeverría;Madrid;Deportes;Skateboarding / BMX / Roller;0;1;1;73234;73232;
643;skatepark_madrid_rio;Skatepark Madrid Río;Madrid;Qué ver;Cool Places;0;4;4;17598;17599;
18584;ia_5787;Skatepark Manuel Becerra;Madrid;Deportes;Skateboarding / BMX / Roller;0;1;1;73231;73230;
5150;sky_bar_bangkok;Sky Bar Bangkok;Filipinas;Restaurantes;Trendy;0;4;4;46258;46256;46257,46259,46260,46261,46262,46263,46264,46265
5184;skylodge_adventure_suites__peru;Skylodge Adventure Suites, Perú;Filipinas;Alojamiento;Hoteles;1;1;3;;;
17609;ia_3438;Slowly / Despacio Concept Store;Madrid;Compras;Concept Stores, Asesoría ética, marcas sostenibles;0;3;3;;;
15297;ia_882;SLVJ Bites Canalejas;Madrid;Restaurantes;Japonesa, Sushi, Tapas japonesas;0;3;3;;;
15383;ia_968;SLVJ Velázquez;Madrid;Restaurantes;Japonesa, Sushi, Carnes premium, Platos japoneses;0;3;3;;;
16742;ia_2497;Smartr Madrid Gran Vía 47;Madrid;Alojamiento;Aparthotel, Cocina equipada, Wi‑Fi;0;3;3;;;
94;smartrentals_la_latina;SmartRentals La Latina;Madrid;Alojamiento;Apartamentos, Wifi;1;4;4;17796;17797;17798,17799,17800,17801,17802
16536;ia_2236;Smash Club by Briochef;Madrid;Restaurantes;Americana, Hamburguesería;0;3;3;;;
5373;smoked_room._fire_omakase;Smoked Room. Fire Omakase;Madrid;Restaurantes;Top, Trendy;0;3;3;;48337;48338,48339,48340,48341,48342,48343,48344,48345,48346
16171;ia_1790;Smokey’s BBQ;Madrid;Restaurantes;"Americana, Costillas ahumadas; Hamburguesas";0;3;3;;;
17009;ia_2829;Smooth Hot Jazz;Madrid;Eventos;Club de jazz;0;3;3;;;
19208;ia_5572;SNEUU;Madrid;Experiencias Unicas;Excursión de día (Day trip);0;1;1;;;
18568;ia_5771;Snow Passport;Madrid;Deportes;Esquí / Snowboard;0;1;1;73227;73228;
284;snowzone;SnowZone;Madrid;Ocio y eventos;Experiencias y actividades;0;4;4;14401;14402;14403,14404,14405
3613;soho_malaga;SOHO Malaga;Málaga;Qué ver;Cool Places;0;1;3;23340;23341;23332,23333,23335,23336,23337,23338,23339
15412;ia_997;Soho Restaurant Lounge Bar - H10 Tribeca;Madrid;Restaurantes;Española, Platos globales, Cócteles;0;3;3;;;
3134;sol_beach_club_malaga;Sol Beach Club Málaga;Málaga;Fiesta;Discotecas;0;1;3;20614;20617;20608,20609,20610,20611,20612,20613,20615,20616
472;sol_y_preciados;Sol y Preciados;Madrid;Compras;Zonas de compras;0;4;4;16397;16398;16399
3804;soles_chill_out_bar;Soles Chill Out Bar;Punta Cana;Fiesta;Beachclubs;0;4;4;24859;24863;24858,24860,24861,24862,24864,24865,24866,24867
14983;ia_567;Solo de Croquetas - Echegaray;Madrid;Restaurantes;Española;0;3;3;;;
15371;ia_956;Solo de Croquetas - Echegaray 5;Madrid;Restaurantes;Española, Croquetas, Platos innovadores;0;3;3;;;
15862;ia_1456;Solo de Croquetas - Reina Victoria;Madrid;Restaurantes;Mediterranea, Tapas, Platos Mediterráneos;0;3;3;;;
15566;ia_1156;Sólo de Croquetas – Zurbano;Madrid;Restaurantes;Española, Croquetas / Tapas;0;3;3;;;
4447;soloio_madrid;Soloio Madrid;Madrid;Compras;Tiendas, Moda;0;4;3;40277;40280;40275,40276,40278,40279,40281
15049;ia_633;SoMa - Hotel Vincci SoMa;Madrid;Restaurantes;China;0;3;3;;;
15752;ia_1346;Somallao Rivas;Madrid;Restaurantes;Mediterranea, Cocina mediterránea, Platos caseros;0;3;3;;;
3732;somorrostro;Somorrostro;Barcelona;Qué ver;Cool Places;0;4;4;27058;27059;27057,27060,27061
15203;ia_788;Sonali;Madrid;Restaurantes;Española, Currys | Tandoori | Biryani;0;3;3;;;
3785;sonar;Sonar;Barcelona;Fiesta;Festivales;1;4;4;24748;24754;24750,24751,24752,24753
5490;sonar_barcelona_2022;Sonar Barcelona 2022;Barcelona;Ocio y eventos;Conciertos;0;3;3;;48647;48643,48644,48645,48646,48648
17098;ia_2918;Sonora Madrid;Madrid;Compras;"Shopping de electrónica y tecnología, Equipos de sonido profesional; Asesoría en audio; Instalaciones personalizadas";0;3;3;;;
3951;sotogrande_at_cap_cana;Sotogrande at Cap Cana;Punta Cana;Alojamiento;Apartamentos;0;4;4;28631;28633;28627,28628,28629,28630,28632,28634,28635,28636
4102;sotos_historicos_aranjuez;Sotos Históricos Aranjuez;Aranjuez;Qué ver;Escapadas;0;4;4;33930;33921;33919,33920,33922
112;sound_isidro_;Sound Isidro ;Madrid;Fiesta;Festivales, Comercial, Rock, Otro;0;4;4;17899;17900;17901
719;south_side;South Side;Madrid;Fiesta;Festivales, Otro;0;4;4;15890;15891;
247;south_summit;South Summit;Madrid;Ocio y eventos;Ferias;1;4;4;15025;15026;
15396;ia_981;Soy Kitchen;Madrid;Restaurantes;Japonesa, Platos creativos, Tapas de autor;0;3;3;;;
16386;ia_2006;Soy Sohho (Ayala 87);Madrid;Restaurantes;China, Dim Sum;0;3;3;;;
18539;ia_5732;Spa Beldon Wellness BLESS Hotel Madrid;Madrid;Wellness;Spa urbano;0;1;1;;;
17285;ia_3105;Spa by Selma;Madrid;Compras;"Centros de estética, Spa exclusivo; Tratamientos de lujo; Atención personalizada";0;3;3;;;
666;spa_en_madrid;SPA en Madrid;Madrid;Compras;Para ti;0;4;4;14985;14986;14987
5354;spa_hotel_catalonia_reina_victoria;SPA Hotel Catalonia Reina Victoria;Ronda;Experiencias y Actividades;Experiencias y Actividades;0;4;4;48243;48244;48245,48246
5356;spa_hotel_catalonia_ronda;SPA Hotel Catalonia Ronda;Ronda;Experiencias y Actividades;Experiencias y Actividades;0;4;4;48239;48238;48237
5360;spa_hotel_catalonia_ronda_;SPA Hotel Catalonia Ronda ;Ronda;Experiencias y Actividades;Experiencias y Actividades;1;1;3;;;
17629;ia_3458;Spaces Madrid - Campo de las Naciones;Madrid;Compras;Coworking y oficinas compartidas, Oficinas flexibles, coworking, networking;0;3;3;;;
18544;ia_5739;Spalopia;Madrid;Wellness;Spa;0;1;1;;;
17192;ia_3012;SpanishFlavors;Madrid;Compras;"Tiendas gourmet, Tienda gourmet; Productos españoles; Atención cercana";0;3;3;;;
17026;ia_2846;SPARTANS EVENT: Angel Amilibia;Madrid;Eventos;Entrenamiento y evento deportivo;0;3;3;;;
18530;ia_5723;Spazio Wellness - Masajes en Madrid;Madrid;Wellness;Spa;0;1;1;;;
17424;ia_3245;Speake-Marin;Madrid;Compras;"Joyería y relojería de lujo, Alta relojería independiente; Diseño británico-suizo; Complicaciones únicas";0;3;3;;;
17445;ia_3266;Speake-Marin;Madrid;Compras;"Joyería y relojería de lujo, Alta relojería independiente; Estilo británico; Complicaciones únicas";0;3;3;;;
1731;speed_boat-aventura_en_el_arrecife;Speed Boat-Aventura en el arrecife;Punta Cana;Ocio y eventos;Experiencias y actividades;0;4;4;18659;18658;18660,18661
17302;ia_3123;Spezial Madrid;Madrid;Compras;"Ropa y accesorios, Moda urbana; Estilo exclusivo; Diseños limitados";0;3;3;;;
16363;ia_1982;Spice Bazaar;Madrid;Restaurantes;"India, Pollo tikka masala; Biryani";0;3;3;;;
16293;ia_1912;Spice Garden;Madrid;Restaurantes;"India, Pollo tikka; Curry vegetariano";0;3;3;;;
16178;ia_1797;Spice House;Madrid;Restaurantes;"India, Pollo tandoori; Curry vegetal";0;3;3;;;
16328;ia_1947;Spice India;Madrid;Restaurantes;"India, Pollo curry; Biryani";0;3;3;;;
16158;ia_1777;Spice of India;Madrid;Restaurantes;"India, Curry de pollo; Samosas";0;3;3;;;
16203;ia_1822;Spice of India;Madrid;Restaurantes;"India, Pollo vindaloo; Curry de verduras";0;3;3;;;
16338;ia_1957;Spice of India;Madrid;Restaurantes;"India, Pollo curry; Biryani";0;3;3;;;
16373;ia_1992;Spice of India;Madrid;Restaurantes;"India, Pollo curry; Biryani";0;3;3;;;
16248;ia_1867;Spicy Curry;Madrid;Restaurantes;"India, Pollo tikka; Curry vegetal";0;3;3;;;
16358;ia_1977;Spicy Curry;Madrid;Restaurantes;"India, Pollo curry; Biryani";0;3;3;;;
16193;ia_1812;Spicy India;Madrid;Restaurantes;"India, Pollo korma; Curry vegetal";0;3;3;;;
16238;ia_1857;Spicy India;Madrid;Restaurantes;"India, Curry picante; Pakoras";0;3;3;;;
16278;ia_1897;Spicy Masala;Madrid;Restaurantes;"India, Pollo curry; Samosas";0;3;3;;;
15462;ia_1048;Spicy Soul Hot Pot Madrid;Madrid;Restaurantes;"China; Asiática, Hot Pot; Sopas y Caldos; Noodles";0;3;3;;;
5233;spicy_yuli;Spicy yuli;Madrid;Compras;Tiendas, Gatronomía;0;3;3;47292;;47289,47290,47291,47293,47294,47295,47296,47297,47298
15306;ia_891;Spitiko;Madrid;Restaurantes;Griega, Moussaka, Gyros, Ensaladas;0;3;3;;;
5614;splau_;Splau ;Barcelona;Compras;Centros comerciales;0;1;3;49179;;
15124;ia_708;Spoiler Bar;Madrid;Restaurantes;Internacional, Bao | Bocatas & Sandwiches | Nachos | Brunch;0;3;3;;;
17295;sportivo;Sportivo;Madrid;Compras;"Ropa y accesorios, Moda urbana; Estilo alternativo; Diseños exclusivos";0;4;4;74213;74210;74211,74212
19214;ia_5578;Sportlider Ocio y Aventura;Madrid;Experiencias Unicas;Paintball;0;1;1;;;
18608;ia_5811;Sports Field;Madrid;Deportes;Multideporte;0;1;1;;;
18645;ia_5848;Sports Field;Madrid;Deportes;Fútbol / multideporte;0;1;1;73223;73224;
18648;ia_5851;Sports Field;Madrid;Deportes;Fútbol / multideporte;0;1;1;;;
18650;ia_5853;Sports Field (Moratalaz);Madrid;Deportes;Multideporte;0;1;1;73220;73222;
18653;ia_5856;Sports Field (Salamanca);Madrid;Deportes;Multideporte;0;1;1;73217;73218;
18651;ia_5854;Sports Field Tung;Madrid;Deportes;Fútbol / multideporte;0;1;1;;;
17674;ia_3503;SQRUPS +X-;Madrid;Compras;Bazar y descuento, Outlet urbano, descuentos, variedad de productos;0;3;3;;;
15313;ia_898;Sr. Vázquez;Madrid;Restaurantes;Española, Platos mediterráneos, Tapas caseras;0;3;3;;;
14533;ia_116;St James - Canalejas;Madrid;Restaurantes;Mediterránea, Española, Arroces, Paellas, Cocina Mediterránea;0;3;3;;;
14665;ia_210;St James - Juan Bravo;Madrid;Restaurantes;Española, Mediterránea, Paellas, Fideuás, Arroces;0;3;3;;;
15592;ia_1183;St James - Rosario Pino;Madrid;Restaurantes;Mediterránea / Española, Arroces / Cocina tradicional / Carnes y pescados;0;3;3;;;
17622;ia_3451;Stance Skateboard Shop;Madrid;Compras;Skate y deportes urbanos, Montaje de tablas, asesoría técnica;0;3;3;;;
1240;stanza_mare_-_bavaro_beach;Stanza Mare - Bávaro beach;Punta Cana;Alojamiento;Hoteles;0;1;1;17267;17268;17269,17270,17271,17272,17273,17274,17275,17276,17277,17278,17279,17280,17281
16974;ia_2793;Star Flyer;Madrid;Eventos;Atracción permanente;0;3;3;;;
150;stardust_sala_cool);Stardust (Sala Cool);Madrid;Fiesta;Discotecas, Electrónica;0;4;4;;17789;74108,74109,74110,74111
3027;starlite;STARLITE;Málaga;Fiesta;Festivales;0;4;4;20111;20054;20053,20065,20066
3137;starlite_marbella;Starlite Marbella;Málaga;Fiesta, Ocio y eventos;Festivales, Experiencias y actividades, Más de 18, Conciertos, Espectáculos;1;4;3;20633;20638;20634,20635,20636,20637,20639,20640,20641,20642
14935;ia_517;Steak Grill House Halal;Madrid;Restaurantes;Turca, Parrilla / Kebab;0;3;3;;;
15992;ia_1609;Steakburger Atocha;Madrid;Restaurantes;"Americana, Hamburguesas; BBQ; Batidos";0;3;3;;;
14560;ia_64;Steakburger Gran Vía 16;Madrid;Restaurantes;Hamburguesas Gourmet, Parrillada/BBQ;0;3;3;;;
14834;ia_408;Steakburger Preciados;Madrid;Restaurantes;Americana, Hamburguesas, Costillas;0;3;3;;;
17548;ia_3369;Stephen Webster Watches;Madrid;Compras;"Joyería y relojería de lujo, Joyas artísticas; Diseño contemporáneo; Relojes exclusivos";0;3;3;;;
5836;stk_ibiza;STK Ibiza;Ibiza;Restaurantes;Top, Trendy, Mediterranea, Especialista en carne, Restaurantes;0;4;4;50036;50032;50029,50030,50031,50033,50034,50035
15570;ia_1160;Sto Globo Sushi Room;Madrid;Restaurantes;Japonesa / Fusión, Sushi / Cocina japonesa;0;3;3;;;
17005;ia_2825;Street Food Madrid;Madrid;Eventos;Evento gastronómico;0;3;3;;;
14640;ia_184;Street Grills;Madrid;Restaurantes;Americana / Urbana, Hamburguesas, Costillas, Brasa;0;3;3;;;
18508;street_pride_tattoo;Street Pride Tattoo;Madrid;Wellness;Estudio de tatuajes;0;1;1;;;73660,73665,73666,73671,73673
16126;ia_1745;StreetXO;Madrid;Restaurantes;Fusión Asiática, Street Food Creativo;0;3;3;;;
16528;ia_2222;StreetXO;Madrid;Restaurantes;Fusión / Asiática, Alta cocina callejera;0;3;3;;;
1340;streetxo;StreetXO;Madrid;Restaurantes;Trendy, Tradicionales, Japonés, Chino, Fusión, Restaurantes, Streetfood;0;4;4;17130;17129;17128,17131,17132,17133,17134,17135,17136,17138
16594;ia_2316;STRONG;Madrid;Nightlife;Discotecas & Clubs;0;3;3;;;
16654;ia_2376;Studio 54 Madrid;Madrid;Nightlife;Club disco;0;3;3;;;
14912;ia_491;Studio32 - Hotel Barceló Imagine;Madrid;Restaurantes;Mediterránea, Comida Fusión, Cocina mediterránea;0;3;3;;;
16601;ia_2323;Studios Cielo Madrid;Madrid;Nightlife;Club premium / Private events;0;3;3;;;
19190;ia_5554;Sua Guia Brasileira na Espanha – Descubra Madrid;Madrid;Experiencias Unicas;Excursión de día (Day trip);0;1;1;;;
18478;ia_5671;Suaga;Madrid;Wellness;Centro de estética natural;0;1;1;;;
17355;ia_3176;Suárez;Madrid;Compras;"Joyerías y relojerías, Alta joyería; Diseños exclusivos; Tradición familiar";0;3;3;;;
3268;subida_al_torrecilla;Subida al Torrecilla;Ronda;Qué ver;Naturaleza y parques;1;1;3;;;21373,21374,21375,21376,21377,21378,21379,21380,21381,21382
978;sueno_de_una_noche_de_verano;Sueño de una noche de verano;Madrid;Ocio y eventos;Espectáculos;0;4;4;14666;14667;14668
19244;ia_5618;Suite Ava – Hotel InterContinental;Madrid;Experiencias Unicas;Tour/experiencia (general);0;1;1;;;
16757;ia_2512;Suites Barrio de Salamanca;Madrid;Alojamiento;Aparthotel, Cocina equipada, Wi‑Fi;0;3;3;;;
16008;ia_1625;Sukaldea Atotxa;Madrid;Restaurantes;"Vasca, Pintxos; Bacalao; Carnes";0;3;3;;;
18542;ia_5735;Sulis Hammam;Madrid;Wellness;Hammam;0;1;1;;;
3682;sumergete_con_tiburones;Sumérgete con tiburones;Barcelona;Ocio y eventos;Experiencias y actividades, Indoor;0;4;4;23752;23753;23754,23755,23756,23757,23758,23759,23760,23761
14988;ia_572;Sumo Cuzco;Madrid;Restaurantes;Japonesa;0;3;3;;;
15791;ia_1385;Sumo Fuencarral;Madrid;Restaurantes;Japonesa, Sushi, Cocina japonesa;0;3;3;;;
15047;ia_631;Sumo Juan Bravo;Madrid;Restaurantes;Comida Fusión, Australiana;0;3;3;;;
14687;ia_232;Sumo Princesa;Madrid;Restaurantes;Japonesa / Asiática, Sushi, Wok, Buffet libre;0;3;3;;;
5286;super_canopy;Super canopy;Filipinas;;;0;1;3;;;
4998;super_friki_market;Super Friki Market;Madrid;Compras;Marcas y Productos Locales;0;4;4;44488;;44487,44489,44490,44491,44492,44493,44494,44495,44496
14579;ia_109;SUPERCHULO GRAN VÍA;Madrid;Restaurantes;Vegetariana / Internacional, Platos saludables, Veggie Bowls, Cocina Internacional;0;3;3;;;
1534;superchulo_madrid;Superchulo Madrid;Madrid;Restaurantes;Trendy, Veggie, Brasileño, Mediterranea, Vegetariano, Restaurantes, Celiacos ;0;4;4;14207;14210;14206,14208,14209
4987;superfriki_market;Superfriki Market;Madrid;Compras;Marcas y Productos Locales;1;4;3;;;
1347;superheroes_showroom;Superhéroes ShowRoom;Madrid;Ocio y eventos;Exposiciones;0;4;3;15284;15285;15286
17204;ia_3024;Supermercado Naturasi Bernabéu;Madrid;Compras;"Productos ecológicos y naturales, Supermercado ecológico; Amplia variedad; Productos orgánicos";0;3;3;;;
16553;ia_2263;Surcar de Fusión;Madrid;Restaurantes;Fusión / Latino‑asiática, Restaurante fusión / Casual Dining;0;3;3;;;
17101;ia_2921;Surco Iluminación;Madrid;Compras;"Iluminación y lámparas, Lámparas modernas; Proyectos de iluminación; Asesoría técnica";0;3;3;;;
1739;surf_y_turf:_buggy_de_dunas_y_crucero_en_catamaran;Surf & Turf: Buggy de dunas & crucero en catamarán;Punta Cana;Ocio y eventos;Experiencias y actividades;0;4;4;18717;18720;18718,18719,18721,18722,18723
3683;surf_barcelona;Surf Barcelona;Barcelona;Ocio y eventos;Experiencias y actividades, Naturaleza, Deporte;0;4;4;23762;23764;23763,23766,23768
18625;ia_5828;Surf School - ART SURF CAMP;Madrid;Deportes;Surf;0;1;1;73204;73205;
15418;ia_1003;Surtopía;Madrid;Restaurantes;Española, Platos de autor, Vinos;0;3;3;;;
975;survival_zombie;Survival zombie;Madrid;Ocio y eventos;Experiencias y actividades;1;4;4;16073;16074;
14950;ia_534;Sushi Bar Tottori - Lagasca;Madrid;Restaurantes;Japonesa, Sushi | Nigiri | Sashimi | Tempura;0;3;3;;;
15391;ia_976;Sushi de Maksim;Madrid;Restaurantes;Japonesa, Sushi, Platos japoneses;0;3;3;;;
16116;ia_1735;Sushi Garden;Madrid;Restaurantes;"Japonesa, Sushi; Tempura";0;3;3;;;
16519;ia_2209;Sushi Gin;Madrid;Restaurantes;Japonesa / Fusión, Izakaya / Sushi bar;0;3;3;;;
16558;ia_2269;Sushi Gin;Madrid;Restaurantes;Japonesa / Alta cocina, Sushi Bar / Omakase;0;3;3;;;
16056;ia_1675;Sushi Koi;Madrid;Restaurantes;"Japonesa, Sushi; Ramen";0;3;3;;;
14532;ia_114;Sushi Koi Bistrot;Madrid;Restaurantes;Japonesa, Sushi, Ramen, Cocina Japonesa;0;3;3;;;
15216;ia_801;Sushi Land;Madrid;Restaurantes;Japonesa, Sushi, Rolls, Nigiris;0;3;3;;;
16541;ia_2248;Sushi Matako;Madrid;Restaurantes;Japonesa / Fusión, Restaurante japonés;0;3;3;;;
14799;ia_369;Sushi ninja 87;Madrid;Restaurantes;Japonesa, Sushi, Platos japoneses;0;3;3;;;
440;sushi_shop;Sushi Shop;Madrid;Restaurantes;Trendy, Japonés, Restaurantes;0;4;4;16174;16173;16175
14495;ia_24;SUSHI STAR;Madrid;Restaurantes;Japonesa, Sushi, Sashimi, Cocina Japonesa;0;3;3;;;
16084;ia_1703;Sushi Time;Madrid;Restaurantes;"Japonesa, Sushi; Sashimi";0;3;3;;;
16518;ia_2208;Sushi Tokami;Madrid;Restaurantes;Japonesa, Sushi Bar;0;3;3;;;
16540;ia_2247;Sushi Tokyo (Oasiz);Madrid;Restaurantes;Japonesa, Buffet japonés a la carta;0;3;3;;;
4119;sushi_yakuza;Sushi Yakuza;Madrid;Restaurantes;Trendy, Japonés, Fusión, Restaurantes;0;4;4;35118;35117;35119,35120,35121,35122,35123,35124,35125,35126
14784;ia_353;Sushili - Cocina Fusión;Madrid;Restaurantes;Japonesa, Comida Fusión, Sushi, Ceviches;0;3;3;;;
14775;ia_341;Sushita Café - Miguel Ángel;Madrid;Restaurantes;Japonesa, Comida Fusión, Sushi, Bowls;0;3;3;;;
15281;ia_866;Sushita Green;Madrid;Restaurantes;Japonesa, Sushi, Pokes, Platos healthy;0;3;3;;;
14758;ia_316;Swagat;Madrid;Restaurantes;India, Curries, Tandoor;0;3;3;;;
17359;ia_3180;Swarovski;Madrid;Compras;"Joyerías y relojerías, Cristales icónicos; Accesorios brillantes; Alta gama";0;3;3;;;
17498;ia_3319;Swatch;Madrid;Compras;"Joyerías y relojerías, Relojes de diseño; Alta accesibilidad; Innovación creativa";0;3;3;;;
4396;sweet_space_madrid;Sweet Space Madrid;Madrid;Ocio y eventos;Experiencias y actividades, Indoor, Ocio;0;4;4;39229;39230;39172,39226,39227,39228
5700;sweet_space_museum_;Sweet Space Museum ;Madrid;Ocio y eventos;Experiencias y actividades, Indoor;0;3;3;;;
18306;ia_4354;Swinton Gallery;Madrid;Arte y Cultura;Museo de arte contemporáneo, arte urbano / contemporáneo, exposiciones de arte urbano, inauguraciones, Obras de arte urbano, artistas como Okuda y Spok Brillor;0;1;1;73480;73483;
17490;ia_3311;Swiss Military Hanowa;Madrid;Compras;"Joyerías y relojerías, Relojes deportivos; Tradición suiza; Diseño militar";0;3;3;;;
17586;sybilla;Sybilla;Madrid;Compras;Moda y ropa, Confección a medida, asesoría de estilo;0;4;4;;;74421,74422,74423,74424
15200;ia_785;Ta-kumi Madrid;Madrid;Restaurantes;Española, Sushi | Gyozas | Tempura;0;3;3;;;
628;tabacalera;Tabacalera;Madrid;Qué ver;Cool Places;0;4;4;18083;18084;18085,18087,18088,18091
15573;ia_1163;TABERNA ALBEDRIO;Madrid;Restaurantes;Española contemporánea / Fusión, Tapas / Cocina de autor;0;3;3;;;
15444;taberna_antonio_sanchez;Taberna Antonio Sánchez;Madrid;Restaurantes;Española, Tradicional, Cocido, Callos, Tapas;0;4;4;74519;74518;74520,74521,74522
14803;ia_373;Taberna Averías;Madrid;Restaurantes;Internacional, Tapas, Vinos;0;3;3;;;
14761;ia_320;Taberna Casa Maravillas;Madrid;Restaurantes;Madrileña, Española, Cocido madrileño;0;3;3;;;
3947;taberna_casa_pablete;Taberna Casa Pablete;Aranjuez;Restaurantes;Low cost;0;4;4;28575;28581;28576,28577,28578,28579,28580,28582,28583,28584
15311;ia_896;Taberna Degusta;Madrid;Restaurantes;Española, Tapas, Platos Mediterráneos;0;3;3;;;
14969;ia_553;Taberna del Alabardero Madrid;Madrid;Restaurantes;Española, Gourmet;0;3;3;;;
15471;ia_1057;Taberna del Colono;Madrid;Restaurantes;"Española, Tapas; Vermut; Tortilla";0;3;3;;;
14563;ia_71;Taberna del Puerto - Diego de León;Madrid;Restaurantes;Española, Mediterránea, Mariscos, Pescados, Cocina Tradicional;0;3;3;;;
16454;ia_2122;Taberna dNorte;Madrid;Restaurantes;Norteña / Tapas, Taberna • Raciones;0;3;3;;;
3412;taberna_el_almacen;Taberna El Almacén;Ronda;Restaurantes;Tapas;0;4;4;22058;22056;22057,22059
16080;ia_1699;Taberna El Mentidero;Madrid;Restaurantes;"Española, Tapas; Croquetas";0;3;3;;;
14588;ia_123;Taberna El Patio de Abascal;Madrid;Restaurantes;Española, Tapas, Cocina Castellana;0;3;3;;;
15723;ia_1317;Taberna el Pica'or;Madrid;Restaurantes;Española, Tapas, Cocina tradicional;0;3;3;;;
15347;ia_932;Taberna El Urogallo;Madrid;Restaurantes;Española, Tapas, Carnes, Pescados;0;3;3;;;
16144;ia_1763;Taberna Gallega;Madrid;Restaurantes;"Gallega, Pulpo; Lacón con grelos";0;3;3;;;
15671;ia_1265;Taberna Gaztelupe;Madrid;Restaurantes;Mediterranea, Tapas, Cocina mediterránea;0;3;3;;;
14967;ia_551;Taberna La Roldana - Gastronomía Andaluza;Madrid;Restaurantes;Española;0;3;3;;;
15821;ia_1415;Taberna Linaza;Madrid;Restaurantes;Española, Tapas, Cocina tradicional;0;3;3;;;
15773;ia_1367;Taberna Moderna;Madrid;Restaurantes;Española, Cocina moderna, Tapas;0;3;3;;;
15428;ia_1013;Taberna Origen;Madrid;Restaurantes;Española, Tapas, Vinos, Platos internacionales;0;3;3;;;
16585;ia_2306;Taberna Pedraza;Madrid;Restaurantes;Española / Tradicional, Taberna Gourmet;0;3;3;;;
5787;taberna_pedraza;Taberna Pedraza;Madrid;Restaurantes;Top, Trendy, Tradicionales;0;4;3;49524;49525;49526,49529,49530,49531
15305;ia_890;Taberna Pirámide;Madrid;Restaurantes;Española, Tapas, Platos Mediterráneos;0;3;3;;;
15048;ia_632;Taberna Pompeyana;Madrid;Restaurantes;Japonesa;0;3;3;;;
3425;taberna_quinto_tramo;Taberna Quinto Tramo;Ronda;Restaurantes;Tapas;0;1;1;22129;22128;22130,22131,22132,22133,22135,22136,22137
15603;ia_1194;Taberna Santa Lolita;Madrid;Restaurantes;Española / Tradicional, Tapas / Croquetas / Torreznos;0;3;3;;;
15132;ia_716;TABERNA ÚBEDA by Antonio;Madrid;Restaurantes;Internacional;0;3;3;;;
16220;ia_1839;Taberna Vasca;Madrid;Restaurantes;"Vasca, Pintxos; Bacalao al pil-pil";0;3;3;;;
3170;tablao_flamenco_/_restaurante_el_quinque;Tablao Flamenco / Restaurante El Quinqué;Ronda;Fiesta;Bares de copas y Discotecas;1;4;4;20839;20834;20833,20835,20836,20837,20838,20841
16987;ia_2806;Tablao Flamenco 1911;Madrid;Eventos;Show flamenco permanente;0;3;3;;;
16968;ia_2787;Tablao Flamenco La Quimera;Madrid;Eventos;Espectáculo flamenco / tablao;0;3;3;;;
15282;ia_867;Tablao Flamenco Los Porches;Madrid;Restaurantes;Española, Tapas, Paellas, Vinos;0;3;3;;;
3168;tablao_flamenco_restaurante_el_quinque;Tablao Flamenco Restaurante El Quinqué;Ronda;;;1;1;3;;;20813,20814,20815,20816,20817,20818,20819,20820,20821,20822
17057;ia_2877;Tablao Flamenco Torres Bermejas;Madrid;Eventos;Tablao flamenco;0;3;3;;;
16980;ia_2799;Tablao Las Carboneras;Madrid;Eventos;Show flamenco con cena;0;3;3;;;
14615;ia_154;Tabriz;Madrid;Restaurantes;Persa, Kebabs, Guisos Persas, Cocina Iraní;0;3;3;;;
1486;taburete;Taburete;Madrid;Ocio y eventos;Conciertos, Comercial, Ocio;1;4;1;12114;12115;12108,12109,12110,12111,12112,12113
583;tacha_beauty;Tacha Beauty;Madrid;Compras;Para ti, Peluqueria;0;4;4;16884;16885;16886,16887,16888
16091;ia_1710;Taco Loco;Madrid;Restaurantes;"Mexicana, Tacos; Enchiladas";0;3;3;;;
15120;ia_704;Tacoctelería;Madrid;Restaurantes;Internacional, Tacos;0;3;3;;;
15625;ia_1218;Tacómetro;Madrid;Restaurantes;Mexicana, Tacos / Salsas / Margaritas;0;3;3;;;
3802;tacos_don_manolito;Tacos Don Manolito;Madrid;Restaurantes;Low cost, Mexicano, Restaurantes, Streetfood;0;4;4;29737;29739;29738
15484;ia_1071;Tacos Don Pedro – Rodriguez San Pedro;Madrid;Restaurantes;"Mexicana, Tacos; Quesadillas; Cochinita";0;3;3;;;
16136;ia_1755;Tacos El Patrón;Madrid;Restaurantes;"Mexicana, Tacos; Guacamole";0;3;3;;;
5600;tado;Tado;Madrid;Compras;Tiendas, Decoración;1;1;3;;;
17375;ia_3196;Tag Heuer;Madrid;Compras;"Joyería y relojería de lujo, Relojes deportivos; Alta relojería suiza; Innovación tecnológica";0;3;3;;;
14522;ia_91;Taiga - Conde de Peñalver;Madrid;Restaurantes;Japonesa / Fusión, Sushi Creativo, Robata, Fusión Japonesa;0;3;3;;;
15323;ia_908;Taiga - María de Molina;Madrid;Restaurantes;Española, Ensaladas, Carnes, Pescados;0;3;3;;;
5166;taj_lake_palace__india;Taj Lake Palace, India;Filipinas;Alojamiento;Hoteles;0;4;4;46428;46433;46426,46427,46429,46430,46431,46432,46434,46435
16343;ia_1962;Taj Mahal;Madrid;Restaurantes;"India, Pollo tikka masala; Curry vegetal";0;3;3;;;
16384;ia_2003;Taj Mahal;Madrid;Restaurantes;"India, Pollo tikka masala; Curry vegetal";0;3;3;;;
15826;ia_1420;Taj Mahal - Lavapiés 46;Madrid;Restaurantes;India, Cocina india, Currys;0;3;3;;;
16213;ia_1832;Taj Mahal Tetuán;Madrid;Restaurantes;"India, Pollo tikka masala; Curry de verduras";0;3;3;;;
16298;ia_1917;Taj Mahal Tetuán;Madrid;Restaurantes;"India, Pollo tikka masala; Curry de verduras";0;3;3;;;
15421;ia_1006;Taj Marqués de Cubas;Madrid;Restaurantes;India, Curries, Naan, Tandoor;0;3;3;;;
15097;ia_681;Takami (Buffet libre);Madrid;Restaurantes;Japonesa;0;3;3;;;
15921;ia_1538;Tako Away;Madrid;Restaurantes;"Mexicana, Tacos; Burritos; Nachos";0;3;3;;;
16469;ia_2150;Tako Mama;Madrid;Restaurantes;Mexicana, Taquería / Street food;0;3;3;;;
16493;ia_2177;Tako Mama;Madrid;Restaurantes;Mexicana / Fusión, Taquería moderna;0;3;3;;;
444;takos_al_pastor;Takos al Pastor;Madrid;Restaurantes;Trendy, Mexicano, Restaurantes, Restaurant & Club;0;4;4;15314;15315;15316,74445
15725;ia_1319;Takos Fritten - Plaza Castilla;Madrid;Restaurantes;Mexicana, Tacos, Cocina mexicana;0;3;3;;;
15121;ia_705;TalCual;Madrid;Restaurantes;Mediterranea, Brunch | Ensaladas & Bowls | Tapas;0;3;3;;;
17288;ia_3108;Taller de Joyeria y Relojeria Galan;Madrid;Compras;"Joyerías y relojerías, Taller artesanal; Joyería personalizada; Relojería experta";0;3;3;;;
15643;ia_1237;Tam Coc;Madrid;Restaurantes;Sudamericana / Fusión, Ceviches / Carnes / Empanadas;0;3;3;;;
1009;tamara_de_lempicka;Tamara de Lempicka;Madrid;Ocio y eventos;Exposiciones;0;4;4;16688;16689;16690
14844;ia_418;Tampu;Madrid;Restaurantes;Peruana, Comida Fusión, Ceviches, Cocina de autor;0;3;3;;;
3952;tanama_lodge;Tanama Lodge;Punta Cana;Alojamiento;Apartamentos;0;4;4;28638;28643;28637,28639,28641,28642,28644,28645,28646
16198;ia_1817;Tandoori House;Madrid;Restaurantes;"India, Pollo tandoori; Curry de verduras";0;3;3;;;
16263;ia_1882;Tandoori House;Madrid;Restaurantes;"India, Pollo tandoori; Curry de verduras";0;3;3;;;
15031;ia_615;Tandoori Masala;Madrid;Restaurantes;Italiana, Curry;0;3;3;;;
15867;ia_1461;Tandoori Masala Indian Cuisine - Alcobendas;Madrid;Restaurantes;India, Currys, Tandooris;0;3;3;;;
14849;ia_423;Tandoori Masala Indian Cuisine - Cea Bermudez;Madrid;Restaurantes;India, Curries, Biryani, Tandoori;0;3;3;;;
16268;ia_1887;Tandoori Palace;Madrid;Restaurantes;"India, Tandoori; Curry de verduras";0;3;3;;;
437;tandoori_station;Tandoori Station;Madrid;Restaurantes;Top, Tradicionales, Restaurantes;0;4;4;16827;16828;16829,16831,16832,16833
1613;tanga_xxl;Tanga XXL;Madrid;Ocio y eventos;Más de 18, Conciertos, Comercial, Musical;0;4;3;18448;18449;18450
15602;ia_1193;Tangchu;Madrid;Restaurantes;Fusión / Internacional / Asiática, Baos / Tacos / Gyozas;0;3;3;;;
5784;tanta_;Tanta ;Madrid;Restaurantes;Top, Trendy;0;1;3;49511;49514;49512,49513,49515
15551;ia_1138;Tapa Tapa - Arenal;Madrid;Restaurantes;Española, Tapas, Raciones;0;3;3;;;
5045;tapa_tapa_barcelona_;Tapa Tapa Barcelona ;Barcelona;Restaurantes;Tradicionales, Español, Mediterranea, Hamburguesa, Restaurantes;0;3;3;45471;45473;45472,45474,45475,45476,45477,45479,45480,45494,45495,45496
15633;ia_1227;Tapa Tapa Montera;Madrid;Restaurantes;Mediterránea / Española creativa, Tapas / Baos / Tataki;0;3;3;;;
15074;ia_658;Tapa Tapa Santa María Micaela;Madrid;Restaurantes;Mediterranea;0;3;3;;;
14575;ia_98;Tapaloguistas;Madrid;Restaurantes;Española / Creativa, Tapas Creativas, Cocina Española Moderna;0;3;3;;;
3634;tapas_tomate;Tapas Tomate;Barcelona;Restaurantes;Top, Trendy, Español, Restaurantes;0;4;4;23507;23504;23505,23506,23508
1741;tapas_tour_en_madrid_;Tapas tour en Madrid ;Madrid;Ocio y eventos;Experiencias y actividades;0;4;3;18732;18730;18731,18733,18734,18735
16103;ia_1722;Tapas y Tintos;Madrid;Restaurantes;"Española, Tapas; Raciones";0;3;3;;;
16560;ia_2273;Tapaté;Madrid;Restaurantes;Española / Fusión, Taberna moderna;0;3;3;;;
17084;ia_2905;Tapiestilo;Madrid;Compras;"Artículos de decoración, Venta e instalación de alfombras y moquetas; Asesoría en textil decorativo; Personalización de proyectos";0;3;3;;;
15935;ia_1552;Tapioqueria;Madrid;Restaurantes;"Brasileña, Tapiocas; Comida Casera";0;3;3;;;
14975;ia_559;Taquería del Alamillo;Madrid;Restaurantes;Mexicana, Tacos;0;3;3;;;
14573;ia_94;Taquería La Roma - Gracias Padre;Madrid;Restaurantes;Mexicana, Tacos al Pastor, Quesadillas, Cocina Mexicana;0;3;3;;;
4010;taqueria_mexicana_aranjuez;Taquería Mexicana Aranjuez;Aranjuez;Restaurantes;Trendy, Mexicano, Restaurantes;0;3;3;30186;30185;30187,30188,30189,30190,30191,30192,30193,30194
14909;ia_488;TARAMARA;Madrid;Restaurantes;Mediterránea, Española, Cocina mediterránea;0;3;3;;;
16978;ia_2797;Tarántula;Madrid;Eventos;Atracción permanente;0;3;3;;;
15180;ia_765;Tarumba;Madrid;Restaurantes;Mediterranea, Ceviche | Tiradito | Lomo saltado;0;3;3;;;
17550;ia_3371;Tasaki Watches;Madrid;Compras;"Joyería y relojería de lujo, Perlas japonesas; Relojes exclusivos; Tradición artesanal";0;3;3;;;
16153;ia_1772;Taste of India;Madrid;Restaurantes;"India, Curry de cordero; Naan";0;3;3;;;
16208;ia_1827;Taste of India;Madrid;Restaurantes;"India, Chicken tikka; Curry de verduras";0;3;3;;;
14584;ia_119;Taste of India;Madrid;Restaurantes;Massaman Curry, Tandoori, Cocina India;0;3;3;;;
15919;ia_1536;Tasty Poke Bar;Madrid;Restaurantes;"Hawaiana, Poké Bowls; Healthy Food";0;3;3;;;
15169;ia_753;Tatel;Madrid;Restaurantes;Internacional, Milanesa trufada | Tortilla trufada | Croquetas | Arroz del señoret;0;3;3;;;
4821;tatel_madrid_;Tatel Madrid ;Madrid;Restaurantes;Top, Trendy;0;3;3;43988;43983;43984,43985,43986,43987,43989,43990,43991,43992
14862;ia_438;Tatemado;Madrid;Restaurantes;Mediterránea, Española, Carnes, Tapas creativas;0;3;3;;;
410;tates;Tates;Madrid;Restaurantes;Tradicionales, Hamburguesa, Restaurantes;0;4;4;14900;14901;14902,14903
17598;ia_3427;Tattoo Loft;Madrid;Compras;Tatuajes y piercings, Cita previa, asesoría de diseño, aftercare;0;3;3;;;
17248;ia_3068;TATTOO MEDUSA;Madrid;Compras;"Tatuajes y piercings, Estudio de tatuajes; Diseños alternativos; Atención personalizada";0;3;3;;;
18521;tattoo_piercing_mago;Tattoo Piercing Mago;Madrid;Wellness;Estudio de tatuajes y piercings;0;1;1;;;73708,73709,73710,73711,73712
421;taxi_a_manhattan;Taxi a Manhattan;Madrid;Restaurantes;Trendy, Americano, Restaurantes;0;4;4;14669;14670;14671,14672,14673,14674,14675
16658;ia_2380;TBC — TBC Tu Bar de Copas Madrid;Madrid;Nightlife;Bar LGTBIQ+;0;3;3;;;
564;te_valle_gourmet;Té Valle Gourmet;Madrid;Compras;Tiendas, Gatronomía;0;4;4;17902;17903;
17152;ia_2972;Té y mi Gordy;Madrid;Compras;"Tiendas de té y café, Tienda de té; Mezclas personalizadas; Productos exclusivos";0;3;3;;;
129;teatro_barcelo;Teatro Barceló;Madrid;Fiesta;Discotecas, Electrónica, Comercial, Reggeaton;0;4;4;14248;14247;14249,14250
272;teatro_bodevil;Teatro Bodevil;Madrid;Ocio y eventos;Cines y Teatros, Otro, Ocio;0;4;4;15252;15253;15254,15255,15256,15257
1624;teatro_borras_;Teatro Borrás ;Barcelona;Ocio y eventos;Cines y Teatros;0;4;4;18485;18487;18486,18488
273;teatro_calderon;Teatro Calderón;Madrid;Ocio y eventos;Cines y Teatros, Musical, Ocio;0;4;4;16529;16530;16531
3100;teatro_canovas;Teatro Cánovas;Málaga;Ocio y eventos;Cines y Teatros, Espectáculos, Monólogo, Musical;0;4;4;20362;20367;20359,20361,20363,20364,20366
5291;teatro_carlos_iii;Teatro Carlos III;Aranjuez;Ocio y eventos;Cines y Teatros y Salas de concierto;0;3;3;;;47757,47758,47759,47760,47761,47762,47763,47764,47765,47766
1915;teatro_cervantes;Teatro Cervantes;Málaga;Ocio y eventos;Cines y Teatros, Otro, Musical;0;1;3;19817;19818;19814,19815,19816
271;teatro_circo_price;Teatro Circo Price;Madrid;Ocio y eventos;Cines y Teatros, Monólogo, Musical, Circo, Otro, Ocio;0;4;4;14541;14542;14543
17040;ia_2860;Teatro Circo Price;Madrid;Eventos;Teatro y circo;0;3;3;;;
261;teatro_cofidis_alcazar;Teatro Cofidis Alcazar;Madrid;Ocio y eventos;Cines y Teatros, Musical, Circo, Ocio;0;4;4;16048;16049;16050,16051
270;teatro_de_la_zarzuela;Teatro de la Zarzuela;Madrid;Ocio y eventos;Cines y Teatros, Musical, Circo, Ocio;0;4;4;17743;17744;17745,17746
15552;ia_1139;Teatro Degollado - Gracias Padre;Madrid;Restaurantes;Mexicana, Tacos, Mezcalería;0;3;3;;;
1916;teatro_del_soho_caixabank;Teatro del Soho CaixaBank;Málaga;Ocio y eventos;Cines y Teatros;0;4;4;19821;19822;19819,19820
3095;teatro_echegaray;Teatro Echegaray;Málaga;Ocio y eventos;Cines y Teatros, Conciertos, Espectáculos, Monólogo, Musical, Circo, Otro;0;1;3;20340;;20339,20341,20342,20343,20344,20345,20346,20347,20348
16967;ia_2785;Teatro Eslava;Madrid;Eventos;Concierto;0;3;3;;;
711;teatro_espanol;Teatro Español;Madrid;Ocio y eventos;Cines y Teatros, Monólogo, Musical, Circo, Ocio;0;4;4;14483;14484;14485
16979;ia_2798;Teatro Flamenco Madrid;Madrid;Eventos;Show flamenco / experiencia cultural;0;3;3;;;
16673;ia_2395;Teatro Kapital;Madrid;Nightlife;Macrodiscoteca, EDM, Reggaetón, Pop;0;3;3;;;
124;teatro_kapital;Teatro Kapital;Madrid;Fiesta;Discotecas;0;4;4;16214;16215;16216,16217
269;teatro_la_latina;Teatro La Latina;Madrid;Ocio y eventos;Cines y Teatros, Monólogo, Musical, Otro, Ocio;0;4;4;15878;15879;15880,15881,15882,15884
262;teatro_lara;Teatro Lara;Madrid;Ocio y eventos;Cines y Teatros, Ocio;0;4;4;16903;16904;
264;teatro_lope_de_vega;Teatro Lope de Vega;Madrid;Ocio y eventos;Cines y Teatros, Musical, Ocio;0;4;4;17975;17976;17977,17978
18352;ia_4399;Teatro Magno;Madrid;Arte y Cultura;Teatro histórico, teatro y música contemporánea, conciertos y shows inmersivos, Conciertos, obras teatrales, shows;0;1;1;73478;73479;
3843;teatro_nacional_eduardo_brito;Teatro Nacional Eduardo Brito;Santo Domingo;Ocio y eventos;Cines y Teatros y Salas de concierto;0;4;4;25421;25427;25422,25423,25424,25425,25426,25428,25429,25430
259;teatro_real;Teatro Real;Madrid;Ocio y eventos;Cines y Teatros, Ocio;0;4;4;17308;17309;17310,17311
263;teatro_reina_victoria;Teatro Reina Victoria;Madrid;Ocio y eventos;Cines y Teatros, Musical, Circo, Ocio;0;4;4;18007;18008;18009
274;teatro_rialto;Teatro Rialto;Madrid;Ocio y eventos;Cines y Teatros, Monólogo, Musical, Circo, Otro, Ocio;0;4;4;17642;17643;17644
1836;teatro_romano;Teatro Romano;Málaga;Qué ver;Plazas y monumentos;0;4;4;19395;19396;19397
1623;teatro_tivoli;Teatro Tívoli;Barcelona;Ocio y eventos;Cines y Teatros, Musical, Cultura, Ocio;0;4;4;18477;18480;18478,18479
878;teatro_tour;Teatro Tour;Madrid;Ocio y eventos;Experiencias y actividades, Ocio;0;4;4;14934;14935;
3156;teatro_vicente_espinel_mal;TEATRO VICENTE ESPINEL;Málaga;Ocio y eventos;Cines y Teatros, Conciertos, Espectáculos, Monólogo, Musical;0;4;3;;;
3218;teatro_vicente_espinel;Teatro Vicente Espinel;Ronda;Ocio y eventos;Cines y Teatros y Salas de concierto;0;4;4;28860;21093;39866
4991;teckel_madrid_;Teckel Madrid ;Madrid;Restaurantes;Dog Friendly;1;4;4;44624;44623;44403,44404,44408,44409,44410,44411
4394;tecrima_fencing;Tecrima Fencing;Madrid;Compras;Tiendas, Accesorios;0;4;4;38967;38966;38968,38969
15885;ia_1500;Teitu;Madrid;Restaurantes;Mediterranea, Platos mediterráneos, Cocina creativa;0;3;3;;;
304;teleferico;Teleférico;Madrid;Ocio y eventos;Experiencias y actividades;0;4;4;14632;14633;14634,14635,14636,14637
1199;telon_aparte:_cabaret;Telón Aparte: Cabaret;Madrid;Ocio y eventos;Espectáculos;1;4;3;15130;15131;15132,15133,15134
16547;ia_2254;Temple Smash Burger;Madrid;Restaurantes;Hamburguesería, Americana / Contemporánea;0;3;3;;;
63;templo_de_debod;Templo de Debod;Madrid;Qué ver;Parques;0;4;4;17067;17068;17069,17070,17071,17072,17073,17074,17075,17076
18270;ia_4428;Templo de Debod;Madrid;Arte y Cultura;Monumento emblemático, Relieves, inscripciones, arquitectura nubia;0;3;3;;;
18383;ia_4493;Templo de Debod;Madrid;Naturaleza;Ruta de senderismo, Jardines mediterráneos, Visita interior, miradores urbanos;0;1;1;;;
1041;templo_de_debod_viewpoint;Templo de Debod Viewpoint;Madrid;Qué ver;Cool Places;0;4;4;14983;14984;
886;ten_con_ten;Ten Con Ten;Madrid;Restaurantes;Tradicionales, Fusión, Restaurantes, Restaurant & Club;0;4;4;16103;16104;16105,16107
16125;ia_1744;Ten Con Ten;Madrid;Restaurantes;Fusión Internacional, Alta Cocina Creativa;0;3;3;;;
3668;ten_to_nine;Ten to Nine;Málaga;Compras;Tiendas, Accesorios;0;4;4;23662;23640;23663,23664
4451;tenkey;Tenkey;Madrid;Compras;Zonas de compras, Tiendas, Marcas y Productos Locales, Moda, Accesorios, Moda;0;4;4;40345;40344;40341,40342,40343,40346,40347,40348,40349,40350
18592;ia_5795;Tennis Point Madrid;Madrid;Deportes;Tenis / Pádel;0;1;1;73201;73199;
442;tepic;Tepic;Madrid;Restaurantes;Top, Tradicionales, Mexicano, Restaurantes;0;4;4;14406;14407;14408,14409,14410,14411,14412
4221;tepizzare_comida_venezolana;Tepizzare Comida Venezolana;Madrid;Restaurantes;Top, Restaurantes;0;4;4;36144;36145;35870,35871,35872,35873,35874,35875,35876,35877,35878,36146
14813;ia_385;Teppanyakyfish;Madrid;Restaurantes;Japonesa, Comida Fusión, Pescados, Mariscos;0;3;3;;;
863;tequila;Tequila;Madrid;Ocio y eventos;Conciertos;0;4;4;17943;17944;
5109;teresa_carles_;Teresa Carles ;Barcelona;Restaurantes;Dog Friendly;0;4;4;45932;45931;45933,45934,45935,45936,45937,45938,45939,45940
15137;ia_721;Terracotta;Madrid;Restaurantes;Internacional, Paellas & Arroces;0;3;3;;;
1775;terraza_83.3;Terraza 83.3;Barcelona;Qué ver;Cool Places;0;4;4;18931;18930;18928,18929
183;terraza_atenas;Terraza Atenas;Madrid;Fiesta;Bares de copas;0;4;4;15972;15973;15974,15976,15977,15978
15314;ia_899;TERRAZA BIANCA (M);Madrid;Restaurantes;Española, Platos internacionales, Tapas creativas;0;3;3;;;
3635;terraza_catedral_malaga;Terraza Catedral Málaga;Málaga;Restaurantes;Trendy;0;4;4;23442;23478;23433,23434,23435,23436,23437,23438,23439,23440,23441
206;terraza_circulo_bellas_artes_;Terraza Círculo Bellas Artes ;Madrid;Qué ver;Cool Places;0;4;4;16325;;16323,16324
1456;terraza_collins;Terraza Collins;Madrid;Ocio y eventos;Experiencias y actividades, Ocio, Otro;1;4;3;11298;11295;11294,11296,11297
357;terraza_del_museo_romantico;Terraza del Museo Romántico;Madrid;Qué ver, Ocio y eventos;Museos, Restaurantes, Café y té;0;4;4;18255;18256;18257,18258
197;terraza_hotel_de_las_letras;Terraza Hotel de las Letras;Madrid;Fiesta;Bares de copas;0;4;4;17396;17397;
3607;terraza_hotel_pulitzer;Terraza Hotel Pulitzer;Barcelona;Qué ver;Cool Places;0;4;4;29531;29529;29530,29532
214;terraza_jardines_de_sabatini_;Terraza Jardines de Sabatini;Madrid;Fiesta;Bares de copas;0;4;4;15455;15456;15458,15459,15460
369;terraza_lobbo;Terraza Lobbo;Madrid;Restaurantes;Trendy, Fusión, Restaurantes;1;4;4;4603;4592;4594,4600,4602
1458;terraza_lobbo_;Terraza Lobbo ;Madrid;Fiesta, Restaurantes;Bares de copas, Bares y Pubs, Restaurant & Club;0;3;3;11372;11369;11368,11370,11371,11373
5115;terraza_martinez_;Terraza Martínez ;Barcelona;Restaurantes;Con terraza;0;4;4;45981;45987;45982,45983,45984,45985,45986,45988,45989,45990
3339;terraza_ortega;Terraza Ortega;Ronda;Fiesta;Bares de copas y Discotecas;0;4;4;21730;21732;21731,21733,21734,21735,21736,21737,21738,21739
1459;terraza_palacio_de_cibeles_;Terraza Palacio de Cibeles ;Madrid;Restaurantes;Top, Bares y Pubs, Café y té, Restaurant & Club;1;4;3;11402;11406;11403,11404,11405,11407
1457;terraza_skyline;Terraza Skyline;Madrid;Ocio y eventos;Experiencias y actividades, Ocio;0;4;4;11350;11347;11346,11349,11351,11353,11354
15757;ia_1351;Terraza y Restaurante Malvar- Hotel Hospes Puerta de Alcalá;Madrid;Restaurantes;Mediterranea, Cocina mediterránea, Platos gourmet;0;3;3;;;
19176;ia_5542;Terror Stories by Experiencity;Madrid;Experiencias Unicas;Excursión de día (Day trip);0;1;1;;;
15950;ia_1567;Terwals Restaurant Fusion Food;Madrid;Restaurantes;"Internacional, Comida Fusión; Platos Creativos";0;3;3;;;
6141;test_recomendado;Test Recomendado;Málaga;Ocio y eventos;Conciertos;1;1;3;;;
16257;ia_1876;Tex-Mex Cantina;Madrid;Restaurantes;"Tex-Mex, Nachos; Burritos";0;3;3;;;
16166;ia_1785;Texan Grill;Madrid;Restaurantes;"Americana, Brisket; Hamburguesas";0;3;3;;;
16181;ia_1800;Texas BBQ;Madrid;Restaurantes;"Americana, Costillas BBQ; Hamburguesas";0;3;3;;;
16201;ia_1820;Texas BBQ;Madrid;Restaurantes;"Americana, Costillas BBQ; Brisket";0;3;3;;;
16266;ia_1885;Texas BBQ;Madrid;Restaurantes;"Americana, Brisket; Costillas";0;3;3;;;
16231;ia_1850;Texas Grill;Madrid;Restaurantes;"Americana, Steak; Hamburguesas";0;3;3;;;
16341;ia_1960;Texas Grill;Madrid;Restaurantes;"Americana, Hamburguesas; Costillas BBQ";0;3;3;;;
16382;ia_2001;Texas Grill;Madrid;Restaurantes;"Americana, Hamburguesas; Costillas BBQ";0;3;3;;;
15178;ia_762;Thai Arturo Soria;Madrid;Restaurantes;Creativa, Curry | Pad Thai | Wok;0;3;3;;;
14760;ia_318;Thai Garden;Madrid;Restaurantes;Tailandesa, Curries, Pad Thai;0;3;3;;;
14925;ia_507;Thai Garden by Emilio Carcur;Madrid;Restaurantes;Tailandesa, Curries, Pad Thai;0;3;3;;;
15432;ia_1017;Thai Mongkut Chamberí;Madrid;Restaurantes;Tailandesa, Pad Thai, Curries, Platos creativos;0;3;3;;;
3955;the_bannister_hotel_samana;The Bannister Hotel Samaná;Santo Domingo;Alojamiento;Apartamentos;0;4;4;28667;28672;28668,28669,28670,28671,28673,28674,28675,28676
5159;the_barber_shop_cocktail_bar;The Barber Shop Cocktail bar;Filipinas;Fiesta;Discotecas;0;4;4;46361;46356;46357,46358,46359,46360,46362,46363,46364,46365
18534;ia_5727;The Beauty Concept at Mandarin Oriental Ritz;Madrid;Wellness;Centro de estética de lujo;0;1;1;;;
18602;ia_5805;The Best Sport;Madrid;Deportes;Multideporte;0;1;1;73196;73197;
17219;ia_3039;The Brother’s Peluquería;Madrid;Compras;"Peluquerías y barberías, Barbería urbana; Estilo joven; Servicio cercano";0;3;3;;;
17304;ia_3125;The Brubaker;Madrid;Compras;"Ropa y accesorios, Moda masculina; Prendas sostenibles; Estilo contemporáneo";0;3;3;;;
15015;ia_599;The Captain;Madrid;Restaurantes;Española;0;3;3;;;
19188;ia_5552;The Cooking Clubhouse;Madrid;Experiencias Unicas;Clase de cocina / Taller culinario;0;1;1;;;
759;the_cool_cactus;The Cool Cactus;Madrid;Compras;Marcas y Productos Locales;0;4;4;17548;17549;
4744;the_cool_cactus_;The cool cactus ;Madrid;Compras;Tiendas, Marcas y Productos Locales, Para ti;1;3;3;43614;43620;43615,43616,43617,43618,43619,43621,43622,43623
4768;the_cool_cactus2;The Cool Cactus2;Madrid;Compras;Tiendas;0;3;3;;;43680,43681,43682,43683,43684,43685,43686,43687,43688,43689
15884;ia_1498;The Diner;Madrid;Restaurantes;Americana, Hamburguesas, Comida rápida;0;3;3;;;
5035;the_doping_club;The doping club;Barcelona;Restaurantes;Trendy, Mediterranea, Restaurantes;0;3;3;45049;45048;45046,45047
1201;the_enormous_room;The Enormous Room;Madrid;Compras, Ocio y eventos;Espectáculos;1;4;4;17464;17465;17466,17467
5157;the_garrett__nueva_york;The Garrett, Nueva York;Filipinas;Fiesta;Discotecas;0;4;4;46338;46333;46332,46334,46335,46336,46337,46339,46340,46341
18343;ia_4390;The Greek Workshop — Taller La Griega;Madrid;Arte y Cultura;Arquitectura / edificio emblemático, artesanía griega, cerámica y cultura helénica, Cerámica griega artesanal;0;1;1;73475;;
16641;ia_2363;The Green Corner Pub;Madrid;Nightlife;Irish pub;0;3;3;;;
5273;the_green_spot_;The green spot ;Barcelona;Restaurantes;Dog Friendly;0;3;3;47623;47620;47621,47622
5217;the_guateque_bar;The guateque bar;Barcelona;Fiesta;Bares de copas;0;4;4;47074;47075;47062,47063,47064,47066,47068,47069,47070,47071
15842;ia_1436;The Handyman Tavern;Madrid;Restaurantes;Internacional, Tapas, Cocina internacional;0;3;3;;;
427;the_hat_madrid;The Hat Madrid;Madrid;Alojamiento;Low cost, Terraza;0;4;4;15066;15067;15068,15070,15071,15072
16668;ia_2390;The Hat Rooftop;Madrid;Nightlife;Rooftop bar, Chill, Acoustic;0;3;3;;;
16611;ia_2333;The Host Club;Madrid;Nightlife;Club premium;0;3;3;;;
5086;the_indoor_jumping_club;The Indoor Jumping club;Barcelona;Ocio y eventos;Experiencias y actividades;0;4;4;46747;45730;45733,46748,46749
16660;ia_2382;The Jungle;Madrid;Nightlife;Bar tropical;0;3;3;;;
5013;the_jungle_jazz_club;The jungle jazz club;Madrid;Fiesta;Bares de copas;0;4;4;44795;;44791,44792,44793,44794,44796,44797,44798,44799,44800
16428;ia_2085;The Kaiten Lab;Madrid;Restaurantes;Japonesa, Sushi Bar;0;3;3;;;
19229;ia_5598;The Kaiten Lab (Wonderland);Madrid;Experiencias Unicas;Tour/experiencia (general);0;1;1;;;
5041;the_kave_;The Kave ;Madrid;Fiesta;Bares de copas;0;4;4;45400;45399;45397,45398,45401,45402,45403,45404,45405,45406
5172;the_kayon_jungle_resort_by_pramana__indonesia;The Kayon Jungle Resort by Pramana, Indonesia;Filipinas;Alojamiento;Hoteles, Terraza, Wifi, Restaurante, Bar, Spa, Traslados;0;4;4;46488;46486;46487,46489,46490,46491,46492,46493,46494
16817;ia_2569;The Level At Hotel Melia Castilla;Madrid;Alojamiento;Luxury Hotel, Lounge privado, spa, piscina;0;3;3;;;
16829;ia_2592;The Level at Meliá Castilla: confort y servicio premium en Madrid;Madrid;Alojamiento;Hoteles, Piscina y lounge privado;0;3;3;;;
3261;the_lights_hostel;The Lights Hostel;Málaga;Alojamiento;Low cost;0;1;3;21286;21282;21281,21283,21284,21285,21287,21288,21289,21290
5662;the_lumineers;The Lumineers;Madrid;Ocio y eventos;Conciertos;0;4;3;49383;49385;49384
17034;ia_2854;The Magic Forest;Madrid;Eventos;Parque infantil;0;3;3;;;
5182;the_manta_resort_zanzibar__africa;The Manta Resort Zanzibar, Africa;Filipinas;Alojamiento;Hoteles;0;4;4;46588;46586;46587,46589,46590,46591,46592,46593,46594,46595
15187;ia_772;The Mint Place;Madrid;Restaurantes;Mediterranea, Hamburguesas | Hot Dogs;0;3;3;;;
5920;the_new_paradis_opening_party;The New Paradis Opening Party;Ibiza;Fiesta;Discotecas, Zonas de fiesta;0;4;3;49840;49835;49836,49837,49838,49839
5151;the_nightjar_londres;The Nightjar Londres;Filipinas;Fiesta;Bares de copas;0;4;4;46268;46266;46267,46269,46270,46271,46272,46273,46274,46275
5887;the_ninth_;The Ninth ;Ibiza;Fiesta;Bares de copas;0;4;3;49748;49744;49743,49745,49746,49747
5146;the_old_house_1147;The Old House 1147;Filipinas;Restaurantes;Tradicionales;0;4;4;46163;46161;46162,46164,46165,46166,46167,46168,46169,46170
17289;ia_3109;The Organic Spa;Madrid;Compras;"Centros de estética, Spa de lujo; Tratamientos orgánicos; Bienestar exclusivo";0;4;4;;;
18536;the_organic_spa;The Organic Spa;Madrid;Wellness;Spa;0;4;4;74761;74760;74762,74763,74764,74765
3868;the_outpost_barcelona;The Outpost Barcelona;Barcelona;Compras;Tiendas;0;4;4;25675;25680;25671,25672,25673,25674,25676,25677,25678,25679,28537,28538
1488;the_pink_floyd_exhibition;The Pink Floyd Exhibition;Madrid;Ocio y eventos;Exposiciones, Rock, Fotografía, Pintura, Otro, Indoor, Cultura;1;4;1;12128;12127;12123,12124,12125,12126
5912;the_premium_ibiza_boat_party_;The premium Ibiza boat party ;Ibiza;Fiesta;Zonas de fiesta;0;3;3;49817;49815;49814,49818,49819
108;the_principal_5;The Principal 5*;Madrid;Alojamiento;Hoteles;0;4;4;14277;14278;14279,14280,14281,14282,14283,14284
16813;ia_2565;The Principal Madrid;Madrid;Alojamiento;Luxury Hotel, Rooftop, restaurante gourmet, bar;0;3;3;;;
16828;ia_2591;The Principal Madrid: vistas icónicas y elegancia urbana;Madrid;Alojamiento;Hoteles, Rooftop y restaurante gourmet;0;3;3;;;
5173;the_ritz_carlton_koh_samui__tailandia;The Ritz Carlton Koh Samui, Tailandia;Filipinas;Alojamiento;Hoteles;0;4;4;46498;46496;46497,46499,46500,46501,46502,46503,46504,46505
1653;the_room;The Room;Barcelona;Fiesta;Bares de copas;0;3;3;;;
17631;ia_3460;The Shed Coworking;Madrid;Compras;Coworking y oficinas compartidas, Coworking, eventos, comunidad profesional;0;4;4;74637;74645;74638,74640,74643
17680;ia_3509;The Sibarist – Intentional Living;Madrid;Compras;Inmobiliarias y alquiler, Inmobiliaria boutique, arte, sostenibilidad;0;3;3;;;
5965;the_sirenis_aquagames;The Sirenis Aquagames;Ibiza;Qué ver;Cool Places;0;4;3;49943;49944;49945,49946,49948
5834;the_skinny_kitchen_;The Skinny Kitchen ;Ibiza;Restaurantes;Top, Trendy, Veggie, Vegetariano, Fusión, Restaurantes;0;3;3;49581;;
14504;the_social_hub_madrid_rooftop_bar;The Social Hub Madrid Rooftop Bar;Madrid;Restaurantes;Internacional, Cócteles, Tapas Internacionales;0;4;4;;;74610,74612,74613,74614,74615
1863;the_top;The Top;Málaga;Fiesta;Bares de copas, Comercial;0;4;4;19592;19596;19593,19594,19595,19597
3773;the_top_molina_lario;The Top Molina Lario;Málaga;Fiesta;Bares de copas;0;4;4;24680;24675;24671,24672,24673,24674,24676,24678,24679
1898;the_urban_jungle_rooftop;The Urban Jungle Rooftop;Málaga;Alojamiento;Low cost;0;1;3;19732;19736;19733,19734,19735
15443;ia_1028;The Vegan Roll;Madrid;Restaurantes;Japonesa, Sushi vegano, Platos japoneses, Comida saludable;0;3;3;;;
3324;the_wallz_punta_cana;The Wallz Punta Cana;Punta Cana;Qué ver;Cool Places;0;4;4;21627;21630;21626,21628,21629
5775;the_weekender;The Weekender;Málaga;Fiesta;Festivales;0;3;3;;;
5709;the_weekender_instagram_story);The Weekender (Instagram story);Barcelona;Fiesta;Festivales;0;3;3;49473;;
434;the_westin_palace_5;The Westin Palace 5*;Madrid;Alojamiento;Hoteles;0;4;4;16218;16219;16220,16221,16222,16223,16224,16225
3881;the_westin_puntacana_resort_y_club;The Westin Puntacana Resort & Club;Punta Cana;Alojamiento;Hoteles;0;4;4;26542;26545;26540,26541,26543,26544,26546,26547,26548,26549
737;the_wild_stone;The Wild Stone;Madrid;Compras;Marcas y Productos Locales;0;4;4;14391;14392;
5781;the_work_of_bansky_;The Work of Bansky ;Barcelona;Ocio y eventos;Exposiciones;0;4;4;49416;49422;49417,49424,49426,49428,49434,49435
17030;ia_2850;The Workshop Madrid;Madrid;Eventos;Taller creativo;0;3;3;;;
5368;the_x-door_madrid;The X-Door Madrid;Madrid;Ocio y eventos;Experiencias y actividades, Indoor, Ocio;0;4;4;48297;48289;48288,48292,48293,48294
19209;ia_5573;TheWonderTrip;Madrid;Experiencias Unicas;Actividad de aventura;0;1;1;;;
18464;ia_5656;THINFAT STUDIO: tatuajes y piercings;Madrid;Wellness;Estudio de tatuajes y piercings;0;1;1;;;
16614;ia_2336;ThunderCat Club;Madrid;Nightlife;Club alternativo;0;3;3;;;
15822;ia_1416;Ticuí;Madrid;Restaurantes;Internacional, Cocina creativa, Platos internacionales;0;3;3;;;
17092;ia_2913;Tienda de pinturas Imcasa - Centro Procolor;Madrid;Compras;"Pinturas y revestimientos, Distribuidor oficial Procolor; Pinturas técnicas; Soluciones para obra y hogar";0;3;3;;;
17156;ia_2976;Tienda Deleite;Madrid;Compras;"Tiendas de té y café, Gourmet y delicatessen; Productos selectos; Atención cercana";0;3;3;;;
17310;ia_3131;Tienda Ropa Mujer Chamberí - Personal Shopper - Zapatería - Complementos - MODA VOSKA;Madrid;Compras;"Ropa y accesorios, Moda femenina; Personal shopper; Complementos exclusivos";0;3;3;;;
3784;tiendas_eixample;Tiendas Eixample;Barcelona;Compras;Tiendas, Decoración, Música, Moda, Gatronomía, Accesorios, Libros, Coleccionista;0;4;4;31608;31609;24721,24722,24723,24726,24727,24728
5551;tierra_burrito_bar;Tierra Burrito Bar;Madrid;Restaurantes;Top, Trendy, Low cost, Veggie, Especial Delivery, Mexicano, Americano, Fusión, Restaurantes;0;4;4;48815;48819;48813,48814,48816,48817,48818
17362;ia_3183;Tiffany & Co.;Madrid;Compras;"Joyería y relojería de lujo, Joyería icónica; Servicio de personalización; Estilo americano";0;3;3;;;
17528;ia_3349;Tiffany & Co. Watches;Madrid;Compras;"Joyería y relojería de lujo, Alta joyería; Relojes de lujo; Tradición americana";0;3;3;;;
5213;tiffany_madrid;Tiffany Madrid;Madrid;Compras;Tiendas;1;1;1;;;47041,47042,47043,47044,47045,47046,47047,47048,47049
16975;ia_2794;Tifón;Madrid;Eventos;Atracción permanente (posible);0;3;3;;;
15513;ia_1100;Tijuana Velilla;Madrid;Restaurantes;Mexicana, Tacos y enchiladas;0;3;3;;;
15820;ia_1414;Tinglado Oyster Bar;Madrid;Restaurantes;Mediterranea, Mariscos, Cocina mediterránea;0;3;3;;;
5778;tini_gessler;Tini Gessler;Málaga;Fiesta;Discotecas, Festivales;0;4;4;49471;49476;49470,49472,49474
19204;ia_5568;Tío Pepe;Madrid;Experiencias Unicas;Excursión de día (Day trip) + Bodega y cata;0;1;1;;;
3948;tio_pepe_bar_meson_;Tío Pepe Bar Mesón ;Aranjuez;Restaurantes;Low cost;0;4;4;28606;28602;28585,28586,28587,28588,28589,28590,28591,28592,28593,28594
4736;tipi_tent;Tipi tent;Madrid;Compras;Tiendas, Marcas y Productos Locales, Para ti, Moda, Moda;0;4;4;43588;;43586,43587
884;tiradito_y_pisco_bar_;Tiradito & Pisco bar ;Madrid;Restaurantes;Tradicionales, Peruano, Restaurantes, Restaurant & Club;0;4;4;14388;14389;14390
14953;ia_537;Tírame Una;Madrid;Restaurantes;Española, Tacos | Nachos | Huevos rotos | Croquetas | Bocadillos;0;3;3;;;
1730;tirolina_super_canopy_bavaro;Tirolina Super Canopy Bavaro;Punta Cana;Ocio y eventos;Experiencias y actividades;0;4;4;18654;18655;18656,18657
17491;ia_3312;Tissot;Madrid;Compras;"Joyerías y relojerías, Relojes suizos accesibles; Tradición relojera; Innovación técnica";0;3;3;;;
17482;ia_3303;Titoni;Madrid;Compras;"Joyerías y relojerías, Relojes clásicos; Producción familiar; Alta relojería accesible";0;3;3;;;
17251;ia_3071;Tizana Fruteria;Madrid;Compras;"Fruterías y verdulerías, Frutas exóticas; Zumos frescos; Variedad de productos";0;3;3;;;
1255;toc_-_restaurante;TOC - Restaurante;Punta Cana;Restaurantes;Tradicionales, Fusión, Restaurantes;0;4;4;17550;17551;17552,17553,17554,17555,17556,17557,17558,17559,17560,17561,17562
428;tochostel_madrid;TOCHostel Madrid;Madrid;Alojamiento;Low cost;0;4;4;15946;15947;15948,15949,15950,15951
17565;ia_3386;Todo a 10€ y +;Madrid;Compras;Tienda low‑cost & descubrimiento rápido, Stock cambiante & artículos sorpresa;0;3;3;;;
16709;ia_2464;Tokio;Madrid;Alojamiento;Budget Hotel, Ubicación céntrica, Wi‑Fi;0;3;3;;;
16571;ia_2284;Tokio Jarana (The Champions Burger);Madrid;Restaurantes;Fusión Japonesa / Americana, Hamburguesería Gourmet / Fusión;0;3;3;;;
16066;ia_1685;Tokyo Ramen Bar;Madrid;Restaurantes;"Japonesa, Ramen; Gyozas";0;3;3;;;
16071;ia_1690;Tokyo Ramen Bar;Madrid;Restaurantes;"Japonesa, Ramen; Gyozas";0;3;3;;;
16111;ia_1730;Tokyo Ramen Bar;Madrid;Restaurantes;"Japonesa, Ramen; Gyozas";0;3;3;;;
16420;toma_cafe;Toma Café;Madrid;Restaurantes;Internacional, Café / Brunch;0;4;4;74551;74547;74550,74552,74553
718;tomavistas;Tomavistas;Madrid;Fiesta;Festivales, Rock, Otro;0;4;4;16226;16227;
17189;ia_3009;TomeVinos;Madrid;Compras;"Bodegas y tiendas de vino, Tienda de vinos; Selección internacional; Atención personalizada";0;3;3;;;
17508;ia_3329;Tommy Hilfiger Watches;Madrid;Compras;"Joyerías y relojerías, Moda internacional; Estilo juvenil; Diseños icónicos";0;3;3;;;
19220;ia_5584;Tomorrowland Immersive Experience;Madrid;Experiencias Unicas;Experiencia inmersiva / VR / museo interactivo;0;1;1;;;
16511;ia_2199;Tonarello;Madrid;Restaurantes;Italiana, Trattoria;0;3;3;;;
15711;ia_1305;Tontón;Madrid;Restaurantes;Internacional, Platos internacionales, Brunch;0;3;3;;;
15211;ia_796;Tony Roma's - Alcorcon Sur;Madrid;Restaurantes;Española, Costillas BBQ, Hamburguesas, Platos americanos;0;3;3;;;
15307;ia_892;Tony Roma's - Móstoles;Madrid;Restaurantes;Española, Ribs, Hamburguesas, Platos americanos;0;3;3;;;
15345;ia_930;Tony Roma´s - Bernabéu;Madrid;Restaurantes;restaurante, Española;0;3;3;;;
15451;ia_1036;Tony Roma´s - Hortaleza;Madrid;Restaurantes;Americana, Internacional, Costillas BBQ, Hamburguesas, Platos americanos;0;3;3;;;
15319;ia_904;Tony Roma´s - Plaza Norte 2;Madrid;Restaurantes;Española, Ribs, Hamburguesas, Platos americanos;0;3;3;;;
14985;ia_569;Tony Roma´s - Silvano;Madrid;Restaurantes;Argentino, Hamburguesas;0;3;3;;;
15020;ia_604;Tony Roma´s Islazul;Madrid;Restaurantes;Española, Parrillada/BBQ;0;3;3;;;
15894;ia_1509;Tony Roma’s - Las Rozas;Madrid;Restaurantes;Internacional, BBQ, Carnes;0;3;3;;;
15563;ia_1152;Tony Roma’s – Orense;Madrid;Restaurantes;Americana;0;3;3;;;
4397;top_buggy;Top Buggy;Ronda;Experiencias y Actividades;Naturaleza y Turismo Activo;0;4;4;39214;39213;39215
15876;ia_1475;Toque de Sal;Madrid;Restaurantes;Mediterranea, Tapas, Platos Mediterráneos;0;3;3;;;
15134;ia_718;Tora;Madrid;Restaurantes;Japonesa;0;3;3;;;
3225;toro_tapas;Toro Tapas;Ronda;Restaurantes;Low cost, Tapas;0;4;4;21131;21134;42661,42662,42663
1774;torre_agbar;Torre Agbar;Barcelona;Qué ver;Arquitectura;0;4;4;18923;18922;18921
1638;torre_de_telecomunicaciones;Torre de Telecomunicaciones;Barcelona;Qué ver;Arquitectura;0;4;4;18541;18543;18542
820;torre_europa_;Torre Europa ;Madrid;Qué ver;Arquitectura;0;4;4;18233;18234;
18300;ia_4348;Torre PwC;Madrid;Arte y Cultura;Torre / mirador arquitectónico, arquitectura contemporánea, hotel panorámico, diseño sostenible, Su propia estructura arquitectónica;0;1;1;;;
3356;torrecilla;Torrecilla;Ronda;Qué ver;Naturaleza y parques;0;4;4;21783;21780;21781,21782,21784,21785,21786,21787,21788,21789
15207;ia_792;Torres Bermejas;Madrid;Restaurantes;Española, Tapas | Paellas & Arroces;0;3;3;;;
821;torres_blancas;Torres Blancas ;Madrid;Qué ver;Arquitectura;0;4;4;16824;16823;16822,16826
822;columbus_towers;Torres Colón ;Madrid;Qué ver;Arquitectura;0;4;4;18107;18108;18109
819;torres_kio;Torres Kio;Madrid;Qué ver;Arquitectura;0;4;4;15035;15036;15037,15038
19238;ia_5610;Tortillas creativas (Ruta);Madrid;Experiencias Unicas;Degustación / experiencia gastronómica;0;1;1;;;
3891;tortuga_bay_hotel_at_puntacana_resort_y_club;Tortuga Bay Hotel at Puntacana Resort & Club;Punta Cana;Alojamiento;Hoteles;0;4;4;26594;26588;26586,26587,26589,26591,26592,26593,26595
15912;ia_1528;Tōru Sushi experience en Madrid,Restaurante japones (by sushimola);Madrid;Restaurantes;Japonesa;0;3;3;;;
17683;ia_3512;Total Renting | Renting de coches;Madrid;Compras;Inmobiliarias y alquiler, Renting online, vehículos nuevos, servicio integral;0;3;3;;;
15059;ia_643;Totale Montecarmelo;Madrid;Restaurantes;Internacional, Pizzas | Pastas;0;3;3;;;
15480;ia_1067;Totale Valdebebas;Madrid;Restaurantes;"Italiana, Pizzas; Pasta; Brunch";0;3;3;;;
430;totem_hotel_4;Tótem Hotel 4*;Madrid;Alojamiento;Hoteles;0;4;4;15073;15074;15075,15076,15077,15078,15079,15080
1273;tour_a_el_nido;Tour A El Nido;Filipinas;Ocio y eventos;Experiencias y actividades;0;1;3;15998;15999;16000,16001,16002
4681;tour_a_las_bodegas_de_madrid_-_valle_del_tajo;Tour a las bodegas de Madrid - Valle del tajo;Madrid;Restaurantes;Top, Español, Restaurantes;0;3;3;;;
4682;tour_a_ribera_de_duero;Tour a Ribera de Duero;Madrid;Restaurantes;Top, Español, Restaurantes;0;4;4;;;
18657;ia_4870;Tour combinado privado Museo del Prado y Reina Sofía - Madrid;Madrid;Experiencias Unicas;Walking tour · Privado;0;1;1;;;
18658;ia_4873;Tour de 14 días por Portugal y Andalucía desde Madrid - Madrid;Madrid;Experiencias Unicas;Tour de 14 días;0;1;1;;;
660;tour_de_los_fantasmas_en_madrid;Tour de los fantasmas en Madrid;Madrid;Ocio y eventos;Experiencias y actividades;0;4;4;17679;17680;
1746;tour_de_misterios_y_leyendas_por_madrid;Tour de Misterios y Leyendas por Madrid;Madrid;Ocio y eventos;Experiencias y actividades, Naturaleza, Cultura, Ocio;0;4;4;18757;18759;18758,18760,18761
663;tour_de_tapas_y_flamenco;Tour de tapas y flamenco;Madrid;Ocio y eventos;Experiencias y actividades;0;4;4;18186;18187;
18054;ia_4061;Tour del Imperio Romano desde Madrid;Madrid;Arte y Cultura;Museo de historia, Museo de América, arte precolombino, culturas;0;3;3;;;
18071;ia_4093;Tour del Imperio Romano desde Madrid;Madrid;Arte y Cultura;Arquitectura / edificio emblemático, Faunia, ecosistemas, fauna;0;3;3;;;
18055;ia_4062;Tour del Imperio Romano: Segóbriga, Noheda y Minas de Lapis Specularis;Madrid;Arte y Cultura;Museo de historia, Museo del Ferrocarril, locomotoras, trenes históricos;0;3;3;;;
18077;ia_4104;Tour del Imperio Romano: Segóbriga, Noheda y Minas de Lapis Specularis;Madrid;Arte y Cultura;Arquitectura / edificio emblemático, Parque de Atracciones, montañas rusas, espectáculos;0;3;3;;;
1761;tour_dominguero_madrid;TOUR DOMINGUERO MADRID;Madrid;Ocio y eventos;Experiencias y actividades, Ocio;0;4;3;18846;18847;18845
18081;ia_4110;Tour en el Museo Arqueológico de Madrid ;Madrid;Arte y Cultura;Excursión / day trip, Parque Warner Madrid, superhéroes, Looney Tunes;0;3;3;;;
18188;ia_4245;Tour en el Museo Arqueológico de Madrid ;Madrid;Arte y Cultura;Excursión / day trip, Puerta del Sol, kilómetro cero, Oso y Madroño;0;3;3;;;
18082;ia_4111;Tour en grupo pequeño por el Palacio Real de Madrid y los Habsburgo;Madrid;Arte y Cultura;Palacio Real (palacio), Aquópolis, toboganes acuáticos, piscinas de olas;0;3;3;;;
18189;ia_4246;Tour en grupo pequeño por el Palacio Real de Madrid y los Habsburgo;Madrid;Arte y Cultura;Palacio Real (palacio), Templo de Debod, templo egipcio, atardecer;0;3;3;;;
18083;ia_4112;Tour en grupo pequeño por el Reina Sofía NO acceso por línea;Madrid;Arte y Cultura;Museo de arte moderno / contemporáneo, Micropolix, ciudad infantil, juegos de rol;0;3;3;;;
18110;ia_4157;Tour en grupo pequeño por el Reina Sofía NO acceso por línea;Madrid;Arte y Cultura;Museo de arte moderno / contemporáneo, Parque del Retiro, Palacio de Cristal, estanque;0;3;3;;;
18084;ia_4113;Tour en grupo reducido al Museo del Prado sin colas 7 personas Max;Madrid;Arte y Cultura;Museo de arte clásico / pinacoteca, Safari Madrid, animales salvajes, naturaleza;0;3;3;;;
18111;ia_4158;Tour en grupo reducido al Museo del Prado sin colas 7 personas Max;Madrid;Arte y Cultura;Museo de arte clásico / pinacoteca, Gran Vía, arquitectura, teatros;0;3;3;;;
18063;ia_4079;Tour en grupo reducido por el Museo del Prado con entrada sin colas;Madrid;Arte y Cultura;Museo de arte clásico / pinacoteca, Palacio Real de Madrid, Salón del Trono, colecciones reales;0;3;3;;;
18112;ia_4159;Tour en grupo reducido por el Museo del Prado con entrada sin colas;Madrid;Arte y Cultura;Museo de arte clásico / pinacoteca, Malasaña, Movida Madrileña, grafitis;0;3;3;;;
18064;ia_4080;Tour en las Colecciones Reales de Madrid grupo pequeño y sin cola;Madrid;Arte y Cultura;Museo de historia, Catedral de la Almudena, cripta, cúpula panorámica;0;3;3;;;
18113;ia_4160;Tour en las Colecciones Reales de Madrid grupo pequeño y sin cola;Madrid;Arte y Cultura;Museo de historia, Chueca, diversidad, vida nocturna;0;3;3;;;
18057;ia_4069;Tour en Madrid Paisaje de la Luz Arte Ciencia y Museo Thyssen ;Madrid;Arte y Cultura;Museo enciclopédico / colección privada, Museo Nacional de Ciencias Naturales, dinosaurios, minerales;0;3;3;;;
18078;ia_4106;Tour en Madrid Paisaje de la Luz Arte Ciencia y Museo Thyssen ;Madrid;Arte y Cultura;Museo enciclopédico / colección privada, Aquópolis, toboganes, piscina de olas;0;3;3;;;
18058;ia_4070;Tour en Madrid y Toledo con Conductor, servicio de chófer madrid;Madrid;Arte y Cultura;Excursión / day trip, Planetario de Madrid, astronomía, espacio;0;3;3;;;
18079;ia_4107;Tour en Madrid y Toledo con Conductor, servicio de chófer madrid;Madrid;Arte y Cultura;Excursión / day trip, Micropolix, ciudad infantil, juegos de rol;0;3;3;;;
18076;ia_4103;Tour guiado a los Museos del Prado y Reina Sofía;Madrid;Arte y Cultura;Museo de arte moderno / contemporáneo, Barrio de Lavapiés, multiculturalidad, tapas;0;3;3;;;
18105;ia_4148;Tour guiado a los Museos del Prado y Reina Sofía;Madrid;Arte y Cultura;Museo de arte moderno / contemporáneo, Teatro Español, Siglo de Oro, dramaturgia;0;3;3;;;
18108;ia_4153;Tour guiado a los Museos del Prado y Reina Sofía;Madrid;Arte y Cultura;Museo de arte moderno / contemporáneo, Teatro Español, Siglo de Oro, dramaturgia;0;3;3;;;
18088;ia_4126;Tour guiado por el Madrid de los espías ;Madrid;Arte y Cultura;Museo enciclopédico / colección privada, Museo Thyssen nocturno, impresionismo, colecciones;0;3;3;;;
18106;ia_4151;Tour guiado por el Madrid de los espías ;Madrid;Arte y Cultura;Teatro histórico, Circo Price, espectáculos, circo contemporáneo;0;3;3;;;
18109;ia_4156;Tour guiado por el Madrid de los espías ;Madrid;Arte y Cultura;Teatro histórico, Circo Price, espectáculos, circo contemporáneo;0;3;3;;;
18031;ia_4019;Tour imprescindible a pie por Madrid – con pintxo y bebida refrescante;Madrid;Arte y Cultura;Plaza Mayor (plaza histórica), Puerta del Sol, Plaza Mayor, Palacio Real;0;3;3;;;
1738;tour_madrid_esencial_en_bicicleta_electrica_;Tour Madrid Esencial en Bicicleta Eléctrica ;Madrid;Ocio y eventos;Experiencias y actividades, Cultura, Ocio;0;3;3;18707;18709;18694,18697,18699,18708
659;tour_nocturno;Tour Nocturno;Madrid;Ocio y eventos;Experiencias y actividades;0;4;4;15798;15799;
662;tour_panoramico_con_tapas;Tour panorámico con tapas;Madrid;Ocio y eventos;Experiencias y actividades;0;4;4;14260;14261;
18033;ia_4022;Tour panorámico en autobús por la ciudad de Madrid;Madrid;Arte y Cultura;Puerta de Alcalá (monumento), Palacio Real, Parque del Retiro, Puerta de Alcalá;0;3;3;;;
18032;ia_4021;Tour panorámico en autobús por Madrid;Madrid;Arte y Cultura;Fuente de Cibeles / Palacio de Cibeles, Gran Vía, Cibeles, Estadio Santiago Bernabéu;0;3;3;;;
1743;tour_parque_del_retiro_en_bicicleta_electrica;Tour Parque del Retiro en Bicicleta Eléctrica;Madrid;Ocio y eventos;Experiencias y actividades, Naturaleza, Cultura, Ocio;0;3;3;18742;18741;18743,18744
18548;ia_5744;Tour por el estadio Bernabéu: Historia del Real Madrid;Madrid;Deportes;Fútbol;0;1;1;;;
18550;ia_5746;Tour por el estadio Bernabéu: Historia del Real Madrid;Madrid;Deportes;Fútbol;0;1;1;72915;73153;
18059;ia_4071;Tour por el Madrid medieval en grupos pequeños;Madrid;Arte y Cultura;Arquitectura / edificio emblemático, Real Jardín Botánico, plantas exóticas, biodiversidad;0;3;3;;;
18080;ia_4108;Tour por el Madrid medieval en grupos pequeños;Madrid;Arte y Cultura;Arquitectura / edificio emblemático, Safari Madrid, fauna salvaje, aventura;0;3;3;;;
18060;ia_4072;Tour por el Museo del Prado;Madrid;Arte y Cultura;Museo de arte clásico / pinacoteca, Zoo Aquarium de Madrid, fauna, especies marinas;0;3;3;;;
18186;ia_4242;Tour por el Museo del Prado;Madrid;Arte y Cultura;Museo de arte clásico / pinacoteca, Palacio Real de Madrid, Salón del Trono, colecciones reales;0;3;3;;;
18061;ia_4073;Tour por el Palacio Real de Madrid con entradas y sin cola ;Madrid;Arte y Cultura;Palacio Real (palacio), Faunia, bioparque temático, ecosistemas;0;3;3;;;
18187;ia_4243;Tour por el Palacio Real de Madrid con entradas y sin cola ;Madrid;Arte y Cultura;Palacio Real (palacio), Catedral de la Almudena, cúpula, cripta;0;3;3;;;
18034;ia_4024;Tour por Madrid Histórico y Moderno con guía en tuk tuk amarillo;Madrid;Arte y Cultura;Excursión / day trip, Segovia, acueducto romano, Alcázar;0;3;3;;;
18045;ia_4048;Tour privado a pie con audioguía en Madrid;Madrid;Arte y Cultura;Excursión / day trip, Burgos, Catedral gótica, Camino de Santiago;0;3;3;;;
18046;ia_4050;Tour privado a pie de cuatro horas por Madrid;Madrid;Arte y Cultura;Excursión / day trip, Salamanca nocturna, Plaza Mayor, Catedrales;0;3;3;;;
18066;ia_4084;Tour privado a pie por el casco antiguo de Madrid;Madrid;Arte y Cultura;Teatro histórico, Teatro Real, ópera, ballet;0;3;3;;;
18116;ia_4164;Tour privado a pie por el casco antiguo de Madrid;Madrid;Arte y Cultura;Museo de historia, Museo del Ratoncito Pérez, tradición infantil, fantasía;0;3;3;;;
18089;ia_4127;Tour privado a pie por el Museo Thyssen de Madrid;Madrid;Arte y Cultura;Museo de arte clásico / pinacoteca, CaixaForum Madrid, vertical garden, exposiciones;0;3;3;;;
18114;ia_4162;Tour privado a pie por el Museo Thyssen de Madrid;Madrid;Arte y Cultura;Museo de arte clásico / pinacoteca, Museo Sorolla, impresionismo, jardines;0;3;3;;;
18090;ia_4128;Tour privado a pie por el Palacio Real y el casco antiguo de Madrid;Madrid;Arte y Cultura;Palacio Real (palacio), Matadero Madrid, arte contemporáneo, cine;0;3;3;;;
18115;ia_4163;Tour privado a pie por el Palacio Real y el casco antiguo de Madrid;Madrid;Arte y Cultura;Museo de historia, Museo del Ferrocarril, locomotoras, historia del tren;0;3;3;;;
18047;ia_4051;Tour privado a pie por Madrid;Madrid;Arte y Cultura;Excursión / day trip, Valladolid, Campo Grande, Catedral;0;3;3;;;
18048;ia_4052;Tour privado a pie por Madrid : Un viaje de degustación de alimentos;Madrid;Arte y Cultura;Arquitectura / edificio emblemático, La Rioja, bodegas, vino;0;3;3;;;
18049;ia_4053;Tour privado a pie por Madrid con guía profesional;Madrid;Arte y Cultura;Excursión / day trip, Toledo, artesanía, espadas, damasquinado;0;3;3;;;
18067;ia_4085;Tour privado al Palacio Cibeles y el Parque del Retiro;Madrid;Arte y Cultura;Fuente de Cibeles / Palacio de Cibeles, Teatro Español, clásico, Siglo de Oro;0;3;3;;;
18117;ia_4165;Tour privado al Palacio Cibeles y el Parque del Retiro;Madrid;Arte y Cultura;Museo de historia, Museo de Cera de Madrid, personajes históricos, figuras;0;3;3;;;
18069;ia_4087;Tour privado combinado del Museo del Prado y el Palacio Real;Madrid;Arte y Cultura;Museo de arte clásico / pinacoteca, Teatros del Canal, danza, música contemporánea;0;3;3;;;
18190;ia_4247;Tour privado combinado del Museo del Prado y el Palacio Real;Madrid;Arte y Cultura;Museo de arte clásico / pinacoteca, Museo Geominero, minerales, fósiles;0;3;3;;;
18068;ia_4086;Tour privado combinado del Museo del Prado y Reina Sofía;Madrid;Arte y Cultura;Museo de arte moderno / contemporáneo, Teatro de la Zarzuela, música española, género lírico;0;3;3;;;
18118;ia_4166;Tour privado combinado del Museo del Prado y Reina Sofía;Madrid;Arte y Cultura;Museo de arte moderno / contemporáneo, Museo ICO, arquitectura, fotografía;0;3;3;;;
18070;ia_4088;Tour privado de 3 horas en grupo en Madrid;Madrid;Arte y Cultura;Teatro histórico, Circo Price, circo contemporáneo, espectáculos familiares;0;3;3;;;
18191;ia_4248;Tour privado de 3 horas en grupo en Madrid;Madrid;Arte y Cultura;Museo arqueológico, Museo Nacional de Antropología, culturas del mundo, etnografía;0;3;3;;;
18073;ia_4097;Tour privado de 3 horas por Madrid con guía y conductor;Madrid;Arte y Cultura;Museo de historia, Museo de la Guardia Civil, uniformes, seguridad;0;3;3;;;
18086;ia_4119;Tour privado de 8 horas por Madrid con conductor, guía con recogida;Madrid;Arte y Cultura;Museo arqueológico, Museo del Romanticismo, pintura, mobiliario;0;3;3;;;
18072;ia_4096;Tour privado de arte callejero por Madrid ;Madrid;Arte y Cultura;Museo de historia, Museo Naval, cartografía, galeones;0;3;3;;;
18085;ia_4116;Tour privado de día completo en Madrid;Madrid;Arte y Cultura;Teatro histórico, Casa Natal de Cervantes, literatura, Quijote;0;3;3;;;
18192;ia_4251;Tour privado de día completo en Madrid;Madrid;Arte y Cultura;Museo arqueológico, Museo Taurino, tauromaquia, historia del toreo;0;3;3;;;
18056;ia_4066;Tour privado de Kickstart por la ciudad: Madrid;Madrid;Arte y Cultura;Museo arqueológico, Museo del Romanticismo, Biedermeier, pintura romántica;0;3;3;;;
18087;ia_4123;Tour privado de Kickstart por la ciudad: Madrid;Madrid;Arte y Cultura;Museo arqueológico, Museo de América, arte precolombino, culturas;0;3;3;;;
18065;ia_4082;Tour privado de lo mejor de Madrid: turismo, comida y cultura con un local;Madrid;Arte y Cultura;Puerta del Sol (plaza icónica), Puerta del Sol, kilómetro cero, reloj de la Casa de Correos;0;3;3;;;
18184;ia_4237;Tour privado de lo mejor de Madrid: turismo, comida y cultura con un local;Madrid;Arte y Cultura;Museo de arte clásico / pinacoteca, Museo del Prado nocturno, Velázquez, Goya;0;3;3;;;
18074;ia_4099;Tour privado de madrid;Madrid;Arte y Cultura;Palacio, Parque del Retiro, estanque, Palacio de Cristal;0;3;3;;;
18185;ia_4239;Tour privado de madrid;Madrid;Arte y Cultura;Museo enciclopédico / colección privada, Museo Thyssen nocturno, impresionismo, colección privada;0;3;3;;;
18075;ia_4102;Tour privado de medio día por la ciudad de Madrid;Madrid;Arte y Cultura;Barrio de Chueca (ruta a pie), Barrio de Chueca, diversidad, vida nocturna;0;3;3;;;
18104;ia_4147;Tour privado de medio día por la ciudad de Madrid;Madrid;Arte y Cultura;Teatro histórico, Teatro Real, ópera, ballet;0;3;3;;;
18107;ia_4152;Tour privado de medio día por la ciudad de Madrid;Madrid;Arte y Cultura;Teatro histórico, Teatro Real, ópera, ballet;0;3;3;;;
18050;ia_4055;Tour privado del Palacio Real;Madrid;Arte y Cultura;Palacio Real (palacio), Jerez de la Frontera, bodegas, flamenco;0;3;3;;;
18051;ia_4056;Tour privado del Palacio Real de Madrid;Madrid;Arte y Cultura;Palacio Real (palacio), Marbella, casco antiguo, Puerto Banús;0;3;3;;;
18053;ia_4058;Tour privado en el Museo del Prado con Historiadora del Arte;Madrid;Arte y Cultura;Excursión / day trip, Córdoba patios, fiesta de mayo, Judería;0;3;3;;;
18091;ia_4130;Tour privado en el Museo del Prado con Historiadora del Arte;Madrid;Arte y Cultura;Museo de arte clásico / pinacoteca, Valle de los Caídos, basílica, cruz monumental;0;3;3;;;
18052;ia_4057;Tour privado en Madrid: Sus secretos y monumentos imprescindibles;Madrid;Arte y Cultura;Excursión / day trip, Granada nocturna, Alhambra iluminada, miradores;0;3;3;;;
18042;ia_4041;Tour privado por el museo Reina Sofía;Madrid;Arte y Cultura;Museo de arte moderno / contemporáneo, Santander, Palacio de la Magdalena, playa;0;3;3;;;
18043;ia_4042;Tour privado por la ciudad de Madrid para toda la familia;Madrid;Arte y Cultura;Catedral, Oviedo, Catedral, prerrománico asturiano;0;3;3;;;
18040;ia_4038;Tour privado por Madrid con una visita guiada local;Madrid;Arte y Cultura;Museo de historia, Málaga, Alcazaba, Museo Picasso;0;3;3;;;
18041;ia_4039;Tour privado por Museo del Prado de Madrid;Madrid;Arte y Cultura;Excursión / day trip, Bilbao, Museo Guggenheim, Casco Viejo;0;3;3;;;
18037;ia_4030;Tour privado Prado y Reina Sofía;Madrid;Arte y Cultura;Excursión / day trip, Salamanca, Universidad, Plaza Mayor;0;3;3;;;
18038;ia_4031;Tour privado Prado y Reina Sofía: entradas y recogida en el hotel;Madrid;Arte y Cultura;Excursión / day trip, Ávila y Segovia, murallas, acueducto;0;3;3;;;
18044;ia_4043;Tour privado rápido de dos horas por Madrid con recogida en el hotel;Madrid;Arte y Cultura;Plaza histórica / icónica, Santiago de Compostela, Catedral, Camino de Santiago;0;3;3;;;
18039;ia_4032;Tour privado Reina Sofía con recogida en el hotel y bebidas en una terraza;Madrid;Arte y Cultura;Excursión / day trip, Cuenca, casas colgadas, Catedral;0;3;3;;;
18547;ia_5743;Tour privado: Madrid y Bernabéu;Madrid;Deportes;Fútbol / Turismo;0;1;1;;;
18549;ia_5745;Tour privado: Madrid y Bernabéu;Madrid;Deportes;Fútbol / Turismo;0;1;1;;;
18092;ia_4132;Tour privado: Madrid y el Palacio Real;Madrid;Arte y Cultura;Excursión / day trip, Jardines de Aranjuez, patrimonio, fuentes;0;3;3;;;
18097;ia_4140;Tour privado: Madrid y el Palacio Real;Madrid;Arte y Cultura;Barrio de Histórico De Vegueta (ruta a pie), Gran Canaria, dunas de Maspalomas, Vegueta;0;3;3;;;
18093;ia_4133;Tour privado: Museo Thyssen-Bornemisza con acceso Evite las colas;Madrid;Arte y Cultura;Museo de arte clásico / pinacoteca, Palacio del Infante don Luis, Boadilla del Monte, Goya;0;3;3;;;
18098;ia_4141;Tour privado: Museo Thyssen-Bornemisza con acceso Evite las colas;Madrid;Arte y Cultura;Museo de arte clásico / pinacoteca, Lanzarote, Jameos del Agua, César Manrique;0;3;3;;;
18095;ia_4135;Tour privado: principales monumentos históricos y arquitectónicos de Madrid;Madrid;Arte y Cultura;Iglesia / templo, Monasterio de las Descalzas Reales, reliquias, convento;0;3;3;;;
18094;ia_4134;Tour privado: Visita al Museo del Prado con Acceso Evite las colas;Madrid;Arte y Cultura;Museo de arte clásico / pinacoteca, Palacio de El Pardo, frescos, caza real;0;3;3;;;
1763;tour_real_madrid_en_coche;Tour Real Madrid en coche;Madrid;Ocio y eventos;Experiencias y actividades, Ocio, Deporte, Otro;0;3;3;18850;18849;18848,18851,18852
18062;ia_4074;Tour turístico por Madrid con Palacio Real;Madrid;Arte y Cultura;Palacio Real (palacio), Ibiza, Dalt Vila, calas;0;3;3;;;
18096;ia_4136;Tour turístico por Madrid con Palacio Real;Madrid;Arte y Cultura;Palacio Real (palacio), Real Basílica de San Francisco el Grande, cúpula, pinturas;0;3;3;;;
18035;ia_4025;Tour único por las obras maestras del Prado — NO hay líneas, acceso para grupos pequeños;Madrid;Arte y Cultura;Excursión / day trip, Ávila, murallas medievales, Santa Teresa;0;3;3;;;
18546;ia_5742;Tour y museo del Bernabéu + Palacio Real de Madrid;Madrid;Deportes;Fútbol / Cultura;0;1;1;73150;73147;
18036;ia_4027;Tours privados durante 5 días en Madrid con recogida privada y entradas;Madrid;Arte y Cultura;Arquitectura / edificio emblemático, Valle de los Caídos, Cruz monumental, basílica;0;3;3;;;
17357;ia_3178;Tous;Madrid;Compras;"Joyerías y relojerías, Joyería internacional; Icono del oso; Diseños juveniles";0;3;3;;;
17087;ia_2908;Toya Cortinas y Decoracion;Madrid;Compras;No disponible, Textiles para el hogar;0;3;3;;;
5110;traficantes_de_harina_;Traficantes de harina ;Barcelona;Restaurantes;Especial Delivery;0;4;4;45941;;45942,45943,45944,45945,45946,45947,45948,45949,45950
14829;ia_403;Tragabuches Madrid;Madrid;Restaurantes;Andaluza, Comida Fusión, Alta cocina andaluza;0;3;3;;;
3047;tragata;Tragatá;Ronda;Restaurantes;Trendy, Español, Mediterranea, Vegetariano, Especialista en mariscos, Restaurantes, Bares y Pubs, Restaurant & Shop, Celiacos ;0;4;4;33419;33416;20169,20175,33412,33413,33415,33417,33418,33420
5466;transfiere;Transfiere;Málaga;Ocio y eventos;Ferias;0;4;4;;;
16057;ia_1676;Trattoria Da Enzo;Madrid;Restaurantes;"Italiana, Pizza; Pasta";0;3;3;;;
16067;ia_1686;Trattoria La Toscana;Madrid;Restaurantes;"Italiana, Pizza; Pasta";0;3;3;;;
16072;ia_1691;Trattoria La Toscana;Madrid;Restaurantes;"Italiana, Pizza; Pasta";0;3;3;;;
15072;ia_656;Trattoria Manzoni;Madrid;Restaurantes;Pizza, Internacional;0;3;3;;;
15288;ia_873;Trattoria Me la Mangio;Madrid;Restaurantes;Italiana, Pizzas, Pastas, Postres;0;3;3;;;
16222;ia_1841;Trattoria Milano;Madrid;Restaurantes;"Italiana, Risotto; Pizza milanesa";0;3;3;;;
16332;ia_1951;Trattoria Napoli;Madrid;Restaurantes;"Italiana, Pizza napolitana; Pasta fresca";0;3;3;;;
15315;ia_900;Trattoria Piccolo Mío;Madrid;Restaurantes;Italiana, Pastas, Pizzas, Postres;0;3;3;;;
15019;ia_603;Trattoria Pinocchio Sánchez Bustillo;Madrid;Restaurantes;Mediterranea, Pastas;0;3;3;;;
15220;ia_805;Trattoria Pizzeria Noi del Sud;Madrid;Restaurantes;Italiana, Pizza, Pasta fresca;0;3;3;;;
16237;ia_1856;Trattoria Roma;Madrid;Restaurantes;"Italiana, Spaghetti; Pizza romana";0;3;3;;;
14916;ia_497;Trattoria Sant Arcangelo;Madrid;Restaurantes;Italiana, Pastas, Risottos;0;3;3;;;
16167;ia_1786;Trattoria Sicilia;Madrid;Restaurantes;"Italiana, Arancini; Pasta alla Norma";0;3;3;;;
16108;ia_1727;Trattoria Toscana;Madrid;Restaurantes;"Italiana, Pasta Fresca; Bruschetta";0;3;3;;;
16312;ia_1931;Trattoria Toscana;Madrid;Restaurantes;"Italiana, Tagliatelle; Bistecca alla Fiorentina";0;3;3;;;
15308;ia_893;Trattoria Vecchia Milano;Madrid;Restaurantes;Italiana, Pastas, Pizzas, Postres;0;3;3;;;
16087;ia_1706;Trattoria Verona;Madrid;Restaurantes;"Italiana, Risotto; Pizza";0;3;3;;;
16147;ia_1766;Trattoria Verona;Madrid;Restaurantes;"Italiana, Risotto; Pizza veronesa";0;3;3;;;
16696;ia_2451;Travelodge Madrid Coslada Aeropuerto;Madrid;Alojamiento;Budget Hotel, Restaurante, Wi‑Fi;0;3;3;;;
16684;ia_2439;Travelodge Madrid Metropolitano;Madrid;Alojamiento;hotel economico, Wi‑Fi, bar‑café 24h, parking;0;3;3;;;
16691;ia_2446;Travelodge Torrelaguna;Madrid;Alojamiento;hotel economico, Wi‑Fi, restaurante;0;3;3;;;
5528;travesia_ecuestre-_inmersion_rural_cancha_de_armola_;Travesía Ecuestre- Inmersión Rural Cancha de Armola ;Ronda;Experiencias y Actividades;Naturaleza y Turismo Activo, Experiencias y Actividades, Actividades Deportivas;0;3;3;;;
5991;treehouse_dubai_;Treehouse Dubai ;Dubai;;;0;4;3;50080;50079;50077,50078,50081
17604;ia_3433;Trendy;Madrid;Compras;Ropa y accesorios, Selección en tendencia, precios competitivos;0;3;3;;;
17612;ia_3441;Trendy;Madrid;Compras;Ropa y accesorios, Selección semanal, atención personalizada;0;3;3;;;
18522;trendy_nails;Trendy Nails;Madrid;Wellness;Salón de uñas;0;4;4;;;73737,73738,73739,73741,73742
18525;trendy_nails_unas_y_estetica;Trendy Nails uñas y estética;Madrid;Wellness;Salón de uñas y estética;0;1;1;;;74033,74034,74035,74036,74037,74038
1490;trenes_historicos;Trenes históricos;Madrid;Qué ver, Ocio y eventos;Museos, Exposiciones, Otro, Cultura, Ocio;0;4;4;12176;12178;12177,12179,12181
18503;trenzas_trendy;Trenzas Trendy;Madrid;Wellness;Salón de trenzas;0;4;4;;;73750,73751,73752
5367;trepo_park;Trepo Park;Madrid;Ocio y eventos;Experiencias y actividades;0;4;4;48285;48277;48278,48279,48280,48281,48282,48284,48286
456;tres_aguas;Tres Aguas;Madrid;Compras;Centros comerciales;0;4;4;16087;16088;16089,16090
3832;tres_maderas;Tres Maderas;Punta Cana;Restaurantes;Low cost, Restaurantes;0;4;4;25287;25285;25283,25284,25286,25288,25289,25290,25291,25292
17661;ia_3490;Trèsde;Madrid;Compras;Impresión 3D y prototipado, Boutique de autor, diseño independiente;0;3;3;;;
18603;ia_5806;Tri One Store;Madrid;Deportes;Triatlón / Running / Ciclismo;0;1;1;73191;73192;
14825;ia_399;Triada Malasaña;Madrid;Restaurantes;Internacional, Comida Fusión, Platos internacionales, Cócteles;0;3;3;;;
166;tribunal__bilbao_y_alonso_martinez;Tribunal, Bilbao y Alonso Martínez;Madrid;Fiesta, Qué ver;Zonas de fiesta, Barrios;0;4;4;15748;15749;15750
14987;ia_571;Trikki Nueva Orleans Traditional Cuisine;Madrid;Restaurantes;Caribeña, Sopas y Caldos;0;3;3;;;
15329;ia_914;Trinchea;Madrid;Restaurantes;Española, Platos mediterráneos, Tapas;0;3;3;;;
3997;trip_troop;trip troop;Barcelona;Qué ver;Plazas y monumentos;0;4;4;30076;30069;30071,30072,30074,30075,30077,30078
4053;trip_troop_;Trip troop ;Barcelona;Qué ver;Escapadas;1;1;3;;;31674,31675,31676,31677,31678,31679,31680,31681,31682,31683
5265;tripea_;Tripea ;Madrid;Restaurantes;Top, Peruano, Fusión, Restaurantes;0;4;4;47541;47539;47540,47543,47544,47546,47547,47548
14612;ia_151;Triperito;Madrid;Restaurantes;Española / Madrileña, Tapas, Cocina Madrileña;0;3;3;;;
16427;ia_2082;Trompo Taco;Madrid;Restaurantes;Mexicana, Tacos;0;3;3;74270;74269;74267,74268
14744;ia_296;Tropicana Beach Club;Madrid;Restaurantes;Internacional, Comida Fusión, Cócteles, Platos internacionales;0;3;3;;;
16616;ia_2338;Tropicana Beach Lounge & Restaurante Madrid;Madrid;Nightlife;Bar tropical;0;3;3;;;
1932;tropicana_ronda;Tropicana Ronda;Ronda;Restaurantes;Trendy, Español, Restaurantes, Café y té;0;4;4;19856;19858;19857,19859,19860,19863,19864,19865
15420;ia_1005;Trópico 2;Madrid;Restaurantes;Caribeña, Platos globales, Tapas modernas, Cócteles;0;3;3;;;
18492;ia_5685;True Balance;Madrid;Wellness;Centro de bienestar;0;1;1;;;
842;true_love_;True Love ;Madrid;Compras;Para ti;0;4;4;18225;;18224
152;trueno_;Trueno ;Madrid;Fiesta;Discotecas, Electrónica;1;4;4;16442;16443;16444
16631;ia_2353;Truss Madrid;Madrid;Nightlife;Club premium;0;3;3;;;
18606;ia_5809;Trust Fitness Center;Madrid;Deportes;Fitness;0;1;1;73187;73189;
18476;ia_5668;Truver Peluqueros;Madrid;Wellness;Salón de peluquería;0;1;1;;;
16052;ia_1671;TSINGHE Cocina Fusión;Madrid;Restaurantes;"Asiática, Comida Fusión; Noodles";0;3;3;;;
14638;tsukiji_sushi_bar_-_madre_antonia_paris;Tsukiji Sushi Bar - Madre Antonia Paris;Madrid;Restaurantes;Japonesa / Tradicional, Omakase, Sushi premium, Cocina japonesa;0;3;3;;;
14810;ia_382;Tsukuri Soba;Madrid;Restaurantes;Japonesa, Soba, Sushi, Ramen;0;3;3;;;
15402;ia_987;Tsunami Nikkei Chamberí;Madrid;Restaurantes;Japonesa, Peruana, Sushi, Platos nikkei, Fusión;0;3;3;;;
18487;ia_5680;TU MOMENTO spa de uñas;Madrid;Wellness;Spa de uñas;0;1;1;;;
4482;tu_regalo;Tu regalo;Ronda;Experiencias y Actividades;Comercios, productos locales y artesanía;0;3;3;;;
15333;ia_918;Tuk Tuk Cisneros;Madrid;Restaurantes;Tailandesa, Curries, Noodles, Platos asiáticos;0;3;3;;;
19199;ia_5563;Tuk Tuk Madrid Adventours;Madrid;Experiencias Unicas;Tour guiado (general);0;1;1;;;
15732;ia_1326;Tuk Tuk Parque Sur;Madrid;Restaurantes;Tailandesa, Platos asiáticos, Cocina tailandesa;0;3;3;;;
15850;ia_1444;Tuk Tuk Perón;Madrid;Restaurantes;Internacional, Cocina internacional, Platos creativos;0;3;3;;;
5176;tulemar_bungalows_y_villas__costa_rica;Tulemar bungalows & villas, Costa Rica;Filipinas;Alojamiento;Hoteles;0;4;4;46528;46535;46526,46527,46529,46530,46531,46532,46533,46534
160;tupperware_club;Tupperware Club;Madrid;Fiesta;Salas de concierto, Rock;0;4;4;17570;17571;17572,17573
3429;turo_restaurant;Turo Restaurant;Santo Domingo;Restaurantes;Top, Restaurantes;0;4;4;22162;22156;22157,22158,22159,22160,22161,22163,22164,22165
18468;ia_5660;Tus Pelos;Madrid;Wellness;Barbería;0;1;1;;;
15119;ia_703;TwentyNine's Legends Museum;Madrid;Restaurantes;Mediterranea, Hamburguesas;0;3;3;;;
5710;twilight_of_the_gods_;Twilight of the Gods ;Madrid;Ocio y eventos;Espectáculos, Otro;0;3;3;49479;49480;49481,49482,49483,49485
14814;ia_386;Twister Rock&Food;Madrid;Restaurantes;Americana, Internacional, Hamburguesas, Pizzas;0;3;3;;;
15252;ia_837;Ugo Chan;Madrid;Restaurantes;Japonesa, Sushi, Nigiris, Ramen;0;4;4;;;
16573;ugo_chan;Ugo Chan;Madrid;Restaurantes;Alta cocina japonesa, Japonesa Contemporánea;0;3;3;74302;74304;74303,74305,74306
16586;ia_2307;Ultramarinos Quintín;Madrid;Restaurantes;Mediterránea / Contemporánea;0;3;3;;;74415,74416,74417,74418,74419,74420
543;ultramarinos_quintin;Ultramarinos Quintin;Madrid;Restaurantes;Trendy, Tradicionales, Español, Mediterranea, Especialista en mariscos, Restaurantes;0;4;4;18280;18278;18277,18279,18281
3956;ultravioleta_boutique_residences;Ultravioleta Boutique Residences;Santo Domingo;Alojamiento;Apartamentos;0;4;4;28677;28679;28678,28680,28681,28682,28683,28684,28685,28686
17394;ia_3215;Ulysse Nardin;Madrid;Compras;"Joyería y relojería de lujo, Relojes marinos; Tradición suiza; Innovación técnica";0;3;3;;;
19232;ia_5603;UMusic Hotel + Teatro Albéniz;Madrid;Experiencias Unicas;Tour/experiencia (general);0;1;1;;;
16642;ia_2364;UMusic Rooftop Casa Chicote;Madrid;Nightlife;Rooftop hotel;0;3;3;;;
18099;ia_4142;Una visión arquitectónica de Madrid en un tour privado con un local;Madrid;Arte y Cultura;Museo de ciencia y tecnología, Museo del Romanticismo, mobiliario, arte del XIX;0;3;3;;;
18483;ia_5676;Uñas + Divinas Madrid;Madrid;Wellness;Centro de manicura;0;1;1;;;
18545;ia_5740;Uñas Chung Lee;Madrid;Wellness;Nail art / Manicura;0;1;1;;;
1072;unas_chung_lee;Uñas Chung Lee;Madrid;Fiesta;Discotecas, Comercial, Reggeaton;0;4;4;16948;16949;16950,16953
1439;underground_moda;Underground Moda;Madrid;Compras;Tiendas;1;4;3;11003;;11004
15587;ia_1178;Understreet Market;Madrid;Restaurantes;Fusión / Mediterránea / Street Food, Pizzas / Baos / Hamburguesas / Coctelería;0;3;3;;;
16133;ia_1752;UNGRANVINO;Madrid;Restaurantes;"Shopping gourmet y de alimentación, Tienda de vinos; Selección exclusiva; Catas personalizadas";0;3;3;;;
16530;ia_2224;Uni Ramen;Madrid;Restaurantes;Japonesa, Ramen bar;0;3;3;;;
14794;ia_364;Único Madrid;Madrid;Restaurantes;Internacional, Platos internacionales;0;3;3;;;
19175;ia_5541;Unique Madrid Guiding;Madrid;Experiencias Unicas;Tour guiado (general);0;1;1;;;
15404;ia_989;Uniramen;Madrid;Restaurantes;Japonesa, Ramen, Gyozas, Platos japoneses;0;3;3;;;
17343;ia_3164;Unisa;Madrid;Compras;"Calzado y zapatillas, Zapatos cómodos; Diseño versátil; Producción española";0;3;3;;;
17348;ia_3169;Unisa;Madrid;Compras;"Calzado y zapatillas, Zapatos cómodos; Diseño versátil; Producción española";0;3;3;;;
727;universal_music;Universal Music;Madrid;Fiesta;Festivales, Comercial, Otro;0;4;4;17713;17714;
4984;unpacked;Unpacked;Madrid;Compras;Marcas y Productos Locales;1;3;3;;;
4997;unpacked_madrid;Unpacked Madrid;Madrid;Compras;Marcas y Productos Locales;0;4;4;44485;;44477,44478,44479,44480,44481,44482,44483,44484,44486
1552;unttsworld;UnTTsworld;Madrid;Ocio y eventos;Experiencias y actividades, Otro;1;4;3;18306;18307;18308
16805;ia_2560;Urban;Madrid;Alojamiento;Luxury Hotel, Piscina, terraza, restaurante, bar, arte;0;3;3;;;
19206;ia_5570;Urban Beach Madrid;Madrid;Experiencias Unicas;Tour/experiencia (general);0;1;1;;;
780;urban_fighter;Urban Fighter;Madrid;Compras;Marcas y Productos Locales;0;4;4;17595;17596;17597
16349;ia_1968;Urban Fresh;Madrid;Restaurantes;"Healthy, Bowls; Smoothies";0;3;3;;;
16214;ia_1833;Urban Green;Madrid;Restaurantes;"Healthy, Bowls; Ensaladas";0;3;3;;;
17425;ia_3246;Urban Jürgensen;Madrid;Compras;"Joyería y relojería de lujo, Tradición relojera danesa; Alta relojería; Artesanía exclusiva";0;3;3;;;
5027;urban_planet_jump_madrid;Urban planet jump Madrid;Madrid;Ocio y eventos;Experiencias y actividades, Indoor;0;3;3;44979;44980;44981,44982,44985,44986,44987
4428;urban_yoga;Urban Yoga;Madrid;Compras;Para ti, Otro;0;4;4;39799;39796;39794,39795,39797,39798
3750;urbany_bcn_go;Urbany BCN Go;Barcelona;Alojamiento;Apartamentos, Wifi;0;4;4;24387;24386;24381,24382,24383,24384,24385,24388,24389,24390
15268;ia_853;Urbieta 13;Madrid;Restaurantes;Española, Tapas, Platos caseros;0;3;3;;;
15583;ia_1174;Urrechu;Madrid;Restaurantes;Vasca / Alta cocina, Cocina vasca / Asador moderno;0;3;3;;;
5005;urrechu_velazquez_;Urrechu Velázquez ;Madrid;Restaurantes;Con terraza;1;4;4;44756;44760;44713,44754,44755,44757,44758,44759
15251;ia_836;Urrechu Velázquez;Madrid;Restaurantes;Española, Alta cocina, Platos de autor;0;3;3;;;
432;urso_hotel_y_spa_5;URSO Hotel & Spa 5*;Madrid;Alojamiento;Hoteles;0;4;4;14926;14927;14929,14930,14931,14932,14933
16832;ia_2595;URSO Hotel & Spa: bienestar y elegancia en el corazón de Madrid;Madrid;Alojamiento;Hoteles, Spa y desayuno gourmet;0;3;3;;;
17345;ia_3166;Ursula Mascaró;Madrid;Compras;"Calzado y zapatillas, Zapatos de fiesta; Diseños coloridos; Moda balear";0;3;3;;;
17350;ia_3171;Ursula Mascaró;Madrid;Compras;"Calzado y zapatillas, Zapatos de fiesta; Diseños coloridos; Moda balear";0;3;3;;;
17413;ia_3234;Urwerk;Madrid;Compras;"Joyería y relojería de lujo, Relojes futuristas; Innovación relojera; Estilo exclusivo";0;3;3;;;
17451;ia_3272;Urwerk;Madrid;Compras;"Joyería y relojería de lujo, Alta relojería independiente; Innovación futurista; Diseños técnicos únicos";0;3;3;;;
17439;ia_3260;Urwerk UR-210;Madrid;Compras;"Joyería y relojería de lujo, Relojes futuristas; Complicaciones únicas; Innovación técnica";0;3;3;;;
5874;ushuaia_beach_hotel;Ushuaia Beach Hotel;Ibiza;Fiesta, Alojamiento;Discotecas, Zonas de fiesta, Hoteles, Apartamentos, Wifi, Spa;0;3;3;49692;;49693,49694,49695
17335;ia_3156;Uterqüe;Madrid;Compras;"Ropa y accesorios, Moda premium; Accesorios exclusivos; Estilo elegante";0;3;3;;;
16713;ia_2468;Uve Alcobendas;Madrid;Alojamiento;Business Hotel, Restaurante, parking gratuito;0;3;3;;;
1906;uvedoble;Uvedoble;Málaga;Restaurantes;Low cost, Español, Restaurantes;0;1;3;19791;19792;19790
1404;v_de_vegas_club;V de Vegas Club;Madrid;Fiesta, Restaurantes;Discotecas, Salas de concierto, Top;0;3;3;14685;14686;14688,14689,14690,14692,14693,14694,14695
14891;ia_468;V Modern Italian - Salamanca;Madrid;Restaurantes;Italiana, Fusión, Pastas, Pizzas, Cocina creativa;0;3;3;;;
3672;v.o._malaga;V.O. Málaga;Málaga;Compras;Tiendas, Accesorios;0;4;4;23698;23699;23694,23695,23696,23697,23700,23701,23702,23703
16672;ia_2394;Vacaciones Cocktail Bar;Madrid;Nightlife;Bar tropical, Latino, Funk, Lounge;0;3;3;;;
17388;ia_3209;Vacheron Constantin;Madrid;Compras;"Joyería y relojería de lujo, Alta relojería; Tradición suiza; Piezas exclusivas";0;3;3;;;
283;valdesqui;Valdesquí;Madrid;Ocio y eventos;Experiencias y actividades;0;4;4;14762;14763;14764
18101;ia_4144;Valle de los Caídos y El Escorial desde Madrid con visita opcional a Toledo;Madrid;Arte y Cultura;Excursión de un día a Toledo, Museo ABC, ilustración, dibujo;0;3;3;;;
3204;valle_del_genal;Valle del Genal;Málaga;Qué ver;Parques;0;4;4;21045;21040;21038,21039,21041,21042,21043,21044
3254;valle_del_guadiaro;Valle del Guadiaro;Málaga;Qué ver;Parques;0;4;4;25595;25594;25593
19179;ia_5545;Vamos Tuk Tour;Madrid;Experiencias Unicas;Tour guiado (general);0;1;1;;;
17140;ia_2960;Van Cleef & Arpels;Madrid;Compras;"Joyería y relojería de lujo, Alta joyería; Icono de lujo; Diseños únicos";0;3;3;;;
17378;ia_3199;Van Cleef & Arpels;Madrid;Compras;"Joyería y relojería de lujo, Alta joyería; Icono de lujo; Diseños únicos";0;3;3;;;
17529;ia_3350;Van Cleef & Arpels Watches;Madrid;Compras;"Joyería y relojería de lujo, Alta joyería francesa; Relojes exclusivos; Estilo artístico";0;3;3;;;
18307;ia_4355;Van Gogh Art Gallery;Madrid;Arte y Cultura;Museo de arte contemporáneo, Arte contemporáneo, programación rotativa, catálogo de venta, Arte contemporáneo internacional y emergente;0;1;1;73471;73473;
16959;ia_2737;Van Gogh Immersive Experience;Madrid;Eventos;Exposiciones Inmersivas;0;3;3;;;
17641;ia_3470;Vape It Aravaca;Madrid;Compras;Tiendas de vapeo, Asesoría técnica, productos internacionales;0;3;3;;;
3767;varela_30_apartamentos;VARELA 30 Apartamentos;Málaga;Alojamiento;Apartamentos;0;4;4;24580;24584;24578,24579,24581,24582
17561;ia_3382;Variantes Marga;Madrid;Compras;Ambiente de mercado tradicional, Cestas personalizadas & venta por peso;0;3;3;;;
15035;ia_619;Varra;Madrid;Restaurantes;Española, Asados;0;3;3;;;
15087;ia_671;Vaso d’Esquina;Madrid;Restaurantes;Internacional;0;3;3;;;
17010;ia_2830;Vatikkano Festival;Madrid;Eventos;Festival musical;0;3;3;;;
16729;ia_2484;Vazquez de Mella Gran Vía;Madrid;Alojamiento;Budget Hotel, Ubicación céntrica, Wi‑Fi;0;3;3;;;
389;vega;Vega;Madrid;Restaurantes;Tradicionales, Restaurantes;1;4;4;15611;15612;15613,15614,15615
16224;ia_1843;Vegan Delight;Madrid;Restaurantes;"Vegana, Bowls; Hamburguesas veganas";0;3;3;;;
16174;ia_1793;Vegan Fresh;Madrid;Restaurantes;"Vegana, Bowls; Hamburguesas veganas";0;3;3;;;
16239;ia_1858;Vegan Fresh;Madrid;Restaurantes;"Vegana, Hamburguesas Veganas; Bowls";0;3;3;;;
16269;ia_1888;Vegan Garden;Madrid;Restaurantes;"Vegana, Bowls; Hamburguesas veganas";0;3;3;;;
16139;ia_1758;Vegan Paradise;Madrid;Restaurantes;"Vegana, Burgers veganas; Bowls";0;3;3;;;
16209;ia_1828;Vegan Soul;Madrid;Restaurantes;"Vegana, Bowls; Hamburguesas veganas";0;3;3;;;
15758;ia_1352;Vegaviana;Madrid;Restaurantes;Internacional, Vegano, Platos saludables;0;3;3;;;
387;vegaviana;Vegaviana;Madrid;Restaurantes;Tradicionales, Vegetariano, Restaurantes;1;4;4;4776;4778;4781,7426
5100;vegetalia_;Vegetalia ;Barcelona;Restaurantes;Veggie;0;4;4;45859;45860;45858,45861,45862,45863,45864,45865,45867
16284;ia_1903;Veggie Delight;Madrid;Restaurantes;"Vegana, Bowls; Wraps veganos";0;3;3;;;
16159;ia_1778;Veggie Lovers;Madrid;Restaurantes;"Vegana, Bowls; Hamburguesas veganas";0;3;3;;;
5763;velaquez_museum;Velaquez Museum;Madrid;Ocio y eventos;Experiencias y actividades, Indoor;0;4;4;49436;;49437
5715;velaquez_tech_museum_;Velaquez Tech Museum ;Madrid;Qué ver;Museos;1;4;3;;;
15408;ia_993;Velarde13;Madrid;Restaurantes;Española, Tapas, Cócteles, Platos globales;0;3;3;;;
14888;ia_465;VELASCOABELLÀ Restaurante;Madrid;Restaurantes;Mediterránea, Comida Fusión, Alta cocina, Cocina de autor;0;3;3;;;
18347;ia_4394;Velázquez Librería-Espacio Cultural;Madrid;Arte y Cultura;Librería / Bookstore, literatura y cultura vecinal, presentaciones de autores, talleres literarios, Novedades editoriales, presentaciones de libros;0;1;1;73466;73468;
15558;ia_1146;Veleto;Madrid;Restaurantes;Mediterranea, Pescados, Tapas creativas;0;3;3;;;
4056;velvet_club_malaga;Velvet Club Málaga;Málaga;Fiesta, Ocio y eventos;Discotecas, Bares de copas, Más de 18, Conciertos;0;4;4;32648;32653;32643,32644,32651,32652
15219;ia_804;Venganza Malinche Getafe;Madrid;Restaurantes;Mexicana, Tacos, Margaritas, Nachos;0;3;3;;;
14818;ia_390;Venganza Malinche Sol;Madrid;Restaurantes;Mexicana, Tacos, Quesadillas;0;3;3;;;
4828;venta_de_verdura_de_aranjuez;venta de verdura de Aranjuez;Aranjuez;Compras;Marcas y Productos Locales;0;1;3;;;44028,44029,44030,44031,44032,44033,44034,44035,44036,44037
15653;ia_1247;VENTA EL SEGOVIANO;Madrid;Restaurantes;Tradicional / Española, Carnes / Guisos / Asador;0;3;3;;;
18379;ia_4487;Ver las Estrellas en Madrid y Sierra de Guadarrama;Madrid;Naturaleza;Parque / jardín (general), Cielos nocturnos, montaña, Telescopios, guías astronómicos;0;1;1;;;
932;veranos_de_la_villa;Veranos de la Villa;Madrid;Fiesta;Festivales, Comercial, Rock, Otro;0;4;4;17896;17897;17898
15509;ia_1096;Verde Oliva Gastroteca;Madrid;Restaurantes;Mediterranea;0;3;3;;;
15608;ia_1199;Verdura y Brasa;Madrid;Restaurantes;Mediterránea / Saludable / Vegetariana, Verduras / Parrilla / Ensaladas;0;3;3;;;
17516;ia_3337;Versace Watches;Madrid;Compras;"Joyería y relojería de lujo, Moda italiana; Estilo lujoso; Alta relojería fashion";0;3;3;;;
17517;ia_3338;Versus Versace Watches;Madrid;Compras;"Joyería y relojería de lujo, Estilo juvenil; Moda accesible; Diseños atrevidos";0;3;3;;;
18559;ia_5762;Vertical Park;Madrid;Deportes;Aventura / Escalada / Tirolina;0;1;1;73183;73184;
16708;ia_2463;Vértice Roomspace Madrid;Madrid;Alojamiento;Aparthotel, Cocina equipada, gimnasio, Wi‑Fi;0;3;3;;;
5308;via_ferrata;Vía Ferrata;Ronda;Experiencias y Actividades;Experiencias y Actividades, Actividades Deportivas;0;4;4;;;
5353;via_ferrata_sportmountain;Vía Ferrata SportMountain;Ronda;Experiencias y Actividades;Experiencias y Actividades, Actividades Deportivas;0;4;4;;;48214,48215,48216,48217,48218,48219,48220,48221,48222,48223
18426;via_verde_del_tajuna;Vía Verde del Tajuña;Madrid;Naturaleza;Zona de río / ribera, Valle fluvial, cultivos, túneles, Ciclismo, senderismo, naturaleza rural;0;4;4;;;
17193;ia_3013;Viana Licores;Madrid;Compras;"Bodegas y tiendas de vino, Licorería especializada; Amplia variedad; Atención experta";0;3;3;;;
15302;ia_887;Vida Bella;Madrid;Restaurantes;Española, Platos caseros, Tapas;0;3;3;;;
361;viena_capellanes;Viena Capellanes;Madrid;Restaurantes;Tradicionales, Español, Pastelerias y Panaderias;0;4;4;16310;16311;16313,16314,16315
15079;ia_663;Vietnam Express;Madrid;Restaurantes;Internacional, Pho;0;3;3;;;
15023;ia_607;Vietnam Mekong;Madrid;Restaurantes;Española, Sopas y Caldos;0;3;3;;;
18329;ia_4377;Vikileria Revive - Club de Costura;Madrid;Arte y Cultura;Arquitectura / edificio emblemático, moda sostenible y costura creativa, reciclaje textil, cursos creativos, Cursos de patronaje, reciclaje textil, bordado;0;1;1;73462;73463;
5177;villa_chameleon__indonesia_;Villa Chameleon, Indonesia ;Filipinas;Alojamiento;Hoteles;0;4;4;46537;46538;46536,46539,46540,46541,46542,46543,46544,46545
3526;villa_del_mar_las_terrenas;Villa del Mar Las Terrenas;Punta Cana;Alojamiento;Villas;0;4;4;;;22792,22793,22794,22795,22796,22797,22798,22799,22800,22801
3486;villa_el_descanso_jarabacoa;Villa el Descanso Jarabacoa;Santo Domingo;Alojamiento;Casa rural;0;1;3;22558;22561;22559
5593;villa_icaria;Villa Icaria;Madrid;Alojamiento;Naturaleza, Wifi;1;1;3;48916;48913;48912,48914,48915,48917,48918
4471;vinalium;Vinalium;Ronda;Experiencias y Actividades;Experiencias y Actividades;1;3;3;;41579;41578
4599;vinalium_ronda;Vinalium Ronda;Ronda;Experiencias y Actividades;Bodegas y Vinos de Ronda;0;4;4;41359;;41358
15118;ia_702;Vinateros 28;Madrid;Restaurantes;Internacional, Paellas & Arroces;0;3;3;;;
16797;ia_2552;Vincci Capitol;Madrid;Alojamiento;Design Hotel, Restaurante, bar, vistas;0;3;3;;;
79;vincci_capitol_4;Vincci Capitol 4*;Madrid;Alojamiento;Hoteles;0;4;4;16019;16020;16022,16023,16024,16025
16639;ia_2361;Vincci Rooftop Bar Gran Vía — Roof 66;Madrid;Nightlife;Rooftop bar;0;3;3;;;
3152;vincci_seleccion_posada_del_patio;Vincci Selección Posada del Patio;Málaga;Alojamiento;Hoteles;0;4;4;25257;25256;20783,20784,20785,20786,20787,20788,20789,20790,20791,20792,25255
16815;ia_2567;Vincci Soho;Madrid;Alojamiento;Boutique Hotel, Restaurante, terraza interior;0;3;3;;;
433;vincci_soho_4;Vincci Soho 4*;Madrid;Alojamiento;Hoteles;0;3;3;16465;16466;16467,16468
16799;ia_2554;Vincci Soma;Madrid;Alojamiento;City Hotel, Restaurante, biblioteca, gimnasio;0;3;3;;;
16807;ia_2562;Vincci The Mint;Madrid;Alojamiento;Design Hotel, Rooftop, restaurante, bar;0;3;3;;;
16800;ia_2555;Vincci Via 66;Madrid;Alojamiento;Design Hotel, Rooftop, spa, restaurante, bar;0;3;3;;;
16455;ia_2123;Vinitus (Gran Vía);Madrid;Restaurantes;Mediterránea / Tapas, Bar de tapas / Marisquería;0;3;3;;;
15716;ia_1310;Vino y se Quedó;Madrid;Restaurantes;Española, Tapas, Vinos;0;3;3;;;
17191;ia_3011;VINOS BACO;Madrid;Compras;"Bodegas y tiendas de vino, Vinoteca; Vinos nacionales e internacionales; Catas guiadas";0;3;3;;;
14577;ia_105;Vinos de bellota;Madrid;Restaurantes;Española, Vino, Tapas, Embutidos Ibéricos;0;3;3;;;
4029;vinos_de_ronda_online;Vinos de Ronda Online;Ronda;Experiencias y Actividades;Comercios, productos locales y artesanía, Bodegas y Vinos de Ronda;1;4;4;30996;30993;30992,30994,30995,30997
384;vinoteca_moratin;Vinoteca Moratín;Madrid;Restaurantes;Top, Tradicionales, Vinoteca, Restaurantes;0;4;4;16301;16302;16303,16305
17021;ia_2841;Vintage Tour Madrid;Madrid;Eventos;Tour en coche clásico;0;4;4;;;
1342;vintalogy;Vintalogy;Madrid;Compras;Tiendas, Accesorios, Moda;0;4;4;16632;16625;16624,16627,16628,16631
1403;vip_lounge_de_salvador_bachiller;VIP Lounge de Salvador Bachiller;Madrid;Restaurantes;Trendy, Café y té;0;4;3;18153;18154;18155,18156
18100;ia_4143;VIP VISIT to the Prado Museum, guided by a local expert & painter;Madrid;Arte y Cultura;Museo de arte clásico / pinacoteca, Museo de Artes y Tradiciones Populares, etnografía, costumbres;0;3;3;;;
15930;ia_1547;VIPS;Madrid;Restaurantes;"Internacional, Hamburguesas; Ensaladas; Desayunos";0;3;3;;;
18381;ia_4491;Virgen del Monte de Valdelatas;Madrid;Naturaleza;Ruta de senderismo, Bosque mediterráneo, Ermita en naturaleza;0;1;1;;;
234;virgen_del_rosario_y_san_miguel_arcangel;Virgen del Rosario y San Miguel Arcángel;Madrid;Fiesta;Fiesta de barrios;0;4;4;14967;14968;
3890;virginia_spa_santo_domingo;Virginia Spa Santo Domingo;Santo Domingo;Compras;Para ti;0;4;4;26580;26584;26581,26582,26583,26585
332;viridiana;Viridiana;Madrid;Restaurantes;Top, Trendy, Español, Restaurantes;0;4;4;16469;16470;16472,16473,16474,16475
16123;ia_1742;Viridiana;Madrid;Restaurantes;Fusión Internacional, Alta Cocina Creativa;0;3;3;;;
15523;ia_1110;Virrey;Madrid;Restaurantes;Española, Restaurante gastronómico;0;3;3;;;
17659;ia_3488;Vision King S.A.U.;Madrid;Compras;Ópticas y gafas, Revisión visual, venta de gafas, asesoría óptica;0;3;3;;;
18103;ia_4146;Visita a la Plaza de Toros y Museo de Madrid Las Ventas con Audioguía;Madrid;Arte y Cultura;Museo de ciencia y tecnología, Museo Nacional de Antropología, culturas, diversidad;0;3;3;;;
18157;ia_4207;Visita al Castillo de Lorca ;Madrid;Arte y Cultura;Museo de historia, Museo de Historia de la Automoción, coches clásicos, motores;0;3;3;;;
18158;ia_4208;Visita al Estadio del Atlético de Madrid & Museo Interactivo;Madrid;Arte y Cultura;Museo de historia, Museo de los Bomberos, camiones, historia;0;3;3;;;
18159;ia_4209;Visita al Monasterio de El Escorial;Madrid;Arte y Cultura;Excursión / day trip, Museo del Origami, papiroflexia, arte en papel;0;3;3;;;
18180;ia_4230;Visita al Museo del Prado Italiano | Máximo 7 personas | No hay línea;Madrid;Arte y Cultura;Museo de arte clásico / pinacoteca, Museo de América, arte precolombino, culturas;0;3;3;;;
18181;ia_4231;Visita al Museo del Prado y almuerzo en el restaurante más antiguo del mundo;Madrid;Arte y Cultura;Museo de arte clásico / pinacoteca, Museo Nacional de Artes Decorativas, diseño, artesanía;0;3;3;;;
18160;ia_4210;Visita al Museo Reina Sofía: Obras maestras con guía local;Madrid;Arte y Cultura;Museo de arte moderno / contemporáneo, Museo del Cine, proyectores, historia del séptimo arte;0;3;3;;;
18142;ia_4192;Visita al Palacio Real de Madrid y al Parque del Retiro con tapas opcionales;Madrid;Arte y Cultura;Museo de historia, Museo del Aire, aviones históricos, aeronáutica;0;3;3;;;
18143;ia_4193;Visita al Palacio Real de Madrid: entradas y guía de historiadores privados;Madrid;Arte y Cultura;Museo de historia, Museo Naval, galeones, cartografía;0;3;3;;;
18144;ia_4194;Visita al Prado con un amante del arte;Madrid;Arte y Cultura;Museo de arte clásico / pinacoteca, Museo de la Guardia Civil, uniformes, historia institucional;0;3;3;;;
4318;visita_bodega_regajal;Visita Bodega Regajal;Aranjuez;Ocio y eventos;Experiencias y actividades, Gastronomía;0;4;4;49113;49118;49111,49112,49115,49117,49119,49120,49121
18145;ia_4195;Visita con Audioguía a la Plaza de Toros de Las Ventas de Madrid;Madrid;Arte y Cultura;Museo de historia, Museo de la Policía, criminología, investigación;0;3;3;;;
18146;ia_4196;Visita cultural guiada de 2 días en el Palacio Real de Madrid y 3 museos;Madrid;Arte y Cultura;Museo de historia, Museo del Ejército, armas, uniformes;0;3;3;;;
18156;ia_4206;Visita en grupo reducido al Palacio Real de Madrid con entrada sin colas;Madrid;Arte y Cultura;Museo de historia, Museo del Cobre, minería, metalurgia;0;3;3;;;
5307;visita_entre_toros_y_caballos;Visita Entre Toros y Caballos;Ronda;Experiencias y Actividades;Naturaleza y Turismo Activo, Experiencias y Actividades;0;4;4;47846;47840;47842,47843,47844,47845,47847,47848
18152;ia_4202;Visita Guiada a la Casa de Guevara;Madrid;Arte y Cultura;Museo de historia, Museo del Traje, indumentaria, moda española;0;3;3;;;
5473;visita_guiada_a_la_plaza_de_toros;Visita guiada a la Plaza de Toros;Aranjuez;Ocio y eventos;Experiencias y actividades, Cultura, Ocio;0;4;4;48695;48596;48597,48598,48599,48600,48601,48602,48603,48604,48605,48606,48607,48608,48609,48610,48611
5523;visita_guiada_a_las_iglesias_de_aranjuez;Visita guiada a las Iglesias de Aranjuez;Aranjuez;Ocio y eventos;Experiencias y actividades, Cultura, Ocio;0;4;4;48689;48684;48687,48688,48690,48691,48692
5511;visita_guiada_a_los_sotos_historicos;Visita guiada a los Sotos Históricos;Aranjuez;Ocio y eventos;Experiencias y actividades, Cultura, Ocio;0;4;4;48699;48665;48681,48682,48683
18138;ia_4186;Visita Guiada a Pie por la Galería de las Colecciones Reales;Madrid;Arte y Cultura;Museo de historia, Museo del Cómic, viñetas, superhéroes;0;3;3;;;
18137;ia_4185;Visita guiada al estadio Bernabéu con entrada al museo;Madrid;Arte y Cultura;Museo de historia, Museo del Juguete Antiguo, trenes, muñecas;0;3;3;;;
18153;ia_4203;Visita Guiada al Estadio Bernabéu Real Madrid;Madrid;Arte y Cultura;Museo de historia, Museo del Azulejo, cerámica, artesanía;0;3;3;;;
18128;ia_4176;Visita guiada al estadio Bernabéu y al museo del Real Madrid ;Madrid;Arte y Cultura;Museo / galería (general), Museo de la Fotografía, cámaras, exposiciones;0;3;3;;;
18172;ia_4222;Visita guiada al estadio del Atlético de Madrid;Madrid;Arte y Cultura;Museo arqueológico, Museo de la Radio, micrófonos, emisiones históricas;0;3;3;;;
5459;visita_guiada_al_jardin_del_principe;Visita guiada al Jardín del Príncipe;Aranjuez;Ocio y eventos;Experiencias y actividades, Naturaleza, Cultura;0;4;4;49041;48696;48570,48571,48572,48573,48574,48575,48576,48968,48969,48971
18155;ia_4205;Visita Guiada al Museo del Prado;Madrid;Arte y Cultura;Museo de arte clásico / pinacoteca, Museo del Esquí, nieve, deportes de invierno;0;3;3;;;
18154;ia_4204;Visita Guiada al Museo Reina Sofía;Madrid;Arte y Cultura;Museo de arte moderno / contemporáneo, Museo del Reloj, relojes antiguos, cronómetros;0;3;3;;;
18183;ia_4236;Visita guiada al Museo Reina Sofía de Madrid para niños y familias;Madrid;Arte y Cultura;Museo de arte moderno / contemporáneo, Museo del Romanticismo, siglo XIX, vida cotidiana;0;3;3;;;
18177;ia_4227;Visita guiada al Museo Reina Sofía en Madrid;Madrid;Arte y Cultura;Museo de arte moderno / contemporáneo, Museo Cerralbo, coleccionismo, antigüedades;0;3;3;;;
18182;ia_4235;Visita guiada al Museo Reina Sofía Semiprivada 6ppl Max;Madrid;Arte y Cultura;Museo de arte moderno / contemporáneo, Museo Thyssen-Bornemisza, colección privada, impresionismo;0;3;3;;;
18178;ia_4228;Visita guiada al Museo Thyssen de Madrid, entradas y recogida en el hotel.;Madrid;Arte y Cultura;Museo enciclopédico / colección privada, Museo Lázaro Galdiano, Goya, colecciones europeas;0;3;3;;;
18179;ia_4229;Visita guiada al Museo Thyssen-Bornemisza;Madrid;Arte y Cultura;Museo enciclopédico / colección privada, Museo del Traje, indumentaria, moda;0;3;3;;;
18119;ia_4167;Visita guiada al Palacio Real;Madrid;Arte y Cultura;Museo de historia, Museo del Perfume, fragancias, historia olfativa;0;3;3;;;
18120;ia_4168;Visita guiada al Palacio Real con acceso prioritario;Madrid;Arte y Cultura;Museo de ciencia y tecnología, Museo del Juguete, muñecas, trenes de hojalata;0;3;3;;;
18121;ia_4169;Visita guiada al Palacio Real de Madrid;Madrid;Arte y Cultura;Museo de historia, Museo del Vidrio, cristalería, artesanía;0;3;3;;;
18122;ia_4170;Visita guiada al Palacio Real de Madrid en español.;Madrid;Arte y Cultura;Museo de ciencia y tecnología, Museo del Agua Subterránea, acuíferos, sostenibilidad;0;3;3;;;
18123;ia_4171;Visita guiada al Palacio Real de Madrid para niños y familias;Madrid;Arte y Cultura;Museo de ciencia y tecnología, Museo de la Ciencia y Tecnología, innovación, ciencia interactiva;0;3;3;;;
18134;ia_4182;Visita guiada al Palacio Real de Madrid y la Catedral de la Almudena;Madrid;Arte y Cultura;Museo de historia, Museo de la Imprenta, tipografía, libros;0;3;3;;;
18135;ia_4183;Visita guiada al Palacio Real para grupos pequeños con entradas;Madrid;Arte y Cultura;Museo de historia, Museo del Papel, artesanía, técnicas;0;3;3;;;
18136;ia_4184;Visita guiada al Prado y Palacio Real en un día con entrada y recogida;Madrid;Arte y Cultura;Museo de arte clásico / pinacoteca, Museo del Calzado, zapatos históricos, moda;0;3;3;;;
18161;ia_4211;Visita Guiada Compartida en el Museo del Prado en Madrid;Madrid;Arte y Cultura;Museo de arte clásico / pinacoteca, Museo del Chocolate, tradición, degustaciones;0;3;3;;;
18173;ia_4223;Visita guiada de arte callejero en Madrid;Madrid;Arte y Cultura;Museo arqueológico, Museo del Teatro, escenografía, vestuario;0;3;3;;;
18251;ia_4330;Visita guiada de medio día por Madrid;Madrid;Arte y Cultura;Museo de historia, Museo del Arte Urbano, graffiti, muralismo;0;3;3;;;
18551;ia_5747;Visita guiada en bicicleta Vintage por Madrid;Madrid;Deportes;Ciclismo turístico;0;1;1;73158;73157;
18552;ia_5748;Visita guiada en bicicleta Vintage por Madrid;Madrid;Deportes;Ciclismo turístico;0;1;1;;;
18209;ia_4271;Visita guiada en el Palacio Real de Madrid en grupos pequeños;Madrid;Arte y Cultura;Museo de historia, Museo del Patrimonio Naval, barcos, navegación;0;3;3;;;
18241;ia_4319;Visita guiada en el Palacio Real de Madrid. ;Madrid;Arte y Cultura;Museo de ciencia y tecnología, Museo del Arte Popular, artesanía, folclore;0;3;3;;;
18242;ia_4320;Visita guiada en grupo reducido al Museo del Prado en Madrid con acceso rápido;Madrid;Arte y Cultura;Museo de arte clásico / pinacoteca, Museo de la Robótica, inteligencia artificial, tecnología;0;3;3;;;
18243;ia_4321;Visita guiada en grupos pequeños al Museo Thyssen de Madrid;Madrid;Arte y Cultura;Museo de arte clásico / pinacoteca, Museo del Patrimonio Industrial, fábricas, maquinaria;0;3;3;;;
18554;ia_5750;Visita guiada en segway 1h30 en Madrid;Madrid;Deportes;Segway / turismo;0;1;1;73162;73161;
18245;ia_4323;Visita guiada exclusiva al Museo del Prado de Madrid ;Madrid;Arte y Cultura;Museo de arte clásico / pinacoteca, Museo del Automóvil Clásico, coches, colecciones;0;3;3;;;
18235;ia_4307;Visita guiada exclusiva al Museo del Prado y Reina Sofía Madrid;Madrid;Arte y Cultura;Museo de arte moderno / contemporáneo, Museo del Arte Islámico, cerámica, caligrafía;0;3;3;;;
18244;ia_4322;Visita guiada exclusiva al Museo Reina Sofía de Madrid;Madrid;Arte y Cultura;Museo de arte moderno / contemporáneo, Museo de la Ciencia y la Innovación, experimentos, futuro;0;3;3;;;
18236;ia_4308;Visita guiada exclusiva al Palacio Real de Madrid;Madrid;Arte y Cultura;Museo de historia, Museo de la Moda Histórica, vestuario, trajes;0;3;3;;;
18124;ia_4172;Visita Guiada Museo del Prado - En español - 7 personas por tour máximo;Madrid;Arte y Cultura;Museo de arte clásico / pinacoteca, Museo del Futbol, balones históricos, camisetas;0;3;3;;;
3583;visita_guiada_palacio_real_de_aranjuez;Visita Guiada Palacio Real de Aranjuez;Aranjuez;Ocio y eventos;Experiencias y actividades;0;4;4;23231;49052;49043,49044,49045,49046,49047,49048,49049,49050
18125;ia_4173;Visita Guiada Palacio Real de Madrid y Espectáculo Flamenco con Tapas;Madrid;Arte y Cultura;Museo de historia, Museo Olímpico, medallas, deportes;0;3;3;;;
18147;ia_4197;Visita guiada privada a las maravillas de Madrid para niños y familias;Madrid;Arte y Cultura;Museo de historia, Museo del Chocolate Artesano, tradición, dulces;0;3;3;;;
18557;ia_5759;Visita guiada privada al estadio Bernabéu;Madrid;Deportes;Fútbol;0;1;1;;;
18127;ia_4175;Visita Guiada Privada al Museo del Prado;Madrid;Arte y Cultura;Museo de arte clásico / pinacoteca, Museo de la Magia, ilusiones, espectáculos;0;3;3;;;
18150;ia_4200;Visita guiada privada al Museo del Prado;Madrid;Arte y Cultura;Museo de arte clásico / pinacoteca, Museo del Agua Dulce, ríos, sostenibilidad;0;3;3;;;
18151;ia_4201;Visita guiada privada al Museo del Prado con museo Reina Sofía opcional;Madrid;Arte y Cultura;Museo de arte moderno / contemporáneo, Museo del Aire Libre, esculturas, naturaleza;0;3;3;;;
18129;ia_4177;Visita guiada privada al Museo del Prado de Madrid;Madrid;Arte y Cultura;Museo de arte clásico / pinacoteca, Museo del Oro, joyas, arqueología;0;3;3;;;
18130;ia_4178;Visita guiada privada al Museo del Prado de Madrid para niños y familias;Madrid;Arte y Cultura;Museo de arte clásico / pinacoteca, Museo del Tabaco, tradición, industria;0;3;3;;;
18131;ia_4179;Visita guiada privada al Museo del Prado y al parque del Retiro;Madrid;Arte y Cultura;Museo de arte clásico / pinacoteca, Museo del Agua y Energía, hidráulica, electricidad;0;3;3;;;
18148;ia_4198;Visita guiada privada al Museo Reina Sofía de Madrid;Madrid;Arte y Cultura;Museo de arte moderno / contemporáneo, Museo del Ron, destilería, cultura caribeña;0;3;3;;;
18198;ia_4258;Visita guiada privada al museo Thyssen Bornemisza;Madrid;Arte y Cultura;Museo de arte clásico / pinacoteca, Museo de la Tecnología Médica, instrumental, avances;0;3;3;;;
18149;ia_4199;Visita guiada privada al Museo Thyssen Bornemisza de Madrid;Madrid;Arte y Cultura;Museo de arte clásico / pinacoteca, Museo de la Cerveza, tradición, degustaciones;0;3;3;;;
18132;ia_4180;Visita guiada privada al Palacio Real de Madrid;Madrid;Arte y Cultura;Museo de historia, Museo del Bosque, naturaleza, ecología;0;3;3;;;
18197;ia_4257;Visita guiada privada al Palacio Real de Madrid para niños y familias;Madrid;Arte y Cultura;Museo de historia, Museo del Arte Egipcio, momias, sarcófagos;0;3;3;;;
18199;ia_4259;Visita guiada privada de día completo a Madrid con coche Dlx;Madrid;Arte y Cultura;Museo de historia, Museo del Arte Gótico, vitrales, retablos;0;3;3;;;
18200;ia_4261;Visita guiada privada de lo más destacado de Madrid de noche, fuera de las multitudes;Madrid;Arte y Cultura;Museo de historia, Museo de la Pintura Realista, retratos, paisajes;0;3;3;;;
18222;ia_4292;Visita guiada privada de medio día al Madrid conmovedor;Madrid;Arte y Cultura;Museo de ciencia y tecnología, Museo del Arte Oriental, porcelana, caligrafía china;0;3;3;;;
18223;ia_4293;Visita guiada privada de medio día al Museo del Prado;Madrid;Arte y Cultura;Museo de arte clásico / pinacoteca, Museo de la Ciencia Nuclear, reactores, energía atómica;0;3;3;;;
18224;ia_4294;Visita guiada privada de medio día en Madrid con transporte público;Madrid;Arte y Cultura;Museo de ciencia y tecnología, Museo del Arte Impresionista, Monet, Renoir;0;3;3;;;
18225;ia_4295;Visita guiada privada de medio día por Madrid: 2 horas en vehículo privado y 2 horas a pie;Madrid;Arte y Cultura;Museo de ciencia y tecnología, Museo del Patrimonio Minero, minerales, herramientas;0;3;3;;;
18218;ia_4281;Visita guiada privada del Palacio Real y el Viejo Madrid;Madrid;Arte y Cultura;Museo de historia, Museo del Arte Digital Interactivo, VR, multimedia;0;3;3;;;
18231;ia_4303;Visita guiada privada en el Museo del Prado;Madrid;Arte y Cultura;Museo de arte clásico / pinacoteca, Museo de la Ciencia del Clima, sostenibilidad, energías;0;3;3;;;
18253;ia_4335;Visita guiada privada en el Museo del Prado;Madrid;Arte y Cultura;Museo de arte clásico / pinacoteca, Museo de la Ciencia del Clima, sostenibilidad, energías;0;3;3;;;
18126;ia_4174;Visita Guiada Privada Museo Del Prado Con Entrada + Recogida Hotel + Espectáculo Flamenco;Madrid;Arte y Cultura;Museo de arte clásico / pinacoteca, Museo del Flamenco, trajes, música;0;3;3;;;
18232;ia_4304;Visita guiada privada sin colas al Palacio Real;Madrid;Arte y Cultura;Museo de ciencia y tecnología, Museo del Arte Expresionista, Kandinsky, Munch;0;3;3;;;
18254;ia_4336;Visita guiada privada sin colas al Palacio Real;Madrid;Arte y Cultura;Museo de ciencia y tecnología, Museo del Arte Expresionista, Kandinsky, Munch;0;3;3;;;
18255;ia_4337;Visita guiada sin colas al Museo del Prado ;Madrid;Arte y Cultura;Museo de arte clásico / pinacoteca, Museo del Patrimonio Industrial Textil, telares, fábricas;0;3;3;;;
18233;ia_4305;Visita guiada sin colas al Museo del Prado ;Madrid;Arte y Cultura;Museo de arte clásico / pinacoteca, Museo del Patrimonio Industrial Textil, telares, fábricas;0;3;3;;;
18234;ia_4306;Visita guiada sin colas al Palacio Real de Madrid;Madrid;Arte y Cultura;Museo de ciencia y tecnología, Museo del Arte Futurista, Boccioni, Severini;0;3;3;;;
18239;ia_4317;Visita guiada sin colas al Palacio Real de Madrid ;Madrid;Arte y Cultura;Museo de historia, Museo del Arte Prehistórico, pinturas rupestres, herramientas;0;3;3;;;
18256;ia_4338;Visita guiada sin colas al Palacio Real de Madrid;Madrid;Arte y Cultura;Museo de ciencia y tecnología, Museo del Arte Futurista, Boccioni, Severini;0;3;3;;;
18240;ia_4318;Visita guiada sin colas al Palacio Real y al Museo del Prado;Madrid;Arte y Cultura;Museo de arte clásico / pinacoteca, Museo de la Ciencia del Espacio, planetas, telescopios;0;3;3;;;
5541;visita_guiada_teatralizada;Visita Guiada Teatralizada;Aranjuez;Ocio y eventos;Experiencias y actividades, Cultura, Ocio;0;4;4;48733;48718;48719,48720,48721,48722,48723,48724,48725
18166;ia_4216;Visita por la tarde al Palacio Real de Madrid y la Catedral de la Almudena;Madrid;Arte y Cultura;Museo de arte contemporáneo, Museo del Cómic y Manga, Japón, cultura pop;0;3;3;;;
18176;ia_4226;Visita Privada a El Escorial y Valle desde Madrid;Madrid;Arte y Cultura;Excursión de un día a El Escorial, Museo del Vino, bodegas, enología;0;3;3;;;
18194;ia_4254;Visita privada a El Museo del Prado y el Museo Reina Sofía;Madrid;Arte y Cultura;Museo de arte moderno / contemporáneo, Museo del Automóvil Deportivo, coches, velocidad;0;3;3;;;
18196;ia_4256;Visita privada a la Galería de las Colecciones Reales con recogida en el hotel;Madrid;Arte y Cultura;Museo de arte contemporáneo, Museo de la Pintura Contemporánea, arte moderno, colecciones;0;3;3;;;
18227;ia_4297;Visita privada a los museos del Prado, Reina Sofía y Thyseen en Madrid;Madrid;Arte y Cultura;Museo de arte moderno / contemporáneo, Museo de la Moda Contemporánea, diseño, vestuario;0;3;3;;;
18195;ia_4255;Visita privada a Madrid con guía a lo más destacado y joyas ocultas;Madrid;Arte y Cultura;Museo de arte contemporáneo, Museo del Juguete Moderno, infancia, nostalgia;0;3;3;;;
18228;ia_4298;Visita privada a pie al Palacio Real y Museo del Prado de Madrid;Madrid;Arte y Cultura;Museo de arte clásico / pinacoteca, Museo del Videojuego, consolas, cultura digital;0;3;3;;;
18229;ia_4299;Visita privada a pie del Museo Reina Sofía;Madrid;Arte y Cultura;Museo de arte moderno / contemporáneo, Museo del Deporte, trofeos, historia deportiva;0;3;3;;;
18230;ia_4300;Visita privada a pie por el Palacio Real de Madrid;Madrid;Arte y Cultura;Museo de arte contemporáneo, Museo del Cómic Infantil, caricaturas, ilustración;0;3;3;;;
18133;ia_4181;Visita privada a pie: Los secretos de Madrid;Madrid;Arte y Cultura;Museo de historia, Museo del Ferrocarril, trenes históricos, locomotoras;0;3;3;;;
18162;ia_4212;Visita privada al Museo del Prado;Madrid;Arte y Cultura;Museo de arte clásico / pinacoteca, Museo del Comic Europeo, viñetas, ilustración;0;3;3;;;
18167;ia_4217;Visita Privada al Museo del Prado;Madrid;Arte y Cultura;Museo de arte clásico / pinacoteca, Museo del Pan, tradición, gastronomía;0;3;3;;;
18163;ia_4213;Visita privada al Museo del Prado con acceso sin colas y recogida a pie;Madrid;Arte y Cultura;Museo de arte clásico / pinacoteca, Museo de la Ciencia Marina, biología, ecosistemas;0;3;3;;;
18164;ia_4214;Visita privada al Museo del Prado con entradas incluidas ;Madrid;Arte y Cultura;Museo de arte clásico / pinacoteca, Museo del Transporte Aéreo, aviación, aviones;0;3;3;;;
18165;ia_4215;Visita privada al Museo del Prado con guía experto local;Madrid;Arte y Cultura;Museo de arte clásico / pinacoteca, Museo del Diseño, creatividad, innovación;0;3;3;;;
18226;ia_4296;Visita privada al Museo del Prado con recogida, sin colas y vino;Madrid;Arte y Cultura;Museo de arte clásico / pinacoteca, Museo del Arte Vanguardista, instalaciones, performances;0;3;3;;;
18210;ia_4272;Visita privada al Museo del Prado de Madrid para niños ;Madrid;Arte y Cultura;Museo de arte clásico / pinacoteca, Museo del Arte Renacentista, Leonardo da Vinci, Rafael;0;3;3;;;
18168;ia_4218;Visita Privada al Museo del Prado en Madrid ;Madrid;Arte y Cultura;Museo de arte clásico / pinacoteca, Museo del Agua, hidráulica, sostenibilidad;0;3;3;;;
18211;ia_4273;Visita privada al Museo del Prado para niños y familias en Madrid;Madrid;Arte y Cultura;Museo de arte clásico / pinacoteca, Museo de la Ciencia Geológica, fósiles, minerales;0;3;3;;;
18212;ia_4274;Visita privada al Museo del Prado y los barrios emblemáticos de Madrid;Madrid;Arte y Cultura;Museo de arte clásico / pinacoteca, Museo del Arte Cubista, Picasso, Braque;0;3;3;;;
18169;ia_4219;Visita Privada al Museo del Prado y Palacio Real;Madrid;Arte y Cultura;Museo de arte clásico / pinacoteca, Museo del Transporte, vehículos, trenes;0;3;3;;;
18170;ia_4220;Visita Privada al Museo del Prado y Palacio Real en Madrid;Madrid;Arte y Cultura;Museo de arte clásico / pinacoteca, Museo de la Moneda, numismática, billetes;0;3;3;;;
18213;ia_4275;Visita privada al Museo del Prado, Thyssen-Bornemisza o Reina Sofía;Madrid;Arte y Cultura;Museo de arte moderno / contemporáneo, Museo de la Tecnología Espacial, satélites, exploración;0;3;3;;;
18139;ia_4189;Visita privada al Museo Reina Sofía con guía local;Madrid;Arte y Cultura;Museo de arte moderno / contemporáneo, Museo del Comercio, economía, tradición;0;3;3;;;
18140;ia_4190;Visita privada al Museo Reina Sofía con paseo introductorio;Madrid;Arte y Cultura;Museo de arte moderno / contemporáneo, Museo del Carnaval, disfraces, tradición;0;3;3;;;
18141;ia_4191;Visita privada al Museo Thyssen-Bornemisza de Madrid para niños ;Madrid;Arte y Cultura;Museo de arte clásico / pinacoteca, Museo del Futuro, innovación, tecnología;0;3;3;;;
18171;ia_4221;Visita Privada al Palacio Real de Madrid;Madrid;Arte y Cultura;Museo de ciencia y tecnología, Museo de la Música, instrumentos, partituras;0;3;3;;;
18214;ia_4276;Visita privada al Palacio Real de Madrid;Madrid;Arte y Cultura;Museo de historia, Museo del Arte Conceptual, instalaciones, performances;0;3;3;;;
18215;ia_4277;Visita privada al Palacio Real de Madrid con entrada Evite las colas;Madrid;Arte y Cultura;Museo de historia, Museo del Arte Bizantino, mosaicos, iconos;0;3;3;;;
18216;ia_4278;Visita privada al Palacio Real de Madrid con entradas;Madrid;Arte y Cultura;Museo de historia, Museo de la Ciencia del Sonido, acústica, instrumentos;0;3;3;;;
18217;ia_4279;Visita privada al Parque del Retiro y Museo del Prado;Madrid;Arte y Cultura;Museo de arte clásico / pinacoteca, Museo del Arte Surrealista, Dalí, Magritte;0;3;3;;;
18193;ia_4252;Visita privada Centro Histórico de Madrid;Madrid;Arte y Cultura;Museo de historia, Museo del Chocolate Moderno, degustaciones, historia;0;3;3;;;
18174;ia_4224;Visita Privada Centro Histórico de Madrid y Museo del Prado;Madrid;Arte y Cultura;Museo de arte clásico / pinacoteca, Museo del Circo, malabares, carpas históricas;0;3;3;;;
18201;ia_4262;Visita privada de arte al Museo Reina Sofía con un experto en historia local en Madrid;Madrid;Arte y Cultura;Museo de arte moderno / contemporáneo, Museo del Arte Medieval, manuscritos, iconografía;0;3;3;;;
18202;ia_4263;Visita privada de fotografía en los mejores lugares de Madrid con un local;Madrid;Arte y Cultura;Museo de historia, Museo de la Ciencia Espacial, cohetes, astronautas;0;3;3;;;
18203;ia_4264;Visita privada del Madrid artístico con un local.;Madrid;Arte y Cultura;Museo de historia, Museo del Arte Rococó, escultura, decoración;0;3;3;;;
18204;ia_4265;Visita privada del Museo Reina Sofía: entradas y guía privado ;Madrid;Arte y Cultura;Museo de arte moderno / contemporáneo, Museo de la Tecnología Digital, dispositivos, software;0;3;3;;;
18205;ia_4266;Visita privada divertida y educativa al Museo del Prado de Madrid para niños;Madrid;Arte y Cultura;Museo de arte moderno / contemporáneo, Museo del Arte Escénico, vestuario, dramaturgia;0;3;3;;;
18220;ia_4289;Visita privada en el Museo Reina Sofía con Entrada y Guía;Madrid;Arte y Cultura;Museo de arte moderno / contemporáneo, Museo del Arte Neoclásico, arquitectura, pintura;0;3;3;;;
18221;ia_4291;Visita privada imprescindible en Madrid con guía local amigable;Madrid;Arte y Cultura;Museo de historia, Museo del Arte Romántico, pintura, literatura;0;3;3;;;
18219;ia_4286;Visita privada para familias al Palacio Real de Madrid, ideal para niños;Madrid;Arte y Cultura;Museo de historia, Museo del Cine Clásico, cámaras, proyectores;0;3;3;;;
18246;ia_4324;Visita privada por el centro de Madrid con el Museo del Prado y el Palacio Real;Madrid;Arte y Cultura;Museo de arte clásico / pinacoteca, Museo del Arte Textil, tejidos, moda histórica;0;3;3;;;
18247;ia_4325;Visita privada sin colas al Museo Reina Sofía de Madrid;Madrid;Arte y Cultura;Museo de arte moderno / contemporáneo, Museo de la Fotografía Contemporánea, cámaras, retratos;0;3;3;;;
18248;ia_4326;Visita privada sin colas al Museo Thyssen-Bornemisza de Madrid;Madrid;Arte y Cultura;Museo de arte clásico / pinacoteca, Museo del Patrimonio Rural, herramientas, costumbres;0;3;3;;;
18175;ia_4225;Visita Privada VIP al Palacio Real y citytour, Madrid al completo;Madrid;Arte y Cultura;Museo arqueológico, Museo del Templo, arqueología, reliquias religiosas;0;3;3;;;
18249;ia_4327;Visita privada y personalizada al Museo del Prado;Madrid;Arte y Cultura;Museo de arte clásico / pinacoteca, Museo del Humor, caricaturas, sátira;0;3;3;;;
18250;ia_4328;Visita privada: Museo Reina Sofía con entrada Evite las colas;Madrid;Arte y Cultura;Museo de arte moderno / contemporáneo, Museo del Arte Religioso, iconos, escultura sacra;0;3;3;;;
18206;ia_4267;Visita privada: recorrido por la ciudad de Madrid;Madrid;Arte y Cultura;Museo de historia, Museo del Patrimonio Musical, instrumentos, partituras;0;3;3;;;
18207;ia_4269;Visita turística panorámica a Madrid;Madrid;Arte y Cultura;Museo de historia, Museo del Cine Documental, rodajes, cámaras;0;3;3;;;
18208;ia_4270;Visita turística privada de 2 horas en Madrid;Madrid;Arte y Cultura;Museo de historia, Museo de la Medicina, instrumental, historia médica;0;3;3;;;
664;visita_vinedo_y_bogeda;Visita viñedo y bogeda;Madrid;Ocio y eventos;Experiencias y actividades;0;4;4;15282;15283;
18102;ia_4145;Visita VIP a la Plaza de Toros de Las Ventas en Madrid ;Madrid;Arte y Cultura;Museo de ciencia y tecnología, Museo de Ciencias Naturales, fósiles, biodiversidad;0;3;3;74369;74370;74371,74372
5472;visitaranjuez;VisitAranjuez;Aranjuez;Ocio y eventos;Experiencias y actividades;0;4;4;;48591;48587,48590,48592,48593,48594,48595
3996;visitas_guiadas_a_ronda;Visitas Guiadas a Ronda;Ronda;Qué ver, Ocio y eventos, Experiencias y Actividades;Cool Places, Eventos, Experiencias y Actividades;0;4;4;50350;50351;29806,30133,30134,30135,30136,30137,30138,30139,30140,30141,34143,40330,41823,41824,41825,41826,41827,41828,42739
4478;visitas_guiadas_en_ronda_con_sonia_sedeno;Visitas guiadas en Ronda con Sonia Sedeño;Ronda;Experiencias y Actividades;Experiencias y Actividades;1;4;3;;;
16199;ia_1818;Vita Green;Madrid;Restaurantes;"Healthy, Bowls; Smoothies";0;3;3;;;
16369;ia_1988;Vita Green;Madrid;Restaurantes;"Healthy, Bowls; Smoothies";0;3;3;;;
16184;ia_1803;Vital Bowl;Madrid;Restaurantes;"Healthy, Bowls; Smoothies";0;3;3;;;
16324;ia_1943;Vital Eatery;Madrid;Restaurantes;"Healthy, Bowls; Smoothies";0;3;3;;;
16294;ia_1913;Vital Greens;Madrid;Restaurantes;"Healthy, Bowls; Smoothies";0;3;3;;;
16003;ia_1620;Viva Chapata;Madrid;Restaurantes;"Vegana, Arepas; Hamburguesas; Sándwiches";0;3;3;;;
6123;viva_chapata;Viva Chapata;Madrid;Restaurantes;Veggie;0;1;3;;;
813;viva_gym;Viva Gym;Madrid;Compras;Para ti;0;4;4;15501;15502;15503,15504,15505
16527;ia_2218;Viva San Fermín;Madrid;Restaurantes;Española / Navarra, Taberna / Pinchos;0;3;3;;;
1753;vive_el_carnaval_de_cadiz_en_madrid;Vive el carnaval de Cádiz en Madrid;Madrid;Fiesta, Ocio y eventos;Festivales, Conciertos, Otro, Musical, Ocio;1;4;4;18778;18776;18777,18779
17150;ia_2970;Viveros Municipales de Plantas Ornamentales;Madrid;Compras;"Centros de jardinería, Vivero municipal; Plantas ornamentales; Asesoría en jardinería";0;3;3;;;
4336;viviendas_turisticas_los_arrayanes;Viviendas Turísticas Los Arrayanes;Ronda;Alojamiento;Apartamentos;0;1;1;37449;37454;37446,37447,37448,37450,37451,37452,37453,37455
16443;ia_2111;Vivo Burgers — Donut Burger (Leganés);Madrid;Restaurantes;Americana / Hamburguesas, Hamburgueserías / Food truck;0;3;3;;;
1386;vogue_fashion’s_night_out;Vogue Fashion’s Night Out;Madrid;Ocio y eventos;Ferias;0;4;3;15850;15851;15852
4132;volar_andalucia;Volar andalucía;Ronda;Experiencias y Actividades;Naturaleza y Turismo Activo, Experiencias y Actividades;1;4;4;35650;35777;35649,35651,35652,35653,35654,35655,35656,35657,35658
15597;ia_1188;Voltea;Madrid;Restaurantes;Española / Moderna, Castiza / Tapas / Temporada;0;3;3;;;
101;vp_jardin_de_recoletos_4;VP Jardín de Recoletos 4*;Madrid;Alojamiento;Hoteles;0;4;4;17986;17987;17988,17989,17990,17991,17992
16759;ia_2514;VP Madroño;Madrid;Alojamiento;City Hotel, Jardín privado, Wi‑Fi;0;3;3;;;
5546;vrfun_;VRFun ;Málaga;Ocio y eventos;Experiencias y actividades, Indoor, Ocio, Otro;0;4;4;48766;48764;48754,48755,48756,48757,48758,48759,48760,48761,48762,48763,48765
18566;ia_5769;VTS Esquí;Madrid;Deportes;Esquí / Snow training;0;1;1;73181;73182;
18597;ia_5800;VTS Tenis (venta y encordado);Madrid;Deportes;Tenis;0;1;1;;;
18593;ia_5796;VTS-Tenis FTM;Madrid;Deportes;Tenis;0;1;1;73176;73175;
3442;vuelo_a_motor_y_paseo_en_globo;Vuelo a Motor y Paseo en Globo;Ronda;Experiencias y Actividades;Experiencias y Actividades;0;4;4;26057;26058;22272,22273,22274
1387;vuelta_a_la_casa_de_campo_;Vuelta a la Casa de Campo ;Madrid;Ocio y eventos;Experiencias y actividades;1;4;3;17836;17837;17838,17839
17470;ia_3291;Vulcain;Madrid;Compras;"Joyería y relojería de lujo, Relojes mecánicos; Tradición relojera; Alarmas icónicas";0;3;3;;;
15159;ia_743;Wacamole - Caballero de Gracia;Madrid;Restaurantes;Internacional, Tacos | Quesadillas | Burritos | Nachos;0;3;3;;;
17012;ia_2832;WAH Madrid: Show Musical y Gastronómico;Madrid;Eventos;Show musical y gastronómico;0;3;3;;;
4749;wälder_clothing_;Wälder Clothing ;Madrid;Compras;Tiendas, Marcas y Productos Locales, Para ti, Moda, Moda;1;1;1;;;
17006;ia_2826;Walk and Eat Spain;Madrid;Eventos;Tour gastronómico;0;3;3;;;
111;wan_festival_;WAN Festival ;Madrid;Fiesta;Festivales, Electrónica;0;4;4;14841;14842;14844
15294;ia_879;Warehouse@TheHClub;Madrid;Restaurantes;Española, Platos modernos, Tapas creativas;0;3;3;;;
15036;ia_620;Wasabi Green;Madrid;Restaurantes;Argentino, Parrillada/BBQ;0;3;3;;;
18349;ia_4396;Washi Extraescolares;Madrid;Arte y Cultura;Teatro histórico, arte infantil y juvenil, manualidades y teatro juvenil, Talleres infantiles y juveniles;0;1;1;73461;73459;
1022;way_hostel_madrid;Way Hostel Madrid;Madrid;Alojamiento;Low cost;0;4;4;17688;17689;17690,17691
1482;we_love_queen;We Love Queen;Madrid;Ocio y eventos;Conciertos, Rock, Musical, Ocio;1;4;1;11999;;11997,11998,12023,12024
3138;weekend_beach_festival;Weekend Beach Festival;Málaga;Fiesta;Festivales, Experiencias y actividades, Más de 18, Conciertos;0;1;3;20646;20643;20644,20645,20647,20648,20649,20650,20651,20652
19196;ia_5560;Weekend Breaks;Madrid;Experiencias Unicas;Excursión de día (Day trip);0;1;1;;;
1508;weekend_city_festival;Weekend City Festival;Madrid;Fiesta;Festivales, Electrónica, Comercial, Otro;1;4;1;13110;13115;13111,13112,13113,13114,13116,13117
17628;ia_3457;Welcome Skateboarding Shop;Madrid;Compras;Skate y deportes urbanos, Montaje de tablas, comunidad local, eventos;0;3;3;;;
15162;ia_746;WELKHOMEclub;Madrid;Restaurantes;Creativa, Croquetas | Tartar | Hamburguesa | Tapas creativas;0;3;3;;;
107;wellington_5;Wellington 5*;Madrid;Alojamiento;Hoteles, Terraza;0;4;4;16053;16054;16055,16056,16057,16058,16059
18532;ia_5725;Wellness Boutique Experience;Madrid;Wellness;Centro de bienestar;0;1;1;;;
17373;ia_3194;Wempe;Madrid;Compras;"Joyería y relojería de lujo, Relojería de lujo; Servicio técnico especializado; Joyas exclusivas";0;3;3;;;
15501;ia_1088;Wenga;Madrid;Restaurantes;Internacional, Comida Fusión;0;3;3;;;
4361;wenge_prive;Wengé Privé;Málaga;Fiesta;Discotecas;1;3;3;;;
1870;wengue_prive;Wengué Privé;Málaga;Fiesta;Discotecas, Electrónica, Comercial, Reggeaton;1;4;3;;;
1871;wengue_prive_malaga;Wengué Privé Málaga;Málaga;Fiesta;Discotecas, Electrónica, Comercial, Reggeaton;0;4;4;19607;19608;19609,38437,38438
3725;west_side_story_barcelona;West Side Story Barcelona;Barcelona;Ocio y eventos;Espectáculos;0;4;4;24229;24233;24230,24231,24232
5760;wetnessday;Wetnessday;Madrid;Fiesta;Discotecas, Zonas de fiesta;0;4;4;49496;49492;49495,49497
17644;ia_3473;What If Architecture;Madrid;Compras;Estudios de arquitectura e interiorismo, Arquitectura sostenible, consultoría de diseño;0;3;3;;;
5911;whildchild_;Whildchild ;Ibiza;Fiesta;Discotecas;0;4;3;49812;49813;49808,49809,49810,49811
15279;ia_864;WHIPLASH;Madrid;Restaurantes;Española, Tapas modernas, Platos de autor;0;3;3;;;
4120;whitney_houston_hologram_tour_madrid;Whitney Houston Hologram Tour Madrid;Madrid;Ocio y eventos;Conciertos;0;4;4;35344;35316;35315,35317,35318,35319,35320,35321,35322,35323,35324
5845;wi-ki-woo_hotel;Wi-ki-woo Hotel;Ibiza;Alojamiento;Hoteles, Apartamentos, Terraza, Wifi, Estética, Restaurante, Bar;0;3;3;49597;;
4479;wild_andalucia;Wild Andalucía;Ronda;Experiencias y Actividades;Naturaleza y Turismo Activo, Experiencias y Actividades;0;3;3;;;
16296;ia_1915;Wild West BBQ;Madrid;Restaurantes;"Americana, Costillas; Hamburguesas";0;3;3;;;
16321;ia_1940;Wild West Grill;Madrid;Restaurantes;"Americana, Steak; Hamburguesas";0;3;3;;;
5910;wildchild;WILDCHILD;Ibiza;Fiesta;Discotecas;0;4;3;;;
15764;ia_1358;Williamsburg San Chinarro;Madrid;Restaurantes;Americana, Hamburguesas, Platos internacionales;0;3;3;;;
1510;windobona_indoor_skydiving_;WINDOBONA Indoor Skydiving ;Madrid;Ocio y eventos;Experiencias y actividades, Indoor;0;1;1;13168;13167;13169,13170,13171
19255;ia_5634;Wine Gogh Madrid;Madrid;Experiencias Unicas;Experiencia inmersiva / VR / museo interactivo;0;1;1;;;
18354;ia_4401;Wings Group — Escuela de Formación;Madrid;Arte y Cultura;Arquitectura / edificio emblemático, artes escénicas, cursos de interpretación y canto, Cursos de canto, danza, interpretación;0;1;1;73456;73457;
18505;wizard_tattoo_studio;Wizard Tattoo Studio;Madrid;Wellness;Estudio de tatuajes;0;1;1;;;73641,73642,73643,73644
15542;ia_1129;Wok 4 You Bravo Murillo;Madrid;Restaurantes;Asiática, Wok, Sushi;0;3;3;;;
15378;ia_963;Wok 4 You III;Madrid;Restaurantes;China, Wok, Sushi, Platos asiáticos;0;3;3;;;
15841;ia_1435;Wonderland;Madrid;Restaurantes;Japonesa, Sushi, Platos japoneses;0;3;3;;;
17678;workshop_motor_sport;Workshop Motor Sport;Madrid;Ocio y eventos;Tiendas de deporte, Mecánica avanzada, mantenimiento, tuning;0;4;4;74698;74697;74699,74700,74701
771;world_by_marta;World by Marta;Madrid;Compras;Marcas y Productos Locales, Decoración;0;4;4;17100;17101;
17051;ia_2871;World Football Summit;Madrid;Eventos;Congreso internacional;0;3;3;;;
3700;wow_hostel;Wow Hostel;Barcelona;Alojamiento;Low cost, Wifi, Restaurante, Bar;0;4;4;23917;23919;23915,23916,23918,23920
15167;ia_751;Wrapipans Bar;Madrid;Restaurantes;Internacional, Wraps | Burritos | Bocadillos;0;3;3;;;
16612;wurlitzer_ballroom;Wurlitzer Ballroom;Madrid;Nightlife;Rock club;0;4;4;74772;74771;74773,74774
5145;wurtskuchl_;Wurtskuchl ;Filipinas;Restaurantes;Tradicionales;0;4;4;46159;46151;46152,46153,46154,46155,46156,46157,46158,46160
4395;x-madrid;X-Madrid;Madrid;Compras;Centros comerciales, Español, Italiano, Mexicano, Japonés, Chino, Americano, Turco, Mediterranea, Hamburguesa, Pizza, Especialista en carne, Fusión, Restaurantes, Heladerias, Café y té, Restaurant & Shop, Celiacos , Moda, Gatronomía, Accesorios, Coleccionista, Gastronomía, Moda, Accesorios;0;4;4;39153;39155;38970,38971,38972,38973,38975,38976,38977,38978,38979,39142,39143,39144,39145,39146,39147,39148,39149,39150,39151,39152,39154
6122;xanadu;Xanadú;Madrid;Ocio y eventos;Experiencias y actividades;0;1;3;;;
15514;ia_1101;Xántico;Madrid;Restaurantes;Española, Restaurante de cocina española;0;3;3;;;
15640;ia_1234;Xapó;Madrid;Restaurantes;Española / Creativa, Arroces / Pescados / Tapas;0;3;3;;;
16430;ia_2088;Xeat Burgers;Madrid;Restaurantes;Americana, Gourmet Burgers;0;3;3;;;
15685;ia_1279;"Xeito! 19'20""";Madrid;Restaurantes;Creativa, Cocina de autor, Platos modernos;0;3;3;;;
15927;ia_1544;Xentes;Madrid;Restaurantes;"Gallega, Pulpo; Carnes; Empanada";0;3;3;;;
5772;xi_ruta_de_la_tapa;XI Ruta de la Tapa;Málaga;Restaurantes;Tradicionales, Español, Streetfood;0;3;3;49413;;
19218;ia_5582;XIA Perfumes – IA que crea tu perfume;Madrid;Experiencias Unicas;Taller de perfumería / fragancias personalizadas;0;1;1;;;
16529;ia_2223;Xiao Long Kan Hot Pot;Madrid;Restaurantes;China / Sichuan, Hot Pot;0;3;3;;;
17278;ia_3098;Xiomaraceleste.madrid;Madrid;Compras;"Shopping en tiendas de ropa y moda, Moda infantil; Diseños únicos; Atención personalizada";0;3;3;;;
15389;ia_974;Xipe Margaritas & Cocina Mexicana;Madrid;Restaurantes;Mexicana, Tacos, Margaritas, Platos creativos;0;3;3;;;
18600;ia_5803;XKI Ski Fitness Center;Madrid;Deportes;Ski fitness;0;1;1;73173;73174;
17028;ia_2848;Xtreme Tours Madrid | Free Tour Madrid;Madrid;Eventos;Free Tour;0;3;3;;;
15549;ia_1136;Yakimanzi;Madrid;Restaurantes;Japonesa, Yakitori, Sushi;0;3;3;;;
15491;ia_1078;Yakiniku Rikyu;Madrid;Restaurantes;"Japonesa; Coreana, Parrilla japonesa";0;3;3;;;
15651;ia_1245;Yakiniku Shogun;Madrid;Restaurantes;Japonesa / Especializada, Carnes / Parrilla / Yakitori;0;3;3;;;
16128;ia_1747;Yakitoro;Madrid;Restaurantes;"Japonesa Fusión, Brochetas; Tapas Japonesas";0;3;3;;;
14745;ia_297;YAKITORO Reina;Madrid;Restaurantes;Japonesa, Comida Fusión, Yakitori, Brochetas;0;3;3;;;
15125;ia_709;Yan Ken Pon Sushi Ramen Sake;Madrid;Restaurantes;Japonesa, Sushi | Ramen | Onigiri | Sashimi;0;3;3;;;
14831;ia_405;Yantar Sidrería Gastronómica;Madrid;Restaurantes;Asturiana, Sidra, Cachopo, Fabada;0;3;3;;;
4332;yatai_market;Yatai Market;Madrid;Restaurantes;Trendy, Japonés, Chino, Coreano, Tailandes, Streetfood;0;4;4;37126;37130;37123,37124,37125,37127,37128,37129,37131
16994;ia_2813;Yelmo Cines Plenilunio;Madrid;Eventos;Cine;0;3;3;;;
15318;ia_903;Ygf Malatang - Madrid;Madrid;Restaurantes;China, Malatang, Hot pot;0;3;3;;;
3513;yhi_spa;YHI SPA;Punta Cana;Compras;Para ti;0;4;4;22719;22724;22718,22720,22721,22722,22723,22725,22727
16460;ia_2131;Yi Jiang Nan;Madrid;Restaurantes;China (Jiangnan), Chino • Dim sum;0;3;3;;;
15374;ia_959;Ying's Gastronomy;Madrid;Restaurantes;China, Platos fusión, Cocina creativa;0;3;3;;;
15095;ia_679;Yndigo;Madrid;Restaurantes;Internacional, Desayunos y Brunch;0;3;3;;;
18473;ia_5665;Yoga Calma;Madrid;Wellness;Centro de yoga;0;1;1;;;
18541;ia_5734;Yogaconmigo;Madrid;Wellness;Yoga;0;1;1;;;
18642;ia_5845;Yogaconmigo;Madrid;Deportes;Yoga;0;1;1;73171;73170;
15446;ia_1031;Yolauri Gastrobar;Madrid;Restaurantes;Peruana, Internacional, Ceviches, Anticuchos, Platos fusión;0;3;3;74266;74264;74263,74265
1496;yolo_music_fest;Yolo Music Fest;Madrid;Fiesta;Festivales, Comercial, Reggeaton, Otro;1;4;1;12320;12322;12321,12323,12324,12325
3332;yopo_tiki_bar;Yopo Tiki Bar;Punta Cana;Fiesta;Bares de copas;0;4;4;21665;21663;21661,21662,21664,21666,21667,21668,21669,21670
14749;ia_303;Yorokobi;Madrid;Restaurantes;Japonesa, Sushi, Menú diario;0;3;3;;;
16620;ia_2342;You&Me;Madrid;Nightlife;Gay lounge;0;3;3;;;
14962;younique_arts_club_at_only_you_boutique_hotel;YOUNIQUE Arts Club at Only YOU Boutique Hotel;Madrid;Restaurantes;Mediterranea, Gourmet;0;4;4;74669;74670;74671,74672,74673
1887;yuba;Yubá;Málaga;Restaurantes;Top, Español, Restaurantes;0;1;3;19678;19677;19675,19676
5788;yugo_de_bunker_;Yugo de Bunker ;Madrid;Restaurantes;Top, Trendy;0;3;3;49532;49533;49534,49535,49536
14773;ia_337;Yum House;Madrid;Restaurantes;Asiática, Comida Fusión, Ramen, Baos;0;3;3;;;
14748;ia_302;Yuro;Madrid;Restaurantes;Japonesa, Comida Fusión, Alta cocina japonesa;0;3;3;;;
18516;ia_5709;Yuss Barber;Madrid;Wellness;Barbería;0;1;1;;;
16535;ia_2235;Zaatar;Madrid;Restaurantes;Casual Dining, Oriente Medio / Mediterránea;0;3;3;;;
16628;ia_2350;ZAFYRO Cocktail Experience;Madrid;Nightlife;Coctelería moderna;0;3;3;;;
15879;ia_1493;Zalacaín;Madrid;Restaurantes;Española, Alta cocina, Cocina tradicional;0;3;3;;;
17333;ia_3154;Zara;Madrid;Compras;"Ropa y accesorios, Moda rápida; Amplia colección; Tienda flagship";0;3;3;;;
1512;zarro;Zarro;Madrid;Compras;Marcas y Productos Locales, Gatronomía, Gastronomía;0;4;4;13252;13250;13248,13249,13251
17657;ia_3486;ZAZA – ZK Fitwear;Madrid;Compras;Tiendas de deporte, Diseño deportivo, ropa técnica, colección femenina;0;3;3;;;
754;zecchini;Zecchini;Madrid;Compras;Marcas y Productos Locales;0;4;4;16974;16975;
15240;ia_825;Zen;Madrid;Restaurantes;Japonesa, Sushi, Fusión, Mediterránea;0;3;3;;;
16274;ia_1893;Zen Bowl;Madrid;Restaurantes;"Healthy, Bowls; Smoothies";0;3;3;;;
17389;ia_3210;Zenith;Madrid;Compras;"Joyería y relojería de lujo, Relojes de precisión; Cronógrafos icónicos; Estilo suizo";0;3;3;;;
1527;zenith;Zenith;Madrid;Fiesta;Discotecas;1;4;3;13607;13606;13605,13608
4360;zenith_brunch_y_cocktails;Zenith Brunch & Cocktails;Madrid;Restaurantes;Trendy, Low cost, Americano, Restaurantes;0;4;4;38421;38422;38419,38420,38423
4398;zentro_urban_yoga;Zentro Urban Yoga;Madrid;Compras;Para ti, Otro;0;4;4;39233;39242;39231,39234,39235,39236,39237,39238,39239,39240,39241,39243
817;zentro_urban_yoga_;Zentro Urban Yoga ;Madrid;Compras;Para ti;0;4;4;14995;14996;14997,39244,39245,39246,39247
4417;zentro_urban_yogaa;Zentro Urban Yogaa;Madrid;Compras;Para ti;1;4;4;39293;39290;39288,39289,39291,39292
16983;ia_2802;Zero Latency Madrid;Madrid;Eventos;Experiencia VR;0;3;3;;;
4121;zest_madrid;Zest Madrid;Madrid;Restaurantes;Trendy, Español, Italiano, Mexicano, Fusión, Restaurantes;0;4;4;35373;35365;35367,35368,35369,35370,35371,35372,35374
458;zielo;Zielo;Madrid;Compras;Centros comerciales;0;4;4;15445;15446;15447,15448
203;zielou;Zielou;Madrid;Fiesta, Restaurantes;Bares de copas, Trendy, Con terraza, Mediterranea, Bares y Pubs;0;4;4;16998;17003;16999,17000,17001,17002,17005
14902;ia_480;Zingara - Madrid;Madrid;Restaurantes;Mediterránea, Comida Fusión, Tapas, Cócteles;0;3;3;;;
18482;ia_5675;ZOE Tattoo Studio;Madrid;Wellness;Estudio de tatuajes;0;1;1;;;
1254;zoho_beach_club;Zoho Beach Club;Punta Cana;Restaurantes;Tradicionales, Español, Mediterranea;0;4;4;18024;18025;18026,18027,18028,18029,18030,18031,18032,18033
303;zoo_aquarium_de_madrid;Zoo aquárium de Madrid;Madrid;Ocio y eventos;Parques Temáticos;0;4;4;16513;16514;16515,16517,16518
16549;ia_2257;Zorro Eats;Madrid;Restaurantes;Oriente Medio / Mediterránea, Street Food / Shawarma;0;3;3;;;
1487;zouk_hotel;Zouk Hotel;Madrid;Alojamiento;Hoteles, Spa;1;4;4;12139;12138;12129,12130,12131,12132,12133,12134,12135,12136,12137
15483;ia_1070;Zuara;Madrid;Restaurantes;"Japonesa, Sushi; Omakase; Sake";0;3;3;;;
16534;ia_2234;ZUJI Madrid;Madrid;Restaurantes;Casual Dining, China / Asian Street Food;0;3;3;;;
15208;ia_793;Zuma Madrid;Madrid;Restaurantes;Española, Sushi | Tempura | Parrillada/BBQ;0;3;3;;;
18555;ia_5757;¡Descubre Madrid jugando! Juego de escape - El Misterio;Madrid;Deportes;Escape Room Urbano;0;1;1;73167;73165;
18558;ia_5761;¡Descubre Madrid jugando! Juego de escape - El Misterio;Madrid;Deportes;Escape Room Urbano;0;1;1;;;
18237;ia_4310;¡Intenta encontrar tu mejor que nosotros! Servicio de traslado al aeropuerto de Madrid HTL-APT (MAD);Madrid;Arte y Cultura;Museo de historia, Museo del Automovilismo, coches de carreras, velocidad;0;3;3;;;
15009;ia_593;¡Qué Fuerte!;Madrid;Restaurantes;Mediterranea, Parrillada/BBQ;0;3;3;;;
15376;ia_961;¡Tu! Pasta;Madrid;Restaurantes;Italiana, Pasta fresca, Platos italianos;0;3;3;;;
1196;¡what_a_woman!_en_madrid;¡What a Woman! en Madrid;Madrid;Ocio y eventos;;0;4;3;17421;17422;17423,17424
17292;ia_3113;꧁ HOPS - Joyería personalizada con alma ꧂;Madrid;Compras;"Joyerías y relojerías, Joyería artesanal; Diseños personalizados; Piezas con alma";0;3;3;;;